Cover No,Cover,Document Type,Description,Organisation Chain,Tender Reference Number,Tender ID,Withdrawal Allowed,Tender Type,Form of contract,Tender Category,No. of Covers,General Technical Evaluation Allowed,ItemWise Technical Evaluation Allowed,Payment Mode,Is Multi Currency Allowed For BOQ,Is Multi Currency Allowed For Fee,Allow Two Stage Bidding,Publish Date,Bid Opening Date,Document Download / Sale Start Date,Document Download / Sale End Date,Clarification Start Date,Clarification End Date,Bid Submission Start Date,Bid Submission End Date,S.No,Corrigendum Title,Corrigendum Type,View,EMD Amount in ₹,EMD Exemption Allowed,EMD Fee Type,EMD Percentage,EMD Payable To,EMD Payable At,Name,Address,S.No.1,Bank Name,Title,Work Description,Pre Qualification Details,Independent External Monitor/Remarks,Tender Value in ₹,Product Category,Sub category,Contract Type,Bid Validity(Days),Period Of Work(Days),Location,Pincode,Pre Bid Meeting Place,Pre Bid Meeting Address,Pre Bid Meeting Date,Bid Opening Place,Should Allow NDA Tender,Allow Preferential Bidder,Tender Fee in ₹,Fee Payable To,Fee Payable At,Tender Fee Exemption Allowed,Tender Stage,Type :,Summary :,Updated By :,Updated On :,Document :,S.No,Bid Number,Bidder Name,Submitted Date,Status,Remarks,Status Updated On,Committee Chairperson/Co-ordinator Name :,Committee Chairperson/Co-ordinator Type :,Committee Members :,Updated By :.1,Updated On :.1,Document :.1,Contract Date :,Total Contract Value :,Work Completion Period in days :,Updated By :.2,Updated on :,AOC document :,AOC Description :,S.No.1,Bid Number.1,Bidder Name.1,Awarded Currency,Awarded Value,Committee Chairperson/Co-ordinator Name :.1,Committee Chairperson/Co-ordinator Type :.1,Committee Members :.1,Updated By :.3,Updated on :.1,Document :.2,Organisation Chain :,Tender ID :,Tender Ref No :,Tender Title :,Tender Stage
1.0,Fee/PreQual/Technical/Finance,.pdf,Signed Bid Document,Principal Secretary- P and RD- Assam Secretariat||Commissioner- P and RD- PNRD,E-326077I/1162983/2025,2025_PNRD_45535_1,Yes,Open Tender,Empanelment,Services,1.0,No,No,Online,No,No,No,17-Jul-2025 03:00 PM,02-Sep-2025 01:00 PM,17-Jul-2025 03:00 PM,02-Sep-2025 11:00 AM,NA ,NA ,25-Jul-2025 11:00 AM,02-Sep-2025 11:00 AM,1.0,CORRIGENDUM II,Date,,0.0,No,fixed,,Nil,Nil,Commissioner,"Commissionerate of Panchayat and Rural Development, Panjabari, Guwahati-781037, Assam",1.0,SBI Bank,Request for Proposal for Selection and Empanelment of Training Providers for providing Rural Mason Training under Pradhan Mantri Awaas Yojana-Gramin in Assam,Request for Proposal for Selection and Empanelment of Training Providers for providing Rural Mason Training under Pradhan Mantri Awaas Yojana-Gramin in Assam,Please refer Tender documents. ,NA ,,Miscellaneous Services,NA ,Empanelment,180.0,365.0,Assam,781037.0,Commissionerate of Panchayat and Rural Development ,"Panjabari, Guwahati-781037, Assam ",22-Jul-2025 03:00 PM ,Commissionerate of Panchayat and Rural Development,No ,No,"6,000",Nil,Nil,Yes,AOC,Finance,As per BOS.,Dhrubajyoti Nath,02-Sep-2025 02:40 PM,finance_72430.pdf,1,279340,ADARSH SARASWATI MAHILA SHIKSHA EVAM GRAMIN VIKAS SAMITI,02-Sep-2025 10:48 AM,Rejected-Technical,Bid criteria have not been met,30-Dec-2025 06:08 PM,Dhrubajyoti Nath,Internal,"Nilotpal Misra, Ranjit Das, Chandrani Bortamuly, Ranjit Goswami, Ashok Kumar Bhattarai",Bibekananda Sonowal,30-Dec-2025 06:08 PM,techsummary_72430.pdf (877.28 KB),30-Dec-2025,INR 53.9,365.0,Bibekananda Sonowal,30-Dec-2025 07:07 PM,EmpanelmentOrderDecember2025TPs.pdf (403.00 KB),EMPANELMENT ORDER,1.0,279329.0,JANHIT SANSKRITIK KALA KENDRA,INR,53.9,Dhrubajyoti Nath,Internal,"Nilotpal Misra, Ranjit Das, Chandrani Bortamuly Ranjit Goswami, Ashok Kumar Bhattarai",Bibekananda Sonowal,30-Dec-2025 06:31 PM,finsummary_72430.pdf (326.21 KB),Principal Secretary- P and RD- Assam Secretariat||Commissioner- P and RD- PNRD,2025_PNRD_45535_1,E-326077I/1162983/2025,Request for Proposal for Selection and Empanelment of Training Providers for providing Rural Mason Training under Pradhan Mantri Awaas Yojana-Gramin in Assam,AOC
,,.pdf,"Technical Document-Annexure A,B,C,F,G",,,,,,,,,,,,,,,,,,,,,,,,,,,,,,,,,,,,,,,,,,,,,,,,,,,,,,,,,,,AOC,,,,,,2,273831,ADEPTINFOSYS CONSULTANCY PRIVATE LIMITED,31-Aug-2025 09:07 AM,Accepted-AOC,Work order allotted according to number of V.4 trainers submitted by the TPs in the bid documents.,30-Dec-2025 07:08 PM,,,,,,,,,,,,,,2.0,279316.0,Aryavrat skills Private Limited,INR,53.9,,,,,,,,,,,AOC
,,.pdf,"Technical Document-Annexure H,I",,,,,,,,,,,,,,,,,,,,,,,,,,,,,,,,,,,,,,,,,,,,,,,,,,,,,,,,,,,AOC,,,,,,3,274329,ADITYA CHARITABLE TRUST,02-Sep-2025 08:32 AM,Accepted-AOC,Work order allotted according to number of V.4 trainers submitted by the TPs in the bid documents.,30-Dec-2025 07:08 PM,,,,,,,,,,,,,,3.0,277341.0,Ajitaaksh Ventures Pvt Ltd,INR,53.9,,,,,,,,,,,AOC
,,.pdf,"Technical Document-Annexure D,E",,,,,,,,,,,,,,,,,,,,,,,,,,,,,,,,,,,,,,,,,,,,,,,,,,,,,,,,,,,AOC,,,,,,4,277341,Ajitaaksh Ventures Pvt Ltd,18-Aug-2025 03:41 PM,Accepted-AOC,Work order allotted according to number of V.4 trainers submitted by the TPs in the bid documents.,30-Dec-2025 07:08 PM,,,,,,,,,,,,,,4.0,277326.0,JAZZY,INR,53.9,,,,,,,,,,,AOC
,,.pdf,Additional Technical Documents,,,,,,,,,,,,,,,,,,,,,,,,,,,,,,,,,,,,,,,,,,,,,,,,,,,,,,,,,,,AOC,,,,,,5,277361,ANCHAL TECHNOVATIONS PRIVATE LIMITED,30-Aug-2025 12:48 PM,Rejected-Technical,Bid criteria have not been met,30-Dec-2025 06:08 PM,,,,,,,,,,,,,,5.0,277131.0,NRDS Management Private Limited,INR,53.9,,,,,,,,,,,AOC
,,,,,,,,,,,,,,,,,,,,,,,,,,,,,,,,,,,,,,,,,,,,,,,,,,,,,,,,,,,,,,AOC,,,,,,6,275000,Anurag Foundation,07-Aug-2025 12:31 PM,Accepted-AOC,Work order allotted according to number of V.4 trainers submitted by the TPs in the bid documents.,30-Dec-2025 07:08 PM,,,,,,,,,,,,,,6.0,277129.0,Samarpan Sewa Samiti Samarth Desh Samridh Desh,INR,53.9,,,,,,,,,,,AOC
,,,,,,,,,,,,,,,,,,,,,,,,,,,,,,,,,,,,,,,,,,,,,,,,,,,,,,,,,,,,,,AOC,,,,,,7,276406,APITCO LTD,18-Aug-2025 01:36 PM,Rejected-Technical,Bid criteria have not been met,30-Dec-2025 06:08 PM,,,,,,,,,,,,,,7.0,277068.0,Right Foundation,INR,53.9,,,,,,,,,,,AOC
,,,,,,,,,,,,,,,,,,,,,,,,,,,,,,,,,,,,,,,,,,,,,,,,,,,,,,,,,,,,,,AOC,,,,,,8,279316,Aryavrat skills Private Limited,02-Sep-2025 01:56 AM,Accepted-AOC,Work order allotted according to number of V.4 trainers submitted by the TPs in the bid documents.,30-Dec-2025 07:08 PM,,,,,,,,,,,,,,8.0,276569.0,Samarth Samarpan Seva Samiti,INR,53.9,,,,,,,,,,,AOC
,,,,,,,,,,,,,,,,,,,,,,,,,,,,,,,,,,,,,,,,,,,,,,,,,,,,,,,,,,,,,,AOC,,,,,,9,274889,Basix academy for building lifelong employability limited,18-Aug-2025 01:15 PM,Accepted-AOC,Work order allotted according to number of V.4 trainers submitted by the TPs in the bid documents.,30-Dec-2025 07:08 PM,,,,,,,,,,,,,,9.0,276441.0,Rohstoffe International Private Limited,INR,53.9,,,,,,,,,,,AOC
,,,,,,,,,,,,,,,,,,,,,,,,,,,,,,,,,,,,,,,,,,,,,,,,,,,,,,,,,,,,,,AOC,,,,,,10,274224,Bhaskar Foundadtion,14-Aug-2025 04:30 PM,Accepted-AOC,Work order allotted according to number of V.4 trainers submitted by the TPs in the bid documents.,30-Dec-2025 07:08 PM,,,,,,,,,,,,,,10.0,276302.0,Jeevan Care Foundation,INR,53.9,,,,,,,,,,,AOC
,,,,,,,,,,,,,,,,,,,,,,,,,,,,,,,,,,,,,,,,,,,,,,,,,,,,,,,,,,,,,,AOC,,,,,,11,274877,Darpan,18-Aug-2025 02:22 PM,Accepted-AOC,Work order allotted according to number of V.4 trainers submitted by the TPs in the bid documents.,30-Dec-2025 07:08 PM,,,,,,,,,,,,,,11.0,275000.0,Anurag Foundation,INR,53.9,,,,,,,,,,,AOC
,,,,,,,,,,,,,,,,,,,,,,,,,,,,,,,,,,,,,,,,,,,,,,,,,,,,,,,,,,,,,,AOC,,,,,,12,277362,eSkilltech Development services,23-Aug-2025 11:48 AM,Rejected-Technical,Bid criteria have not been met,30-Dec-2025 06:08 PM,,,,,,,,,,,,,,12.0,274897.0,Padmaranjeeta Education Trust,INR,53.9,,,,,,,,,,,AOC
,,,,,,,,,,,,,,,,,,,,,,,,,,,,,,,,,,,,,,,,,,,,,,,,,,,,,,,,,,,,,,AOC,,,,,,13,273269,GNG SKILLS DEVELOPERS PRIVATE LIMITED,01-Sep-2025 03:16 PM,Accepted-AOC,Work order allotted according to number of V.4 trainers submitted by the TPs in the bid documents.,30-Dec-2025 07:08 PM,,,,,,,,,,,,,,13.0,274889.0,Basix academy for building lifelong employability limited,INR,53.9,,,,,,,,,,,AOC
,,,,,,,,,,,,,,,,,,,,,,,,,,,,,,,,,,,,,,,,,,,,,,,,,,,,,,,,,,,,,,AOC,,,,,,14,274167,Hindustan Latex Family Planning Promotion Trust (HLFPPT),05-Aug-2025 11:40 AM,Rejected-Technical,Bid criteria have not been met,30-Dec-2025 06:08 PM,,,,,,,,,,,,,,14.0,274877.0,Darpan,INR,53.9,,,,,,,,,,,AOC
,,,,,,,,,,,,,,,,,,,,,,,,,,,,,,,,,,,,,,,,,,,,,,,,,,,,,,,,,,,,,,AOC,,,,,,15,276139,ICA EDU SKILLS PVT. LTD.,12-Aug-2025 06:55 PM,Rejected-Technical,Bid criteria have not been met,30-Dec-2025 06:08 PM,,,,,,,,,,,,,,15.0,274823.0,Shri Technologies (India) LLP,INR,53.9,,,,,,,,,,,AOC
,,,,,,,,,,,,,,,,,,,,,,,,,,,,,,,,,,,,,,,,,,,,,,,,,,,,,,,,,,,,,,AOC,,,,,,16,279329,JANHIT SANSKRITIK KALA KENDRA,02-Sep-2025 10:40 AM,Accepted-AOC,Work order allotted according to number of V.4 trainers submitted by the TPs in the bid documents.,30-Dec-2025 07:08 PM,,,,,,,,,,,,,,16.0,274769.0,SUSHILA FOUNDATION FOR AGRICALTURAL & RURAL DEVELOPMENT,INR,53.9,,,,,,,,,,,AOC
,,,,,,,,,,,,,,,,,,,,,,,,,,,,,,,,,,,,,,,,,,,,,,,,,,,,,,,,,,,,,,AOC,,,,,,17,277326,JAZZY,01-Sep-2025 07:27 PM,Accepted-AOC,Work order allotted according to number of V.4 trainers submitted by the TPs in the bid documents.,30-Dec-2025 07:08 PM,,,,,,,,,,,,,,17.0,274764.0,SALTLAKE INSTITUTE OF ENGINEERING AND MANAGEMENT LIMITED,INR,53.9,,,,,,,,,,,AOC
,,,,,,,,,,,,,,,,,,,,,,,,,,,,,,,,,,,,,,,,,,,,,,,,,,,,,,,,,,,,,,AOC,,,,,,18,276302,Jeevan Care Foundation,01-Sep-2025 07:12 PM,Accepted-AOC,Work order allotted according to number of V.4 trainers submitted by the TPs in the bid documents.,30-Dec-2025 07:08 PM,,,,,,,,,,,,,,18.0,274414.0,Pipal Tree Ventures Private Limited,INR,53.9,,,,,,,,,,,AOC
,,,,,,,,,,,,,,,,,,,,,,,,,,,,,,,,,,,,,,,,,,,,,,,,,,,,,,,,,,,,,,AOC,,,,,,19,275062,Maya Jan Vikas Seva Sansthan,13-Aug-2025 01:09 PM,Rejected-Technical,Bid criteria have not been met,30-Dec-2025 06:08 PM,,,,,,,,,,,,,,19.0,274329.0,ADITYA CHARITABLE TRUST,INR,53.9,,,,,,,,,,,AOC
,,,,,,,,,,,,,,,,,,,,,,,,,,,,,,,,,,,,,,,,,,,,,,,,,,,,,,,,,,,,,,AOC,,,,,,20,274289,Merapath Education Limited,01-Sep-2025 06:17 PM,Accepted-AOC,Work order allotted according to number of V.4 trainers submitted by the TPs in the bid documents.,30-Dec-2025 07:08 PM,,,,,,,,,,,,,,20.0,274289.0,Merapath Education Limited,INR,53.9,,,,,,,,,,,AOC
,,,,,,,,,,,,,,,,,,,,,,,,,,,,,,,,,,,,,,,,,,,,,,,,,,,,,,,,,,,,,,AOC,,,,,,21,277334,Modern Education System and Social Welfare Society,02-Sep-2025 05:14 AM,Rejected-Technical,Bid criteria have not been met,30-Dec-2025 06:08 PM,,,,,,,,,,,,,,21.0,274224.0,Bhaskar Foundadtion,INR,53.9,,,,,,,,,,,AOC
,,,,,,,,,,,,,,,,,,,,,,,,,,,,,,,,,,,,,,,,,,,,,,,,,,,,,,,,,,,,,,AOC,,,,,,22,274327,NIFA INFOCOMP SERVICES PVT. LTD,17-Aug-2025 11:25 AM,Rejected-Technical,Bid criteria have not been met,30-Dec-2025 06:08 PM,,,,,,,,,,,,,,22.0,274027.0,SUSHIL BAHUUDDESHIYA SHIKSHAN SANSTHA,INR,53.9,,,,,,,,,,,AOC
,,,,,,,,,,,,,,,,,,,,,,,,,,,,,,,,,,,,,,,,,,,,,,,,,,,,,,,,,,,,,,AOC,,,,,,23,277279,NISTHA,18-Aug-2025 12:09 PM,Rejected-Technical,Bid criteria have not been met,30-Dec-2025 06:08 PM,,,,,,,,,,,,,,23.0,273831.0,ADEPTINFOSYS CONSULTANCY PRIVATE LIMITED,INR,53.9,,,,,,,,,,,AOC
,,,,,,,,,,,,,,,,,,,,,,,,,,,,,,,,,,,,,,,,,,,,,,,,,,,,,,,,,,,,,,AOC,,,,,,24,273823,NITANAND SHIKSHA SAMITI,04-Aug-2025 03:06 PM,Rejected-Technical,Bid criteria have not been met,30-Dec-2025 06:08 PM,,,,,,,,,,,,,,24.0,273293.0,QUIVAN SKILL EMPOWERMENT PVT. LTD.,INR,53.9,,,,,,,,,,,AOC
,,,,,,,,,,,,,,,,,,,,,,,,,,,,,,,,,,,,,,,,,,,,,,,,,,,,,,,,,,,,,,AOC,,,,,,25,277131,NRDS Management Private Limited,16-Aug-2025 11:07 PM,Accepted-AOC,Work order allotted according to number of V.4 trainers submitted by the TPs in the bid documents.,30-Dec-2025 07:08 PM,,,,,,,,,,,,,,25.0,273269.0,GNG SKILLS DEVELOPERS PRIVATE LIMITED,INR,53.9,,,,,,,,,,,AOC
,,,,,,,,,,,,,,,,,,,,,,,,,,,,,,,,,,,,,,,,,,,,,,,,,,,,,,,,,,,,,,AOC,,,,,,26,274897,Padmaranjeeta Education Trust,02-Sep-2025 09:15 AM,Accepted-AOC,Work order allotted according to number of V.4 trainers submitted by the TPs in the bid documents.,30-Dec-2025 07:08 PM,,,,,,,,,,,,,,,,,,,,,,,,,,,,,AOC
,,,,,,,,,,,,,,,,,,,,,,,,,,,,,,,,,,,,,,,,,,,,,,,,,,,,,,,,,,,,,,AOC,,,,,,27,274414,Pipal Tree Ventures Private Limited,30-Aug-2025 12:20 PM,Accepted-AOC,Work order allotted according to number of V.4 trainers submitted by the TPs in the bid documents.,30-Dec-2025 07:08 PM,,,,,,,,,,,,,,,,,,,,,,,,,,,,,AOC
,,,,,,,,,,,,,,,,,,,,,,,,,,,,,,,,,,,,,,,,,,,,,,,,,,,,,,,,,,,,,,AOC,,,,,,28,276124,Prabhodita Services India Pvt Ltd,12-Aug-2025 04:53 PM,Rejected-Technical,Bid criteria have not been met,30-Dec-2025 06:08 PM,,,,,,,,,,,,,,,,,,,,,,,,,,,,,AOC
,,,,,,,,,,,,,,,,,,,,,,,,,,,,,,,,,,,,,,,,,,,,,,,,,,,,,,,,,,,,,,AOC,,,,,,29,273293,QUIVAN SKILL EMPOWERMENT PVT. LTD.,18-Aug-2025 03:45 PM,Accepted-AOC,Work order allotted according to number of V.4 trainers submitted by the TPs in the bid documents.,30-Dec-2025 07:08 PM,,,,,,,,,,,,,,,,,,,,,,,,,,,,,AOC
,,,,,,,,,,,,,,,,,,,,,,,,,,,,,,,,,,,,,,,,,,,,,,,,,,,,,,,,,,,,,,AOC,,,,,,30,274145,Ranchi Security Private Limited,05-Aug-2025 04:05 PM,Rejected-Technical,Bid criteria have not been met,30-Dec-2025 06:08 PM,,,,,,,,,,,,,,,,,,,,,,,,,,,,,AOC
,,,,,,,,,,,,,,,,,,,,,,,,,,,,,,,,,,,,,,,,,,,,,,,,,,,,,,,,,,,,,,AOC,,,,,,31,277068,Right Foundation,01-Sep-2025 07:58 PM,Accepted-AOC,Work order allotted according to number of V.4 trainers submitted by the TPs in the bid documents.,30-Dec-2025 07:08 PM,,,,,,,,,,,,,,,,,,,,,,,,,,,,,AOC
,,,,,,,,,,,,,,,,,,,,,,,,,,,,,,,,,,,,,,,,,,,,,,,,,,,,,,,,,,,,,,AOC,,,,,,32,276441,Rohstoffe International Private Limited,13-Aug-2025 05:40 PM,Accepted-AOC,Work order allotted according to number of V.4 trainers submitted by the TPs in the bid documents.,30-Dec-2025 07:08 PM,,,,,,,,,,,,,,,,,,,,,,,,,,,,,AOC
,,,,,,,,,,,,,,,,,,,,,,,,,,,,,,,,,,,,,,,,,,,,,,,,,,,,,,,,,,,,,,AOC,,,,,,33,274764,SALTLAKE INSTITUTE OF ENGINEERING AND MANAGEMENT LIMITED,13-Aug-2025 01:04 PM,Accepted-AOC,Work order allotted according to number of V.4 trainers submitted by the TPs in the bid documents.,30-Dec-2025 07:08 PM,,,,,,,,,,,,,,,,,,,,,,,,,,,,,AOC
,,,,,,,,,,,,,,,,,,,,,,,,,,,,,,,,,,,,,,,,,,,,,,,,,,,,,,,,,,,,,,AOC,,,,,,34,277129,Samarpan Sewa Samiti Samarth Desh Samridh Desh,18-Aug-2025 01:20 PM,Accepted-AOC,Work order allotted according to number of V.4 trainers submitted by the TPs in the bid documents.,30-Dec-2025 07:08 PM,,,,,,,,,,,,,,,,,,,,,,,,,,,,,AOC
,,,,,,,,,,,,,,,,,,,,,,,,,,,,,,,,,,,,,,,,,,,,,,,,,,,,,,,,,,,,,,AOC,,,,,,35,276569,Samarth Samarpan Seva Samiti,16-Aug-2025 08:27 PM,Accepted-AOC,Work order allotted according to number of V.4 trainers submitted by the TPs in the bid documents.,30-Dec-2025 07:08 PM,,,,,,,,,,,,,,,,,,,,,,,,,,,,,AOC
,,,,,,,,,,,,,,,,,,,,,,,,,,,,,,,,,,,,,,,,,,,,,,,,,,,,,,,,,,,,,,AOC,,,,,,36,274823,Shri Technologies (India) LLP,07-Aug-2025 03:36 PM,Accepted-AOC,Work order allotted according to number of V.4 trainers submitted by the TPs in the bid documents.,30-Dec-2025 07:08 PM,,,,,,,,,,,,,,,,,,,,,,,,,,,,,AOC
,,,,,,,,,,,,,,,,,,,,,,,,,,,,,,,,,,,,,,,,,,,,,,,,,,,,,,,,,,,,,,AOC,,,,,,37,274738,Skill Setu & HR Consultancy Private Limited,14-Aug-2025 01:47 PM,Rejected-Technical,Bid criteria have not been met,30-Dec-2025 06:08 PM,,,,,,,,,,,,,,,,,,,,,,,,,,,,,AOC
,,,,,,,,,,,,,,,,,,,,,,,,,,,,,,,,,,,,,,,,,,,,,,,,,,,,,,,,,,,,,,AOC,,,,,,38,275107,Skills Root Edu Tech Consulting India Pvt. Ltd.,18-Aug-2025 01:45 PM,Rejected-Technical,Bid criteria have not been met,30-Dec-2025 06:08 PM,,,,,,,,,,,,,,,,,,,,,,,,,,,,,AOC
,,,,,,,,,,,,,,,,,,,,,,,,,,,,,,,,,,,,,,,,,,,,,,,,,,,,,,,,,,,,,,AOC,,,,,,39,274769,SUSHILA FOUNDATION FOR AGRICALTURAL & RURAL DEVELOPMENT,06-Aug-2025 05:44 PM,Accepted-AOC,Work order allotted according to number of V.4 trainers submitted by the TPs in the bid documents.,30-Dec-2025 07:08 PM,,,,,,,,,,,,,,,,,,,,,,,,,,,,,AOC
,,,,,,,,,,,,,,,,,,,,,,,,,,,,,,,,,,,,,,,,,,,,,,,,,,,,,,,,,,,,,,AOC,,,,,,40,274027,SUSHIL BAHUUDDESHIYA SHIKSHAN SANSTHA,30-Aug-2025 08:23 PM,Accepted-AOC,Work order allotted according to number of V.4 trainers submitted by the TPs in the bid documents.,30-Dec-2025 07:08 PM,,,,,,,,,,,,,,,,,,,,,,,,,,,,,AOC
,,,,,,,,,,,,,,,,,,,,,,,,,,,,,,,,,,,,,,,,,,,,,,,,,,,,,,,,,,,,,,AOC,,,,,,41,275423,Valeur Fabtex Private Limited,01-Sep-2025 12:10 PM,Rejected-Technical,Bid criteria have not been met,30-Dec-2025 06:08 PM,,,,,,,,,,,,,,,,,,,,,,,,,,,,,AOC
,,,,,,,,,,,,,,,,,,,,,,,,,,,,,,,,,,,,,,,,,,,,,,,,,,,,,,,,,,,,,,AOC,,,,,,42,277306,VISIONARY KNOWLEDGE AND MANAGEMENT SERVICES PRIVATE LIMITED,18-Aug-2025 12:55 PM,Rejected-Technical,Bid criteria have not been met,30-Dec-2025 06:08 PM,,,,,,,,,,,,,,,,,,,,,,,,,,,,,AOC
