Animal_Affected_Small,object_id,timeperiod
0.0,18-300-00101,2022_08
0.0,18-300-00102,2022_08
0.0,18-300-00103,2022_08
0.0,18-300-00104,2022_08
0.0,18-300-00105,2022_08
0.0,18-301-00109,2022_08
0.0,18-301-00110,2022_08
0.0,18-301-00111,2022_08
0.0,18-301-00112,2022_08
0.0,18-301-00113,2022_08
0.0,18-301-00114,2022_08
0.0,18-302-00115,2022_08
0.0,18-302-00116,2022_08
0.0,18-302-00117,2022_08
0.0,18-302-00118,2022_08
0.0,18-302-00119,2022_08
0.0,18-303-00120,2022_08
0.0,18-303-00121,2022_08
0.0,18-303-00122,2022_08
0.0,18-303-00123,2022_08
702.0,18-799-00124,2022_08
0.0,18-304-00126,2022_08
0.0,18-304-00127,2022_08
0.0,18-304-00128,2022_08
0.0,18-304-00129,2022_08
0.0,18-305-00130,2022_08
0.0,18-305-00131,2022_08
0.0,18-305-00132,2022_08
0.0,18-305-00133,2022_08
0.0,18-305-00134,2022_08
0.0,18-305-00135,2022_08
0.0,18-305-00136,2022_08
0.0,18-306-00137,2022_08
0.0,18-306-00138,2022_08
0.0,18-306-00139,2022_08
0.0,18-306-00140,2022_08
0.0,18-307-00141,2022_08
0.0,18-307-00142,2022_08
0.0,18-307-00143,2022_08
0.0,18-307-00144,2022_08
0.0,18-307-00145,2022_08
0.0,18-307-00146,2022_08
2868.0,18-307-00147,2022_08
3213.0,18-308-00150,2022_08
0.0,18-308-00151,2022_08
0.0,18-308-00152,2022_08
27040.0,18-308-00153,2022_08
0.0,18-309-00154,2022_08
0.0,18-309-00155,2022_08
0.0,18-309-00156,2022_08
0.0,18-309-00157,2022_08
0.0,18-310-00158,2022_08
0.0,18-310-00159,2022_08
0.0,18-310-00160,2022_08
0.0,18-310-00161,2022_08
0.0,18-310-00162,2022_08
0.0,18-310-00163,2022_08
0.0,18-310-00164,2022_08
0.0,18-311-00165,2022_08
0.0,18-311-00166,2022_08
0.0,18-311-00167,2022_08
0.0,18-311-00168,2022_08
0.0,18-312-00169,2022_08
0.0,18-312-00170,2022_08
0.0,18-312-00171,2022_08
0.0,18-313-00172,2022_08
0.0,18-313-00173,2022_08
0.0,18-313-00174,2022_08
0.0,18-313-00175,2022_08
0.0,18-313-00176,2022_08
0.0,18-313-00177,2022_08
0.0,18-314-00178,2022_08
0.0,18-314-00179,2022_08
0.0,18-315-00181,2022_08
0.0,18-316-00184,2022_08
0.0,18-316-00185,2022_08
0.0,18-316-00186,2022_08
0.0,18-316-00187,2022_08
0.0,18-316-00188,2022_08
0.0,18-317-00189,2022_08
0.0,18-317-00190,2022_08
0.0,18-317-00191,2022_08
0.0,18-317-00192,2022_08
0.0,18-317-00193,2022_08
0.0,18-318-00194,2022_08
0.0,18-318-00195,2022_08
0.0,18-318-00196,2022_08
0.0,18-318-00197,2022_08
0.0,18-319-00198,2022_08
0.0,18-319-00199,2022_08
0.0,18-319-00200,2022_08
0.0,18-319-00201,2022_08
0.0,18-319-00202,2022_08
0.0,18-320-00205,2022_08
0.0,18-320-00206,2022_08
0.0,18-320-00207,2022_08
0.0,18-321-00208,2022_08
0.0,18-321-00209,2022_08
0.0,18-321-00210,2022_08
0.0,18-321-00211,2022_08
0.0,18-321-00212,2022_08
0.0,18-321-00213,2022_08
0.0,18-321-00214,2022_08
0.0,18-321-00215,2022_08
0.0,18-321-00216,2022_08
0.0,18-321-00217,2022_08
0.0,18-322-00219,2022_08
0.0,18-322-00220,2022_08
0.0,18-322-00221,2022_08
1698.0,18-323-00222,2022_08
0.0,18-323-00223,2022_08
0.0,18-323-00224,2022_08
0.0,18-323-00225,2022_08
0.0,18-323-00226,2022_08
0.0,18-323-00227,2022_08
0.0,18-323-00228,2022_08
0.0,18-323-00230,2022_08
0.0,18-324-00231,2022_08
0.0,18-324-00233,2022_08
0.0,18-324-00234,2022_08
0.0,18-325-00238,2022_08
0.0,18-325-00239,2022_08
384.0,18-326-00241,2022_08
384.0,18-326-00245,2022_08
0.0,18-326-00246,2022_08
0.0,18-326-00247,2022_08
0.0,18-755-00248,2022_08
0.0,18-756-00249,2022_08
0.0,18-756-00250,2022_08
0.0,18-756-00251,2022_08
0.0,18-757-00252,2022_08
0.0,18-757-00253,2022_08
0.0,18-757-00254,2022_08
0.0,18-759-00255,2022_08
0.0,18-758-00256,2022_08
0.0,18-758-00257,2022_08
0.0,18-816-00259,2022_08
0.0,18-324-00260,2022_08
0.0,18-816-00261,2022_08
0.0,18-324-00262,2022_08
0.0,18-303-00264,2022_08
149.0,18-799-00265,2022_08
0.0,18-303-00266,2022_08
0.0,18-326-00268,2022_08
0.0,18-325-00269,2022_08
0.0,18-325-00270,2022_08
0.0,18-304-00271,2022_08
0.0,18-321-00272,2022_08
0.0,18-321-00273,2022_08
0.0,18-314-00275,2022_08
0.0,18-312-00276,2022_08
0.0,18-312-00277,2022_08
0.0,18-755-00278,2022_08
0.0,18-755-00279,2022_08
0.0,18-760-00280,2022_08
0.0,18-760-00281,2022_08
0.0,18-300-00101,2022_09
0.0,18-300-00102,2022_09
0.0,18-300-00103,2022_09
0.0,18-300-00104,2022_09
0.0,18-300-00105,2022_09
0.0,18-301-00109,2022_09
0.0,18-301-00110,2022_09
0.0,18-301-00111,2022_09
0.0,18-301-00112,2022_09
0.0,18-301-00113,2022_09
0.0,18-301-00114,2022_09
0.0,18-302-00115,2022_09
0.0,18-302-00116,2022_09
0.0,18-302-00117,2022_09
0.0,18-302-00118,2022_09
0.0,18-302-00119,2022_09
0.0,18-303-00120,2022_09
0.0,18-303-00121,2022_09
0.0,18-303-00122,2022_09
0.0,18-303-00123,2022_09
0.0,18-799-00124,2022_09
0.0,18-304-00126,2022_09
0.0,18-304-00127,2022_09
0.0,18-304-00128,2022_09
0.0,18-304-00129,2022_09
0.0,18-305-00130,2022_09
0.0,18-305-00131,2022_09
0.0,18-305-00132,2022_09
0.0,18-305-00133,2022_09
0.0,18-305-00134,2022_09
0.0,18-305-00135,2022_09
0.0,18-305-00136,2022_09
0.0,18-306-00137,2022_09
0.0,18-306-00138,2022_09
0.0,18-306-00139,2022_09
0.0,18-306-00140,2022_09
0.0,18-307-00141,2022_09
0.0,18-307-00142,2022_09
0.0,18-307-00143,2022_09
0.0,18-307-00144,2022_09
0.0,18-307-00145,2022_09
0.0,18-307-00146,2022_09
0.0,18-307-00147,2022_09
0.0,18-308-00150,2022_09
0.0,18-308-00151,2022_09
2399.0,18-308-00152,2022_09
0.0,18-308-00153,2022_09
0.0,18-309-00154,2022_09
0.0,18-309-00155,2022_09
0.0,18-309-00156,2022_09
0.0,18-309-00157,2022_09
0.0,18-310-00158,2022_09
0.0,18-310-00159,2022_09
0.0,18-310-00160,2022_09
0.0,18-310-00161,2022_09
0.0,18-310-00162,2022_09
0.0,18-310-00163,2022_09
0.0,18-310-00164,2022_09
0.0,18-311-00165,2022_09
0.0,18-311-00166,2022_09
0.0,18-311-00167,2022_09
0.0,18-311-00168,2022_09
0.0,18-312-00169,2022_09
0.0,18-312-00170,2022_09
0.0,18-312-00171,2022_09
0.0,18-313-00172,2022_09
0.0,18-313-00173,2022_09
0.0,18-313-00174,2022_09
25.0,18-313-00175,2022_09
0.0,18-313-00176,2022_09
0.0,18-313-00177,2022_09
0.0,18-314-00178,2022_09
0.0,18-314-00179,2022_09
0.0,18-315-00181,2022_09
0.0,18-316-00184,2022_09
0.0,18-316-00185,2022_09
0.0,18-316-00186,2022_09
0.0,18-316-00187,2022_09
0.0,18-316-00188,2022_09
0.0,18-317-00189,2022_09
0.0,18-317-00190,2022_09
0.0,18-317-00191,2022_09
0.0,18-317-00192,2022_09
0.0,18-317-00193,2022_09
0.0,18-318-00194,2022_09
0.0,18-318-00195,2022_09
0.0,18-318-00196,2022_09
0.0,18-318-00197,2022_09
0.0,18-319-00198,2022_09
0.0,18-319-00199,2022_09
0.0,18-319-00200,2022_09
0.0,18-319-00201,2022_09
0.0,18-319-00202,2022_09
0.0,18-320-00205,2022_09
0.0,18-320-00206,2022_09
0.0,18-320-00207,2022_09
0.0,18-321-00208,2022_09
0.0,18-321-00209,2022_09
0.0,18-321-00210,2022_09
0.0,18-321-00211,2022_09
0.0,18-321-00212,2022_09
0.0,18-321-00213,2022_09
0.0,18-321-00214,2022_09
0.0,18-321-00215,2022_09
0.0,18-321-00216,2022_09
0.0,18-321-00217,2022_09
0.0,18-322-00219,2022_09
0.0,18-322-00220,2022_09
0.0,18-322-00221,2022_09
0.0,18-323-00222,2022_09
0.0,18-323-00223,2022_09
0.0,18-323-00224,2022_09
0.0,18-323-00225,2022_09
0.0,18-323-00226,2022_09
0.0,18-323-00227,2022_09
0.0,18-323-00228,2022_09
0.0,18-323-00230,2022_09
0.0,18-324-00231,2022_09
0.0,18-324-00233,2022_09
0.0,18-324-00234,2022_09
0.0,18-325-00238,2022_09
0.0,18-325-00239,2022_09
0.0,18-326-00241,2022_09
0.0,18-326-00245,2022_09
0.0,18-326-00246,2022_09
0.0,18-326-00247,2022_09
0.0,18-755-00248,2022_09
0.0,18-756-00249,2022_09
0.0,18-756-00250,2022_09
0.0,18-756-00251,2022_09
0.0,18-757-00252,2022_09
0.0,18-757-00253,2022_09
0.0,18-757-00254,2022_09
0.0,18-759-00255,2022_09
0.0,18-758-00256,2022_09
0.0,18-758-00257,2022_09
0.0,18-816-00259,2022_09
0.0,18-324-00260,2022_09
0.0,18-816-00261,2022_09
0.0,18-324-00262,2022_09
0.0,18-303-00264,2022_09
0.0,18-799-00265,2022_09
0.0,18-303-00266,2022_09
0.0,18-326-00268,2022_09
0.0,18-325-00269,2022_09
0.0,18-325-00270,2022_09
0.0,18-304-00271,2022_09
0.0,18-321-00272,2022_09
0.0,18-321-00273,2022_09
0.0,18-314-00275,2022_09
0.0,18-312-00276,2022_09
0.0,18-312-00277,2022_09
0.0,18-755-00278,2022_09
0.0,18-755-00279,2022_09
0.0,18-760-00280,2022_09
0.0,18-760-00281,2022_09
0.0,18-300-00101,2021_05
0.0,18-300-00102,2021_05
0.0,18-300-00103,2021_05
0.0,18-300-00104,2021_05
0.0,18-300-00105,2021_05
0.0,18-301-00109,2021_05
0.0,18-301-00110,2021_05
0.0,18-301-00111,2021_05
0.0,18-301-00112,2021_05
0.0,18-301-00113,2021_05
0.0,18-301-00114,2021_05
0.0,18-302-00115,2021_05
0.0,18-302-00116,2021_05
0.0,18-302-00117,2021_05
0.0,18-302-00118,2021_05
0.0,18-302-00119,2021_05
0.0,18-303-00120,2021_05
0.0,18-303-00121,2021_05
0.0,18-303-00122,2021_05
0.0,18-303-00123,2021_05
0.0,18-799-00124,2021_05
0.0,18-304-00126,2021_05
0.0,18-304-00127,2021_05
0.0,18-304-00128,2021_05
0.0,18-304-00129,2021_05
0.0,18-305-00130,2021_05
0.0,18-305-00131,2021_05
0.0,18-305-00132,2021_05
0.0,18-305-00133,2021_05
0.0,18-305-00134,2021_05
0.0,18-305-00135,2021_05
0.0,18-305-00136,2021_05
0.0,18-306-00137,2021_05
0.0,18-306-00138,2021_05
0.0,18-306-00139,2021_05
0.0,18-306-00140,2021_05
0.0,18-307-00141,2021_05
0.0,18-307-00142,2021_05
0.0,18-307-00143,2021_05
0.0,18-307-00144,2021_05
0.0,18-307-00145,2021_05
0.0,18-307-00146,2021_05
0.0,18-307-00147,2021_05
0.0,18-308-00150,2021_05
0.0,18-308-00151,2021_05
0.0,18-308-00152,2021_05
0.0,18-308-00153,2021_05
0.0,18-309-00154,2021_05
0.0,18-309-00155,2021_05
0.0,18-309-00156,2021_05
0.0,18-309-00157,2021_05
0.0,18-310-00158,2021_05
0.0,18-310-00159,2021_05
0.0,18-310-00160,2021_05
0.0,18-310-00161,2021_05
0.0,18-310-00162,2021_05
0.0,18-310-00163,2021_05
0.0,18-310-00164,2021_05
0.0,18-311-00165,2021_05
0.0,18-311-00166,2021_05
0.0,18-311-00167,2021_05
0.0,18-311-00168,2021_05
0.0,18-312-00169,2021_05
0.0,18-312-00170,2021_05
0.0,18-312-00171,2021_05
0.0,18-313-00172,2021_05
0.0,18-313-00173,2021_05
0.0,18-313-00174,2021_05
0.0,18-313-00175,2021_05
0.0,18-313-00176,2021_05
0.0,18-313-00177,2021_05
0.0,18-314-00178,2021_05
0.0,18-314-00179,2021_05
0.0,18-315-00181,2021_05
0.0,18-316-00184,2021_05
0.0,18-316-00185,2021_05
0.0,18-316-00186,2021_05
0.0,18-316-00187,2021_05
0.0,18-316-00188,2021_05
0.0,18-317-00189,2021_05
0.0,18-317-00190,2021_05
0.0,18-317-00191,2021_05
0.0,18-317-00192,2021_05
0.0,18-317-00193,2021_05
0.0,18-318-00194,2021_05
0.0,18-318-00195,2021_05
0.0,18-318-00196,2021_05
0.0,18-318-00197,2021_05
0.0,18-319-00198,2021_05
0.0,18-319-00199,2021_05
0.0,18-319-00200,2021_05
0.0,18-319-00201,2021_05
0.0,18-319-00202,2021_05
0.0,18-320-00205,2021_05
0.0,18-320-00206,2021_05
0.0,18-320-00207,2021_05
0.0,18-321-00208,2021_05
0.0,18-321-00209,2021_05
0.0,18-321-00210,2021_05
0.0,18-321-00211,2021_05
0.0,18-321-00212,2021_05
0.0,18-321-00213,2021_05
0.0,18-321-00214,2021_05
0.0,18-321-00215,2021_05
0.0,18-321-00216,2021_05
0.0,18-321-00217,2021_05
0.0,18-322-00219,2021_05
0.0,18-322-00220,2021_05
0.0,18-322-00221,2021_05
0.0,18-323-00222,2021_05
0.0,18-323-00223,2021_05
0.0,18-323-00224,2021_05
0.0,18-323-00225,2021_05
0.0,18-323-00226,2021_05
0.0,18-323-00227,2021_05
0.0,18-323-00228,2021_05
0.0,18-323-00230,2021_05
0.0,18-324-00231,2021_05
0.0,18-324-00233,2021_05
0.0,18-324-00234,2021_05
0.0,18-325-00238,2021_05
0.0,18-325-00239,2021_05
0.0,18-326-00241,2021_05
0.0,18-326-00245,2021_05
0.0,18-326-00246,2021_05
0.0,18-326-00247,2021_05
0.0,18-755-00248,2021_05
0.0,18-756-00249,2021_05
0.0,18-756-00250,2021_05
0.0,18-756-00251,2021_05
0.0,18-757-00252,2021_05
0.0,18-757-00253,2021_05
0.0,18-757-00254,2021_05
0.0,18-759-00255,2021_05
0.0,18-758-00256,2021_05
0.0,18-758-00257,2021_05
0.0,18-816-00259,2021_05
0.0,18-324-00260,2021_05
0.0,18-816-00261,2021_05
0.0,18-324-00262,2021_05
0.0,18-303-00264,2021_05
0.0,18-799-00265,2021_05
0.0,18-303-00266,2021_05
0.0,18-326-00268,2021_05
0.0,18-325-00269,2021_05
0.0,18-325-00270,2021_05
0.0,18-304-00271,2021_05
0.0,18-321-00272,2021_05
0.0,18-321-00273,2021_05
0.0,18-314-00275,2021_05
0.0,18-312-00276,2021_05
0.0,18-312-00277,2021_05
0.0,18-755-00278,2021_05
0.0,18-755-00279,2021_05
0.0,18-760-00280,2021_05
0.0,18-760-00281,2021_05
0.0,18-300-00101,2021_10
0.0,18-300-00102,2021_10
0.0,18-300-00103,2021_10
0.0,18-300-00104,2021_10
0.0,18-300-00105,2021_10
0.0,18-301-00109,2021_10
0.0,18-301-00110,2021_10
0.0,18-301-00111,2021_10
0.0,18-301-00112,2021_10
0.0,18-301-00113,2021_10
0.0,18-301-00114,2021_10
0.0,18-302-00115,2021_10
0.0,18-302-00116,2021_10
0.0,18-302-00117,2021_10
0.0,18-302-00118,2021_10
0.0,18-302-00119,2021_10
0.0,18-303-00120,2021_10
0.0,18-303-00121,2021_10
0.0,18-303-00122,2021_10
0.0,18-303-00123,2021_10
0.0,18-799-00124,2021_10
0.0,18-304-00126,2021_10
0.0,18-304-00127,2021_10
0.0,18-304-00128,2021_10
0.0,18-304-00129,2021_10
0.0,18-305-00130,2021_10
0.0,18-305-00131,2021_10
0.0,18-305-00132,2021_10
0.0,18-305-00133,2021_10
0.0,18-305-00134,2021_10
0.0,18-305-00135,2021_10
0.0,18-305-00136,2021_10
0.0,18-306-00137,2021_10
0.0,18-306-00138,2021_10
0.0,18-306-00139,2021_10
0.0,18-306-00140,2021_10
0.0,18-307-00141,2021_10
0.0,18-307-00142,2021_10
0.0,18-307-00143,2021_10
0.0,18-307-00144,2021_10
0.0,18-307-00145,2021_10
0.0,18-307-00146,2021_10
0.0,18-307-00147,2021_10
0.0,18-308-00150,2021_10
0.0,18-308-00151,2021_10
0.0,18-308-00152,2021_10
0.0,18-308-00153,2021_10
0.0,18-309-00154,2021_10
0.0,18-309-00155,2021_10
0.0,18-309-00156,2021_10
0.0,18-309-00157,2021_10
0.0,18-310-00158,2021_10
0.0,18-310-00159,2021_10
0.0,18-310-00160,2021_10
0.0,18-310-00161,2021_10
0.0,18-310-00162,2021_10
0.0,18-310-00163,2021_10
0.0,18-310-00164,2021_10
0.0,18-311-00165,2021_10
0.0,18-311-00166,2021_10
0.0,18-311-00167,2021_10
0.0,18-311-00168,2021_10
0.0,18-312-00169,2021_10
0.0,18-312-00170,2021_10
0.0,18-312-00171,2021_10
0.0,18-313-00172,2021_10
0.0,18-313-00173,2021_10
0.0,18-313-00174,2021_10
0.0,18-313-00175,2021_10
0.0,18-313-00176,2021_10
0.0,18-313-00177,2021_10
0.0,18-314-00178,2021_10
0.0,18-314-00179,2021_10
0.0,18-315-00181,2021_10
0.0,18-316-00184,2021_10
0.0,18-316-00185,2021_10
0.0,18-316-00186,2021_10
0.0,18-316-00187,2021_10
0.0,18-316-00188,2021_10
0.0,18-317-00189,2021_10
0.0,18-317-00190,2021_10
0.0,18-317-00191,2021_10
0.0,18-317-00192,2021_10
0.0,18-317-00193,2021_10
0.0,18-318-00194,2021_10
0.0,18-318-00195,2021_10
0.0,18-318-00196,2021_10
0.0,18-318-00197,2021_10
0.0,18-319-00198,2021_10
0.0,18-319-00199,2021_10
0.0,18-319-00200,2021_10
0.0,18-319-00201,2021_10
0.0,18-319-00202,2021_10
0.0,18-320-00205,2021_10
0.0,18-320-00206,2021_10
0.0,18-320-00207,2021_10
0.0,18-321-00208,2021_10
0.0,18-321-00209,2021_10
0.0,18-321-00210,2021_10
0.0,18-321-00211,2021_10
0.0,18-321-00212,2021_10
0.0,18-321-00213,2021_10
0.0,18-321-00214,2021_10
0.0,18-321-00215,2021_10
0.0,18-321-00216,2021_10
0.0,18-321-00217,2021_10
0.0,18-322-00219,2021_10
0.0,18-322-00220,2021_10
0.0,18-322-00221,2021_10
0.0,18-323-00222,2021_10
0.0,18-323-00223,2021_10
0.0,18-323-00224,2021_10
0.0,18-323-00225,2021_10
0.0,18-323-00226,2021_10
0.0,18-323-00227,2021_10
0.0,18-323-00228,2021_10
0.0,18-323-00230,2021_10
0.0,18-324-00231,2021_10
0.0,18-324-00233,2021_10
0.0,18-324-00234,2021_10
0.0,18-325-00238,2021_10
0.0,18-325-00239,2021_10
0.0,18-326-00241,2021_10
0.0,18-326-00245,2021_10
0.0,18-326-00246,2021_10
0.0,18-326-00247,2021_10
0.0,18-755-00248,2021_10
0.0,18-756-00249,2021_10
0.0,18-756-00250,2021_10
0.0,18-756-00251,2021_10
0.0,18-757-00252,2021_10
0.0,18-757-00253,2021_10
0.0,18-757-00254,2021_10
0.0,18-759-00255,2021_10
0.0,18-758-00256,2021_10
0.0,18-758-00257,2021_10
0.0,18-816-00259,2021_10
0.0,18-324-00260,2021_10
0.0,18-816-00261,2021_10
0.0,18-324-00262,2021_10
0.0,18-303-00264,2021_10
0.0,18-799-00265,2021_10
0.0,18-303-00266,2021_10
0.0,18-326-00268,2021_10
0.0,18-325-00269,2021_10
0.0,18-325-00270,2021_10
0.0,18-304-00271,2021_10
0.0,18-321-00272,2021_10
0.0,18-321-00273,2021_10
0.0,18-314-00275,2021_10
0.0,18-312-00276,2021_10
0.0,18-312-00277,2021_10
0.0,18-755-00278,2021_10
0.0,18-755-00279,2021_10
0.0,18-760-00280,2021_10
0.0,18-760-00281,2021_10
0.0,18-300-00101,2021_06
0.0,18-300-00102,2021_06
0.0,18-300-00103,2021_06
0.0,18-300-00104,2021_06
0.0,18-300-00105,2021_06
0.0,18-301-00109,2021_06
0.0,18-301-00110,2021_06
0.0,18-301-00111,2021_06
0.0,18-301-00112,2021_06
0.0,18-301-00113,2021_06
0.0,18-301-00114,2021_06
0.0,18-302-00115,2021_06
0.0,18-302-00116,2021_06
0.0,18-302-00117,2021_06
0.0,18-302-00118,2021_06
0.0,18-302-00119,2021_06
0.0,18-303-00120,2021_06
0.0,18-303-00121,2021_06
0.0,18-303-00122,2021_06
0.0,18-303-00123,2021_06
0.0,18-799-00124,2021_06
0.0,18-304-00126,2021_06
0.0,18-304-00127,2021_06
0.0,18-304-00128,2021_06
0.0,18-304-00129,2021_06
0.0,18-305-00130,2021_06
0.0,18-305-00131,2021_06
0.0,18-305-00132,2021_06
0.0,18-305-00133,2021_06
0.0,18-305-00134,2021_06
0.0,18-305-00135,2021_06
0.0,18-305-00136,2021_06
0.0,18-306-00137,2021_06
0.0,18-306-00138,2021_06
0.0,18-306-00139,2021_06
0.0,18-306-00140,2021_06
0.0,18-307-00141,2021_06
0.0,18-307-00142,2021_06
310.0,18-307-00143,2021_06
0.0,18-307-00144,2021_06
0.0,18-307-00145,2021_06
0.0,18-307-00146,2021_06
0.0,18-307-00147,2021_06
138.0,18-308-00150,2021_06
782.0,18-308-00151,2021_06
0.0,18-308-00152,2021_06
0.0,18-308-00153,2021_06
0.0,18-309-00154,2021_06
0.0,18-309-00155,2021_06
0.0,18-309-00156,2021_06
0.0,18-309-00157,2021_06
0.0,18-310-00158,2021_06
0.0,18-310-00159,2021_06
0.0,18-310-00160,2021_06
0.0,18-310-00161,2021_06
0.0,18-310-00162,2021_06
0.0,18-310-00163,2021_06
0.0,18-310-00164,2021_06
0.0,18-311-00165,2021_06
0.0,18-311-00166,2021_06
0.0,18-311-00167,2021_06
0.0,18-311-00168,2021_06
0.0,18-312-00169,2021_06
0.0,18-312-00170,2021_06
0.0,18-312-00171,2021_06
0.0,18-313-00172,2021_06
0.0,18-313-00173,2021_06
0.0,18-313-00174,2021_06
0.0,18-313-00175,2021_06
0.0,18-313-00176,2021_06
0.0,18-313-00177,2021_06
0.0,18-314-00178,2021_06
0.0,18-314-00179,2021_06
0.0,18-315-00181,2021_06
0.0,18-316-00184,2021_06
0.0,18-316-00185,2021_06
0.0,18-316-00186,2021_06
0.0,18-316-00187,2021_06
0.0,18-316-00188,2021_06
0.0,18-317-00189,2021_06
0.0,18-317-00190,2021_06
0.0,18-317-00191,2021_06
0.0,18-317-00192,2021_06
0.0,18-317-00193,2021_06
0.0,18-318-00194,2021_06
0.0,18-318-00195,2021_06
0.0,18-318-00196,2021_06
0.0,18-318-00197,2021_06
0.0,18-319-00198,2021_06
0.0,18-319-00199,2021_06
0.0,18-319-00200,2021_06
0.0,18-319-00201,2021_06
0.0,18-319-00202,2021_06
0.0,18-320-00205,2021_06
0.0,18-320-00206,2021_06
0.0,18-320-00207,2021_06
0.0,18-321-00208,2021_06
0.0,18-321-00209,2021_06
0.0,18-321-00210,2021_06
0.0,18-321-00211,2021_06
0.0,18-321-00212,2021_06
0.0,18-321-00213,2021_06
0.0,18-321-00214,2021_06
0.0,18-321-00215,2021_06
0.0,18-321-00216,2021_06
0.0,18-321-00217,2021_06
0.0,18-322-00219,2021_06
0.0,18-322-00220,2021_06
0.0,18-322-00221,2021_06
0.0,18-323-00222,2021_06
0.0,18-323-00223,2021_06
0.0,18-323-00224,2021_06
0.0,18-323-00225,2021_06
0.0,18-323-00226,2021_06
0.0,18-323-00227,2021_06
0.0,18-323-00228,2021_06
0.0,18-323-00230,2021_06
0.0,18-324-00231,2021_06
0.0,18-324-00233,2021_06
0.0,18-324-00234,2021_06
0.0,18-325-00238,2021_06
0.0,18-325-00239,2021_06
0.0,18-326-00241,2021_06
0.0,18-326-00245,2021_06
0.0,18-326-00246,2021_06
0.0,18-326-00247,2021_06
0.0,18-755-00248,2021_06
0.0,18-756-00249,2021_06
0.0,18-756-00250,2021_06
0.0,18-756-00251,2021_06
0.0,18-757-00252,2021_06
0.0,18-757-00253,2021_06
0.0,18-757-00254,2021_06
0.0,18-759-00255,2021_06
0.0,18-758-00256,2021_06
0.0,18-758-00257,2021_06
0.0,18-816-00259,2021_06
0.0,18-324-00260,2021_06
0.0,18-816-00261,2021_06
0.0,18-324-00262,2021_06
0.0,18-303-00264,2021_06
0.0,18-799-00265,2021_06
0.0,18-303-00266,2021_06
0.0,18-326-00268,2021_06
0.0,18-325-00269,2021_06
0.0,18-325-00270,2021_06
0.0,18-304-00271,2021_06
0.0,18-321-00272,2021_06
0.0,18-321-00273,2021_06
0.0,18-314-00275,2021_06
0.0,18-312-00276,2021_06
0.0,18-312-00277,2021_06
0.0,18-755-00278,2021_06
0.0,18-755-00279,2021_06
0.0,18-760-00280,2021_06
0.0,18-760-00281,2021_06
0.0,18-300-00101,2021_07
0.0,18-300-00102,2021_07
0.0,18-300-00103,2021_07
0.0,18-300-00104,2021_07
0.0,18-300-00105,2021_07
0.0,18-301-00109,2021_07
0.0,18-301-00110,2021_07
0.0,18-301-00111,2021_07
0.0,18-301-00112,2021_07
0.0,18-301-00113,2021_07
0.0,18-301-00114,2021_07
0.0,18-302-00115,2021_07
0.0,18-302-00116,2021_07
0.0,18-302-00117,2021_07
0.0,18-302-00118,2021_07
0.0,18-302-00119,2021_07
0.0,18-303-00120,2021_07
0.0,18-303-00121,2021_07
0.0,18-303-00122,2021_07
0.0,18-303-00123,2021_07
0.0,18-799-00124,2021_07
0.0,18-304-00126,2021_07
0.0,18-304-00127,2021_07
0.0,18-304-00128,2021_07
0.0,18-304-00129,2021_07
0.0,18-305-00130,2021_07
0.0,18-305-00131,2021_07
0.0,18-305-00132,2021_07
0.0,18-305-00133,2021_07
0.0,18-305-00134,2021_07
0.0,18-305-00135,2021_07
0.0,18-305-00136,2021_07
0.0,18-306-00137,2021_07
0.0,18-306-00138,2021_07
0.0,18-306-00139,2021_07
0.0,18-306-00140,2021_07
0.0,18-307-00141,2021_07
0.0,18-307-00142,2021_07
0.0,18-307-00143,2021_07
0.0,18-307-00144,2021_07
0.0,18-307-00145,2021_07
0.0,18-307-00146,2021_07
0.0,18-307-00147,2021_07
0.0,18-308-00150,2021_07
165.0,18-308-00151,2021_07
745.0,18-308-00152,2021_07
960.0,18-308-00153,2021_07
0.0,18-309-00154,2021_07
0.0,18-309-00155,2021_07
0.0,18-309-00156,2021_07
0.0,18-309-00157,2021_07
0.0,18-310-00158,2021_07
0.0,18-310-00159,2021_07
0.0,18-310-00160,2021_07
0.0,18-310-00161,2021_07
0.0,18-310-00162,2021_07
0.0,18-310-00163,2021_07
0.0,18-310-00164,2021_07
0.0,18-311-00165,2021_07
0.0,18-311-00166,2021_07
0.0,18-311-00167,2021_07
0.0,18-311-00168,2021_07
0.0,18-312-00169,2021_07
0.0,18-312-00170,2021_07
0.0,18-312-00171,2021_07
0.0,18-313-00172,2021_07
0.0,18-313-00173,2021_07
0.0,18-313-00174,2021_07
0.0,18-313-00175,2021_07
0.0,18-313-00176,2021_07
0.0,18-313-00177,2021_07
0.0,18-314-00178,2021_07
0.0,18-314-00179,2021_07
0.0,18-315-00181,2021_07
0.0,18-316-00184,2021_07
0.0,18-316-00185,2021_07
0.0,18-316-00186,2021_07
0.0,18-316-00187,2021_07
0.0,18-316-00188,2021_07
0.0,18-317-00189,2021_07
0.0,18-317-00190,2021_07
0.0,18-317-00191,2021_07
0.0,18-317-00192,2021_07
0.0,18-317-00193,2021_07
0.0,18-318-00194,2021_07
0.0,18-318-00195,2021_07
0.0,18-318-00196,2021_07
0.0,18-318-00197,2021_07
0.0,18-319-00198,2021_07
0.0,18-319-00199,2021_07
0.0,18-319-00200,2021_07
0.0,18-319-00201,2021_07
0.0,18-319-00202,2021_07
0.0,18-320-00205,2021_07
0.0,18-320-00206,2021_07
0.0,18-320-00207,2021_07
0.0,18-321-00208,2021_07
0.0,18-321-00209,2021_07
0.0,18-321-00210,2021_07
0.0,18-321-00211,2021_07
0.0,18-321-00212,2021_07
0.0,18-321-00213,2021_07
0.0,18-321-00214,2021_07
0.0,18-321-00215,2021_07
0.0,18-321-00216,2021_07
0.0,18-321-00217,2021_07
0.0,18-322-00219,2021_07
0.0,18-322-00220,2021_07
0.0,18-322-00221,2021_07
0.0,18-323-00222,2021_07
0.0,18-323-00223,2021_07
0.0,18-323-00224,2021_07
0.0,18-323-00225,2021_07
0.0,18-323-00226,2021_07
0.0,18-323-00227,2021_07
0.0,18-323-00228,2021_07
0.0,18-323-00230,2021_07
0.0,18-324-00231,2021_07
0.0,18-324-00233,2021_07
0.0,18-324-00234,2021_07
0.0,18-325-00238,2021_07
0.0,18-325-00239,2021_07
0.0,18-326-00241,2021_07
0.0,18-326-00245,2021_07
0.0,18-326-00246,2021_07
0.0,18-326-00247,2021_07
0.0,18-755-00248,2021_07
0.0,18-756-00249,2021_07
0.0,18-756-00250,2021_07
0.0,18-756-00251,2021_07
0.0,18-757-00252,2021_07
0.0,18-757-00253,2021_07
0.0,18-757-00254,2021_07
0.0,18-759-00255,2021_07
0.0,18-758-00256,2021_07
0.0,18-758-00257,2021_07
0.0,18-816-00259,2021_07
0.0,18-324-00260,2021_07
0.0,18-816-00261,2021_07
0.0,18-324-00262,2021_07
0.0,18-303-00264,2021_07
0.0,18-799-00265,2021_07
0.0,18-303-00266,2021_07
0.0,18-326-00268,2021_07
0.0,18-325-00269,2021_07
0.0,18-325-00270,2021_07
0.0,18-304-00271,2021_07
0.0,18-321-00272,2021_07
0.0,18-321-00273,2021_07
0.0,18-314-00275,2021_07
0.0,18-312-00276,2021_07
0.0,18-312-00277,2021_07
0.0,18-755-00278,2021_07
0.0,18-755-00279,2021_07
0.0,18-760-00280,2021_07
0.0,18-760-00281,2021_07
0.0,18-300-00101,2023_06
0.0,18-300-00102,2023_06
0.0,18-300-00103,2023_06
0.0,18-300-00104,2023_06
0.0,18-300-00105,2023_06
0.0,18-301-00109,2023_06
0.0,18-301-00110,2023_06
0.0,18-301-00111,2023_06
0.0,18-301-00112,2023_06
0.0,18-301-00113,2023_06
0.0,18-301-00114,2023_06
425.0,18-302-00115,2023_06
0.0,18-302-00116,2023_06
0.0,18-302-00117,2023_06
0.0,18-302-00118,2023_06
0.0,18-302-00119,2023_06
0.0,18-303-00120,2023_06
4241.0,18-303-00121,2023_06
50249.0,18-303-00122,2023_06
76606.0,18-303-00123,2023_06
143463.0,18-799-00124,2023_06
0.0,18-304-00126,2023_06
0.0,18-304-00127,2023_06
0.0,18-304-00128,2023_06
0.0,18-304-00129,2023_06
0.0,18-305-00130,2023_06
0.0,18-305-00131,2023_06
0.0,18-305-00132,2023_06
0.0,18-305-00133,2023_06
0.0,18-305-00134,2023_06
0.0,18-305-00135,2023_06
0.0,18-305-00136,2023_06
0.0,18-306-00137,2023_06
1120.0,18-306-00138,2023_06
130.0,18-306-00139,2023_06
0.0,18-306-00140,2023_06
9390.0,18-307-00141,2023_06
2187.0,18-307-00142,2023_06
11216.0,18-307-00143,2023_06
774.0,18-307-00144,2023_06
0.0,18-307-00145,2023_06
0.0,18-307-00146,2023_06
0.0,18-307-00147,2023_06
146.0,18-308-00150,2023_06
48.0,18-308-00151,2023_06
0.0,18-308-00152,2023_06
0.0,18-308-00153,2023_06
0.0,18-309-00154,2023_06
0.0,18-309-00155,2023_06
0.0,18-309-00156,2023_06
0.0,18-309-00157,2023_06
0.0,18-310-00158,2023_06
0.0,18-310-00159,2023_06
7980.0,18-310-00160,2023_06
0.0,18-310-00161,2023_06
327.0,18-310-00162,2023_06
0.0,18-310-00163,2023_06
0.0,18-310-00164,2023_06
0.0,18-311-00165,2023_06
0.0,18-311-00166,2023_06
0.0,18-311-00167,2023_06
0.0,18-311-00168,2023_06
0.0,18-312-00169,2023_06
0.0,18-312-00170,2023_06
0.0,18-312-00171,2023_06
0.0,18-313-00172,2023_06
0.0,18-313-00173,2023_06
0.0,18-313-00174,2023_06
0.0,18-313-00175,2023_06
0.0,18-313-00176,2023_06
0.0,18-313-00177,2023_06
0.0,18-314-00178,2023_06
0.0,18-314-00179,2023_06
0.0,18-315-00181,2023_06
0.0,18-316-00184,2023_06
0.0,18-316-00185,2023_06
0.0,18-316-00186,2023_06
0.0,18-316-00187,2023_06
0.0,18-316-00188,2023_06
0.0,18-317-00189,2023_06
0.0,18-317-00190,2023_06
0.0,18-317-00191,2023_06
0.0,18-317-00192,2023_06
0.0,18-317-00193,2023_06
0.0,18-318-00194,2023_06
0.0,18-318-00195,2023_06
0.0,18-318-00196,2023_06
0.0,18-318-00197,2023_06
0.0,18-319-00198,2023_06
0.0,18-319-00199,2023_06
0.0,18-319-00200,2023_06
0.0,18-319-00201,2023_06
0.0,18-319-00202,2023_06
0.0,18-320-00205,2023_06
0.0,18-320-00206,2023_06
215.0,18-320-00207,2023_06
0.0,18-321-00208,2023_06
3972.0,18-321-00209,2023_06
0.0,18-321-00210,2023_06
10455.0,18-321-00211,2023_06
0.0,18-321-00212,2023_06
0.0,18-321-00213,2023_06
0.0,18-321-00214,2023_06
0.0,18-321-00215,2023_06
0.0,18-321-00216,2023_06
100.0,18-321-00217,2023_06
0.0,18-322-00219,2023_06
0.0,18-322-00220,2023_06
0.0,18-322-00221,2023_06
73141.0,18-323-00222,2023_06
6816.0,18-323-00223,2023_06
17162.0,18-323-00224,2023_06
15895.0,18-323-00225,2023_06
54151.0,18-323-00226,2023_06
39019.0,18-323-00227,2023_06
23167.0,18-323-00228,2023_06
2218.0,18-323-00230,2023_06
0.0,18-324-00231,2023_06
3990.0,18-324-00233,2023_06
4236.0,18-324-00234,2023_06
12287.0,18-325-00238,2023_06
1450.0,18-325-00239,2023_06
0.0,18-326-00241,2023_06
0.0,18-326-00243,2023_06
0.0,18-326-00245,2023_06
0.0,18-326-00246,2023_06
8.0,18-326-00247,2023_06
0.0,18-755-00248,2023_06
0.0,18-756-00249,2023_06
6154.0,18-756-00250,2023_06
22510.0,18-756-00251,2023_06
0.0,18-757-00252,2023_06
0.0,18-757-00253,2023_06
0.0,18-757-00254,2023_06
0.0,18-759-00255,2023_06
0.0,18-758-00256,2023_06
0.0,18-758-00257,2023_06
6302.0,18-816-00259,2023_06
2218.0,18-324-00260,2023_06
19621.0,18-816-00261,2023_06
5507.0,18-324-00262,2023_06
20.0,18-303-00264,2023_06
79930.0,18-799-00265,2023_06
11424.0,18-303-00266,2023_06
161.0,18-326-00268,2023_06
9641.0,18-325-00269,2023_06
0.0,18-325-00270,2023_06
0.0,18-304-00271,2023_06
0.0,18-321-00272,2023_06
0.0,18-321-00273,2023_06
0.0,18-314-00275,2023_06
0.0,18-312-00276,2023_06
0.0,18-312-00277,2023_06
0.0,18-755-00278,2023_06
0.0,18-755-00279,2023_06
0.0,18-760-00280,2023_06
0.0,18-760-00281,2023_06
0.0,18-300-00101,2023_07
0.0,18-300-00102,2023_07
265.0,18-300-00103,2023_07
0.0,18-300-00104,2023_07
0.0,18-300-00105,2023_07
0.0,18-301-00109,2023_07
0.0,18-301-00110,2023_07
0.0,18-301-00111,2023_07
0.0,18-301-00112,2023_07
0.0,18-301-00113,2023_07
0.0,18-301-00114,2023_07
0.0,18-302-00115,2023_07
0.0,18-302-00116,2023_07
0.0,18-302-00117,2023_07
0.0,18-302-00118,2023_07
0.0,18-302-00119,2023_07
0.0,18-303-00120,2023_07
5172.0,18-303-00121,2023_07
0.0,18-303-00122,2023_07
0.0,18-303-00123,2023_07
2822.0,18-799-00124,2023_07
3975.0,18-304-00126,2023_07
0.0,18-304-00127,2023_07
0.0,18-304-00128,2023_07
0.0,18-304-00129,2023_07
0.0,18-305-00130,2023_07
123.0,18-305-00131,2023_07
0.0,18-305-00132,2023_07
0.0,18-305-00133,2023_07
0.0,18-305-00134,2023_07
0.0,18-305-00135,2023_07
0.0,18-305-00136,2023_07
0.0,18-306-00137,2023_07
3478.0,18-306-00138,2023_07
0.0,18-306-00139,2023_07
0.0,18-306-00140,2023_07
12881.0,18-307-00141,2023_07
9391.0,18-307-00142,2023_07
5331.0,18-307-00143,2023_07
2007.0,18-307-00144,2023_07
4330.0,18-307-00145,2023_07
0.0,18-307-00146,2023_07
208.0,18-307-00147,2023_07
7329.0,18-308-00150,2023_07
8057.0,18-308-00151,2023_07
32800.0,18-308-00152,2023_07
8281.0,18-308-00153,2023_07
0.0,18-309-00154,2023_07
0.0,18-309-00155,2023_07
0.0,18-309-00156,2023_07
0.0,18-309-00157,2023_07
9377.0,18-310-00158,2023_07
1236.0,18-310-00159,2023_07
9225.0,18-310-00160,2023_07
0.0,18-310-00161,2023_07
4024.0,18-310-00162,2023_07
0.0,18-310-00163,2023_07
0.0,18-310-00164,2023_07
0.0,18-311-00165,2023_07
8582.0,18-311-00166,2023_07
0.0,18-311-00167,2023_07
8918.0,18-311-00168,2023_07
0.0,18-312-00169,2023_07
0.0,18-312-00170,2023_07
0.0,18-312-00171,2023_07
3600.0,18-313-00172,2023_07
700.0,18-313-00173,2023_07
5294.0,18-313-00174,2023_07
0.0,18-313-00175,2023_07
0.0,18-313-00176,2023_07
0.0,18-313-00177,2023_07
0.0,18-314-00178,2023_07
0.0,18-314-00179,2023_07
0.0,18-315-00181,2023_07
0.0,18-316-00184,2023_07
0.0,18-316-00185,2023_07
0.0,18-316-00186,2023_07
0.0,18-316-00187,2023_07
0.0,18-316-00188,2023_07
0.0,18-317-00189,2023_07
0.0,18-317-00190,2023_07
0.0,18-317-00191,2023_07
0.0,18-317-00192,2023_07
0.0,18-317-00193,2023_07
0.0,18-318-00194,2023_07
0.0,18-318-00195,2023_07
0.0,18-318-00196,2023_07
0.0,18-318-00197,2023_07
0.0,18-319-00198,2023_07
0.0,18-319-00199,2023_07
1246.0,18-319-00200,2023_07
0.0,18-319-00201,2023_07
1250.0,18-319-00202,2023_07
102.0,18-320-00205,2023_07
159.0,18-320-00206,2023_07
1149.0,18-320-00207,2023_07
0.0,18-321-00208,2023_07
0.0,18-321-00209,2023_07
0.0,18-321-00210,2023_07
3567.0,18-321-00211,2023_07
0.0,18-321-00212,2023_07
0.0,18-321-00213,2023_07
0.0,18-321-00214,2023_07
0.0,18-321-00215,2023_07
0.0,18-321-00216,2023_07
600.0,18-321-00217,2023_07
0.0,18-322-00219,2023_07
0.0,18-322-00220,2023_07
772.0,18-322-00221,2023_07
194.0,18-323-00222,2023_07
0.0,18-323-00223,2023_07
0.0,18-323-00224,2023_07
0.0,18-323-00225,2023_07
0.0,18-323-00226,2023_07
0.0,18-323-00227,2023_07
0.0,18-323-00228,2023_07
0.0,18-323-00230,2023_07
0.0,18-324-00231,2023_07
246.0,18-324-00233,2023_07
0.0,18-324-00234,2023_07
0.0,18-325-00238,2023_07
0.0,18-325-00239,2023_07
0.0,18-326-00241,2023_07
0.0,18-326-00243,2023_07
0.0,18-326-00245,2023_07
0.0,18-326-00246,2023_07
0.0,18-326-00247,2023_07
0.0,18-755-00248,2023_07
0.0,18-756-00249,2023_07
12969.0,18-756-00250,2023_07
27325.0,18-756-00251,2023_07
0.0,18-757-00252,2023_07
0.0,18-757-00253,2023_07
0.0,18-757-00254,2023_07
0.0,18-759-00255,2023_07
0.0,18-758-00256,2023_07
0.0,18-758-00257,2023_07
0.0,18-816-00259,2023_07
0.0,18-324-00260,2023_07
0.0,18-816-00261,2023_07
0.0,18-324-00262,2023_07
0.0,18-303-00264,2023_07
30.0,18-799-00265,2023_07
0.0,18-303-00266,2023_07
0.0,18-326-00268,2023_07
0.0,18-325-00269,2023_07
0.0,18-325-00270,2023_07
0.0,18-304-00271,2023_07
1644.0,18-321-00272,2023_07
0.0,18-321-00273,2023_07
0.0,18-314-00275,2023_07
0.0,18-312-00276,2023_07
0.0,18-312-00277,2023_07
0.0,18-755-00278,2023_07
300.0,18-755-00279,2023_07
0.0,18-760-00280,2023_07
0.0,18-760-00281,2023_07
0.0,18-300-00101,2023_05
0.0,18-300-00102,2023_05
0.0,18-300-00103,2023_05
0.0,18-300-00104,2023_05
0.0,18-300-00105,2023_05
0.0,18-301-00109,2023_05
0.0,18-301-00110,2023_05
0.0,18-301-00111,2023_05
0.0,18-301-00112,2023_05
0.0,18-301-00113,2023_05
0.0,18-301-00114,2023_05
0.0,18-302-00115,2023_05
0.0,18-302-00116,2023_05
0.0,18-302-00117,2023_05
0.0,18-302-00118,2023_05
0.0,18-302-00119,2023_05
0.0,18-303-00120,2023_05
0.0,18-303-00121,2023_05
0.0,18-303-00122,2023_05
0.0,18-303-00123,2023_05
0.0,18-799-00124,2023_05
0.0,18-304-00126,2023_05
0.0,18-304-00127,2023_05
0.0,18-304-00128,2023_05
0.0,18-304-00129,2023_05
0.0,18-305-00130,2023_05
0.0,18-305-00131,2023_05
0.0,18-305-00132,2023_05
0.0,18-305-00133,2023_05
0.0,18-305-00134,2023_05
0.0,18-305-00135,2023_05
0.0,18-305-00136,2023_05
0.0,18-306-00137,2023_05
0.0,18-306-00138,2023_05
0.0,18-306-00139,2023_05
0.0,18-306-00140,2023_05
0.0,18-307-00141,2023_05
0.0,18-307-00142,2023_05
0.0,18-307-00143,2023_05
0.0,18-307-00144,2023_05
0.0,18-307-00145,2023_05
0.0,18-307-00146,2023_05
0.0,18-307-00147,2023_05
0.0,18-308-00150,2023_05
0.0,18-308-00151,2023_05
0.0,18-308-00152,2023_05
0.0,18-308-00153,2023_05
0.0,18-309-00154,2023_05
0.0,18-309-00155,2023_05
0.0,18-309-00156,2023_05
0.0,18-309-00157,2023_05
0.0,18-310-00158,2023_05
0.0,18-310-00159,2023_05
0.0,18-310-00160,2023_05
0.0,18-310-00161,2023_05
0.0,18-310-00162,2023_05
0.0,18-310-00163,2023_05
0.0,18-310-00164,2023_05
0.0,18-311-00165,2023_05
0.0,18-311-00166,2023_05
0.0,18-311-00167,2023_05
0.0,18-311-00168,2023_05
0.0,18-312-00169,2023_05
0.0,18-312-00170,2023_05
0.0,18-312-00171,2023_05
0.0,18-313-00172,2023_05
0.0,18-313-00173,2023_05
0.0,18-313-00174,2023_05
0.0,18-313-00175,2023_05
0.0,18-313-00176,2023_05
0.0,18-313-00177,2023_05
0.0,18-314-00178,2023_05
0.0,18-314-00179,2023_05
0.0,18-315-00181,2023_05
0.0,18-316-00184,2023_05
0.0,18-316-00185,2023_05
0.0,18-316-00186,2023_05
0.0,18-316-00187,2023_05
0.0,18-316-00188,2023_05
0.0,18-317-00189,2023_05
0.0,18-317-00190,2023_05
0.0,18-317-00191,2023_05
0.0,18-317-00192,2023_05
0.0,18-317-00193,2023_05
0.0,18-318-00194,2023_05
0.0,18-318-00195,2023_05
0.0,18-318-00196,2023_05
0.0,18-318-00197,2023_05
0.0,18-319-00198,2023_05
0.0,18-319-00199,2023_05
0.0,18-319-00200,2023_05
0.0,18-319-00201,2023_05
0.0,18-319-00202,2023_05
0.0,18-320-00205,2023_05
0.0,18-320-00206,2023_05
0.0,18-320-00207,2023_05
0.0,18-321-00208,2023_05
0.0,18-321-00209,2023_05
0.0,18-321-00210,2023_05
0.0,18-321-00211,2023_05
0.0,18-321-00212,2023_05
0.0,18-321-00213,2023_05
0.0,18-321-00214,2023_05
0.0,18-321-00215,2023_05
0.0,18-321-00216,2023_05
0.0,18-321-00217,2023_05
0.0,18-322-00219,2023_05
0.0,18-322-00220,2023_05
0.0,18-322-00221,2023_05
0.0,18-323-00222,2023_05
0.0,18-323-00223,2023_05
0.0,18-323-00224,2023_05
0.0,18-323-00225,2023_05
0.0,18-323-00226,2023_05
0.0,18-323-00227,2023_05
0.0,18-323-00228,2023_05
0.0,18-323-00230,2023_05
0.0,18-324-00231,2023_05
0.0,18-324-00233,2023_05
0.0,18-324-00234,2023_05
0.0,18-325-00238,2023_05
0.0,18-325-00239,2023_05
0.0,18-326-00241,2023_05
0.0,18-326-00245,2023_05
0.0,18-326-00246,2023_05
0.0,18-326-00247,2023_05
0.0,18-755-00248,2023_05
0.0,18-756-00249,2023_05
0.0,18-756-00250,2023_05
0.0,18-756-00251,2023_05
0.0,18-757-00252,2023_05
0.0,18-757-00253,2023_05
0.0,18-757-00254,2023_05
0.0,18-759-00255,2023_05
0.0,18-758-00256,2023_05
0.0,18-758-00257,2023_05
0.0,18-816-00259,2023_05
0.0,18-324-00260,2023_05
0.0,18-816-00261,2023_05
0.0,18-324-00262,2023_05
0.0,18-303-00264,2023_05
0.0,18-799-00265,2023_05
0.0,18-303-00266,2023_05
0.0,18-326-00268,2023_05
0.0,18-325-00269,2023_05
0.0,18-325-00270,2023_05
0.0,18-304-00271,2023_05
0.0,18-321-00272,2023_05
0.0,18-321-00273,2023_05
0.0,18-314-00275,2023_05
0.0,18-312-00276,2023_05
0.0,18-312-00277,2023_05
0.0,18-755-00278,2023_05
0.0,18-755-00279,2023_05
0.0,18-760-00280,2023_05
0.0,18-760-00281,2023_05
0.0,18-300-00101,2023_08
0.0,18-300-00102,2023_08
0.0,18-300-00103,2023_08
0.0,18-300-00104,2023_08
0.0,18-300-00105,2023_08
0.0,18-301-00109,2023_08
12503.0,18-301-00110,2023_08
0.0,18-301-00111,2023_08
0.0,18-301-00112,2023_08
0.0,18-301-00113,2023_08
390.0,18-301-00114,2023_08
0.0,18-302-00115,2023_08
0.0,18-302-00116,2023_08
0.0,18-302-00117,2023_08
0.0,18-302-00118,2023_08
0.0,18-302-00119,2023_08
0.0,18-303-00120,2023_08
1590.0,18-303-00121,2023_08
0.0,18-303-00122,2023_08
0.0,18-303-00123,2023_08
0.0,18-799-00124,2023_08
6982.0,18-304-00126,2023_08
0.0,18-304-00127,2023_08
0.0,18-304-00128,2023_08
0.0,18-304-00129,2023_08
0.0,18-305-00130,2023_08
0.0,18-305-00131,2023_08
0.0,18-305-00132,2023_08
0.0,18-305-00133,2023_08
0.0,18-305-00134,2023_08
0.0,18-305-00135,2023_08
0.0,18-305-00136,2023_08
654.0,18-306-00137,2023_08
8436.0,18-306-00138,2023_08
13637.0,18-306-00139,2023_08
0.0,18-306-00140,2023_08
8999.0,18-307-00141,2023_08
7857.0,18-307-00142,2023_08
0.0,18-307-00143,2023_08
0.0,18-307-00144,2023_08
2170.0,18-307-00145,2023_08
801.0,18-307-00146,2023_08
317.0,18-307-00147,2023_08
6498.0,18-308-00150,2023_08
47948.0,18-308-00151,2023_08
27990.0,18-308-00152,2023_08
16556.0,18-308-00153,2023_08
0.0,18-309-00154,2023_08
0.0,18-309-00155,2023_08
0.0,18-309-00156,2023_08
0.0,18-309-00157,2023_08
3070.0,18-310-00158,2023_08
0.0,18-310-00159,2023_08
8130.0,18-310-00160,2023_08
0.0,18-310-00161,2023_08
904.0,18-310-00162,2023_08
0.0,18-310-00163,2023_08
0.0,18-310-00164,2023_08
2451.0,18-311-00165,2023_08
10746.0,18-311-00166,2023_08
175.0,18-311-00167,2023_08
1568.0,18-311-00168,2023_08
10070.0,18-312-00169,2023_08
0.0,18-312-00170,2023_08
0.0,18-312-00171,2023_08
3824.0,18-313-00172,2023_08
1950.0,18-313-00173,2023_08
4750.0,18-313-00174,2023_08
0.0,18-313-00175,2023_08
0.0,18-313-00176,2023_08
15.0,18-313-00177,2023_08
0.0,18-314-00178,2023_08
0.0,18-314-00179,2023_08
0.0,18-315-00181,2023_08
0.0,18-316-00184,2023_08
0.0,18-316-00185,2023_08
0.0,18-316-00186,2023_08
0.0,18-316-00187,2023_08
0.0,18-316-00188,2023_08
0.0,18-317-00189,2023_08
0.0,18-317-00190,2023_08
0.0,18-317-00191,2023_08
0.0,18-317-00192,2023_08
0.0,18-317-00193,2023_08
0.0,18-318-00194,2023_08
0.0,18-318-00195,2023_08
0.0,18-318-00196,2023_08
0.0,18-318-00197,2023_08
0.0,18-319-00198,2023_08
0.0,18-319-00199,2023_08
0.0,18-319-00200,2023_08
0.0,18-319-00201,2023_08
0.0,18-319-00202,2023_08
0.0,18-320-00205,2023_08
0.0,18-320-00206,2023_08
0.0,18-320-00207,2023_08
0.0,18-321-00208,2023_08
0.0,18-321-00209,2023_08
0.0,18-321-00210,2023_08
0.0,18-321-00211,2023_08
0.0,18-321-00212,2023_08
0.0,18-321-00213,2023_08
0.0,18-321-00214,2023_08
0.0,18-321-00215,2023_08
0.0,18-321-00216,2023_08
0.0,18-321-00217,2023_08
0.0,18-322-00219,2023_08
0.0,18-322-00220,2023_08
2690.0,18-322-00221,2023_08
0.0,18-323-00222,2023_08
0.0,18-323-00223,2023_08
0.0,18-323-00224,2023_08
0.0,18-323-00225,2023_08
0.0,18-323-00226,2023_08
0.0,18-323-00227,2023_08
0.0,18-323-00228,2023_08
0.0,18-323-00230,2023_08
0.0,18-324-00231,2023_08
0.0,18-324-00233,2023_08
0.0,18-324-00234,2023_08
70.0,18-325-00238,2023_08
3860.0,18-325-00239,2023_08
0.0,18-326-00241,2023_08
1002.0,18-326-00243,2023_08
19.0,18-326-00245,2023_08
0.0,18-326-00246,2023_08
0.0,18-326-00247,2023_08
0.0,18-755-00248,2023_08
0.0,18-756-00249,2023_08
15233.0,18-756-00250,2023_08
34180.0,18-756-00251,2023_08
0.0,18-757-00252,2023_08
0.0,18-757-00253,2023_08
0.0,18-757-00254,2023_08
0.0,18-759-00255,2023_08
0.0,18-758-00256,2023_08
0.0,18-758-00257,2023_08
2933.0,18-816-00259,2023_08
0.0,18-324-00260,2023_08
215.0,18-816-00261,2023_08
0.0,18-324-00262,2023_08
0.0,18-303-00264,2023_08
0.0,18-799-00265,2023_08
0.0,18-303-00266,2023_08
1801.0,18-326-00268,2023_08
6234.0,18-325-00269,2023_08
2200.0,18-325-00270,2023_08
0.0,18-304-00271,2023_08
0.0,18-321-00272,2023_08
0.0,18-321-00273,2023_08
0.0,18-314-00275,2023_08
632.0,18-312-00276,2023_08
0.0,18-312-00277,2023_08
0.0,18-755-00278,2023_08
0.0,18-755-00279,2023_08
610.0,18-760-00280,2023_08
13770.0,18-760-00281,2023_08
0.0,18-300-00101,2021_09
0.0,18-300-00102,2021_09
0.0,18-300-00103,2021_09
0.0,18-300-00104,2021_09
0.0,18-300-00105,2021_09
0.0,18-301-00109,2021_09
0.0,18-301-00110,2021_09
0.0,18-301-00111,2021_09
8350.0,18-301-00112,2021_09
0.0,18-301-00113,2021_09
0.0,18-301-00114,2021_09
3194.0,18-302-00115,2021_09
0.0,18-302-00116,2021_09
0.0,18-302-00117,2021_09
0.0,18-302-00118,2021_09
0.0,18-302-00119,2021_09
0.0,18-303-00120,2021_09
5415.0,18-303-00121,2021_09
924.0,18-303-00122,2021_09
0.0,18-303-00123,2021_09
0.0,18-799-00124,2021_09
12100.0,18-304-00126,2021_09
0.0,18-304-00127,2021_09
350.0,18-304-00128,2021_09
0.0,18-304-00129,2021_09
4590.0,18-305-00130,2021_09
1300.0,18-305-00131,2021_09
0.0,18-305-00132,2021_09
2639.0,18-305-00133,2021_09
0.0,18-305-00134,2021_09
0.0,18-305-00135,2021_09
0.0,18-305-00136,2021_09
7338.0,18-306-00137,2021_09
0.0,18-306-00138,2021_09
9813.0,18-306-00139,2021_09
0.0,18-306-00140,2021_09
570.0,18-307-00141,2021_09
7135.0,18-307-00142,2021_09
0.0,18-307-00143,2021_09
0.0,18-307-00144,2021_09
2400.0,18-307-00145,2021_09
0.0,18-307-00146,2021_09
0.0,18-307-00147,2021_09
7252.0,18-308-00150,2021_09
2709.0,18-308-00151,2021_09
14567.0,18-308-00152,2021_09
0.0,18-308-00153,2021_09
0.0,18-309-00154,2021_09
0.0,18-309-00155,2021_09
750.0,18-309-00156,2021_09
0.0,18-309-00157,2021_09
1670.0,18-310-00158,2021_09
0.0,18-310-00159,2021_09
2370.0,18-310-00160,2021_09
0.0,18-310-00161,2021_09
0.0,18-310-00162,2021_09
0.0,18-310-00163,2021_09
0.0,18-310-00164,2021_09
196.0,18-311-00165,2021_09
100.0,18-311-00166,2021_09
0.0,18-311-00167,2021_09
0.0,18-311-00168,2021_09
0.0,18-312-00169,2021_09
0.0,18-312-00170,2021_09
0.0,18-312-00171,2021_09
400.0,18-313-00172,2021_09
0.0,18-313-00173,2021_09
0.0,18-313-00174,2021_09
0.0,18-313-00175,2021_09
0.0,18-313-00176,2021_09
0.0,18-313-00177,2021_09
0.0,18-314-00178,2021_09
0.0,18-314-00179,2021_09
0.0,18-315-00181,2021_09
0.0,18-316-00184,2021_09
0.0,18-316-00185,2021_09
0.0,18-316-00186,2021_09
0.0,18-316-00187,2021_09
0.0,18-316-00188,2021_09
0.0,18-317-00189,2021_09
0.0,18-317-00190,2021_09
0.0,18-317-00191,2021_09
0.0,18-317-00192,2021_09
0.0,18-317-00193,2021_09
0.0,18-318-00194,2021_09
0.0,18-318-00195,2021_09
0.0,18-318-00196,2021_09
0.0,18-318-00197,2021_09
0.0,18-319-00198,2021_09
792.0,18-319-00199,2021_09
1118.0,18-319-00200,2021_09
0.0,18-319-00201,2021_09
0.0,18-319-00202,2021_09
0.0,18-320-00205,2021_09
0.0,18-320-00206,2021_09
0.0,18-320-00207,2021_09
0.0,18-321-00208,2021_09
0.0,18-321-00209,2021_09
0.0,18-321-00210,2021_09
0.0,18-321-00211,2021_09
0.0,18-321-00212,2021_09
0.0,18-321-00213,2021_09
0.0,18-321-00214,2021_09
12900.0,18-321-00215,2021_09
0.0,18-321-00216,2021_09
0.0,18-321-00217,2021_09
0.0,18-322-00219,2021_09
0.0,18-322-00220,2021_09
6472.0,18-322-00221,2021_09
0.0,18-323-00222,2021_09
0.0,18-323-00223,2021_09
10416.0,18-323-00224,2021_09
0.0,18-323-00225,2021_09
0.0,18-323-00226,2021_09
0.0,18-323-00227,2021_09
0.0,18-323-00228,2021_09
0.0,18-323-00230,2021_09
0.0,18-324-00231,2021_09
0.0,18-324-00233,2021_09
0.0,18-324-00234,2021_09
0.0,18-325-00238,2021_09
7530.0,18-325-00239,2021_09
0.0,18-326-00241,2021_09
0.0,18-326-00245,2021_09
0.0,18-326-00246,2021_09
0.0,18-326-00247,2021_09
0.0,18-755-00248,2021_09
0.0,18-756-00249,2021_09
0.0,18-756-00250,2021_09
0.0,18-756-00251,2021_09
0.0,18-757-00252,2021_09
0.0,18-757-00253,2021_09
0.0,18-757-00254,2021_09
0.0,18-759-00255,2021_09
16778.0,18-758-00256,2021_09
24990.0,18-758-00257,2021_09
0.0,18-816-00259,2021_09
0.0,18-324-00260,2021_09
0.0,18-816-00261,2021_09
0.0,18-324-00262,2021_09
0.0,18-303-00264,2021_09
0.0,18-799-00265,2021_09
1966.0,18-303-00266,2021_09
0.0,18-326-00268,2021_09
267634.0,18-325-00269,2021_09
98457.0,18-325-00270,2021_09
6372.0,18-304-00271,2021_09
3381.0,18-321-00272,2021_09
1400.0,18-321-00273,2021_09
0.0,18-314-00275,2021_09
420.0,18-312-00276,2021_09
0.0,18-312-00277,2021_09
0.0,18-755-00278,2021_09
0.0,18-755-00279,2021_09
16529.0,18-760-00280,2021_09
13834.0,18-760-00281,2021_09
0.0,18-300-00101,2021_08
0.0,18-300-00102,2021_08
0.0,18-300-00103,2021_08
0.0,18-300-00104,2021_08
0.0,18-300-00105,2021_08
0.0,18-301-00109,2021_08
0.0,18-301-00110,2021_08
0.0,18-301-00111,2021_08
0.0,18-301-00112,2021_08
0.0,18-301-00113,2021_08
0.0,18-301-00114,2021_08
0.0,18-302-00115,2021_08
0.0,18-302-00116,2021_08
0.0,18-302-00117,2021_08
0.0,18-302-00118,2021_08
0.0,18-302-00119,2021_08
0.0,18-303-00120,2021_08
0.0,18-303-00121,2021_08
309.0,18-303-00122,2021_08
0.0,18-303-00123,2021_08
0.0,18-799-00124,2021_08
2400.0,18-304-00126,2021_08
0.0,18-304-00127,2021_08
0.0,18-304-00128,2021_08
0.0,18-304-00129,2021_08
1140.0,18-305-00130,2021_08
1000.0,18-305-00131,2021_08
0.0,18-305-00132,2021_08
520.0,18-305-00133,2021_08
0.0,18-305-00134,2021_08
0.0,18-305-00135,2021_08
0.0,18-305-00136,2021_08
0.0,18-306-00137,2021_08
0.0,18-306-00138,2021_08
0.0,18-306-00139,2021_08
0.0,18-306-00140,2021_08
8970.0,18-307-00141,2021_08
9836.0,18-307-00142,2021_08
0.0,18-307-00143,2021_08
0.0,18-307-00144,2021_08
7900.0,18-307-00145,2021_08
820.0,18-307-00146,2021_08
0.0,18-307-00147,2021_08
25079.0,18-308-00150,2021_08
8485.0,18-308-00151,2021_08
19746.0,18-308-00152,2021_08
6923.0,18-308-00153,2021_08
0.0,18-309-00154,2021_08
0.0,18-309-00155,2021_08
0.0,18-309-00156,2021_08
0.0,18-309-00157,2021_08
1852.0,18-310-00158,2021_08
0.0,18-310-00159,2021_08
7959.0,18-310-00160,2021_08
0.0,18-310-00161,2021_08
0.0,18-310-00162,2021_08
0.0,18-310-00163,2021_08
0.0,18-310-00164,2021_08
0.0,18-311-00165,2021_08
692.0,18-311-00166,2021_08
0.0,18-311-00167,2021_08
0.0,18-311-00168,2021_08
775.0,18-312-00169,2021_08
0.0,18-312-00170,2021_08
0.0,18-312-00171,2021_08
2980.0,18-313-00172,2021_08
2200.0,18-313-00173,2021_08
1450.0,18-313-00174,2021_08
0.0,18-313-00175,2021_08
0.0,18-313-00176,2021_08
0.0,18-313-00177,2021_08
0.0,18-314-00178,2021_08
0.0,18-314-00179,2021_08
0.0,18-315-00181,2021_08
0.0,18-316-00184,2021_08
0.0,18-316-00185,2021_08
0.0,18-316-00186,2021_08
0.0,18-316-00187,2021_08
0.0,18-316-00188,2021_08
0.0,18-317-00189,2021_08
0.0,18-317-00190,2021_08
0.0,18-317-00191,2021_08
0.0,18-317-00192,2021_08
0.0,18-317-00193,2021_08
0.0,18-318-00194,2021_08
0.0,18-318-00195,2021_08
0.0,18-318-00196,2021_08
0.0,18-318-00197,2021_08
0.0,18-319-00198,2021_08
0.0,18-319-00199,2021_08
8174.0,18-319-00200,2021_08
0.0,18-319-00201,2021_08
2434.0,18-319-00202,2021_08
0.0,18-320-00205,2021_08
0.0,18-320-00206,2021_08
3190.0,18-320-00207,2021_08
0.0,18-321-00208,2021_08
0.0,18-321-00209,2021_08
0.0,18-321-00210,2021_08
0.0,18-321-00211,2021_08
0.0,18-321-00212,2021_08
0.0,18-321-00213,2021_08
0.0,18-321-00214,2021_08
2000.0,18-321-00215,2021_08
0.0,18-321-00216,2021_08
0.0,18-321-00217,2021_08
0.0,18-322-00219,2021_08
0.0,18-322-00220,2021_08
4987.0,18-322-00221,2021_08
0.0,18-323-00222,2021_08
0.0,18-323-00223,2021_08
3950.0,18-323-00224,2021_08
0.0,18-323-00225,2021_08
0.0,18-323-00226,2021_08
0.0,18-323-00227,2021_08
0.0,18-323-00228,2021_08
0.0,18-323-00230,2021_08
0.0,18-324-00231,2021_08
0.0,18-324-00233,2021_08
0.0,18-324-00234,2021_08
0.0,18-325-00238,2021_08
2900.0,18-325-00239,2021_08
0.0,18-326-00241,2021_08
0.0,18-326-00245,2021_08
0.0,18-326-00246,2021_08
0.0,18-326-00247,2021_08
0.0,18-755-00248,2021_08
0.0,18-756-00249,2021_08
0.0,18-756-00250,2021_08
0.0,18-756-00251,2021_08
0.0,18-757-00252,2021_08
0.0,18-757-00253,2021_08
0.0,18-757-00254,2021_08
0.0,18-759-00255,2021_08
0.0,18-758-00256,2021_08
6720.0,18-758-00257,2021_08
0.0,18-816-00259,2021_08
0.0,18-324-00260,2021_08
0.0,18-816-00261,2021_08
0.0,18-324-00262,2021_08
0.0,18-303-00264,2021_08
0.0,18-799-00265,2021_08
7744.0,18-303-00266,2021_08
0.0,18-326-00268,2021_08
41330.0,18-325-00269,2021_08
0.0,18-325-00270,2021_08
0.0,18-304-00271,2021_08
0.0,18-321-00272,2021_08
1700.0,18-321-00273,2021_08
0.0,18-314-00275,2021_08
577.0,18-312-00276,2021_08
2900.0,18-312-00277,2021_08
0.0,18-755-00278,2021_08
0.0,18-755-00279,2021_08
31992.0,18-760-00280,2021_08
21572.0,18-760-00281,2021_08
0.0,18-300-00101,2022_10
0.0,18-300-00102,2022_10
0.0,18-300-00103,2022_10
0.0,18-300-00104,2022_10
0.0,18-300-00105,2022_10
0.0,18-301-00109,2022_10
0.0,18-301-00110,2022_10
0.0,18-301-00111,2022_10
0.0,18-301-00112,2022_10
0.0,18-301-00113,2022_10
0.0,18-301-00114,2022_10
0.0,18-302-00115,2022_10
0.0,18-302-00116,2022_10
0.0,18-302-00117,2022_10
0.0,18-302-00118,2022_10
0.0,18-302-00119,2022_10
0.0,18-303-00120,2022_10
0.0,18-303-00121,2022_10
0.0,18-303-00122,2022_10
0.0,18-303-00123,2022_10
0.0,18-799-00124,2022_10
0.0,18-304-00126,2022_10
0.0,18-304-00127,2022_10
0.0,18-304-00128,2022_10
0.0,18-304-00129,2022_10
0.0,18-305-00130,2022_10
0.0,18-305-00131,2022_10
0.0,18-305-00132,2022_10
0.0,18-305-00133,2022_10
0.0,18-305-00134,2022_10
0.0,18-305-00135,2022_10
0.0,18-305-00136,2022_10
0.0,18-306-00137,2022_10
0.0,18-306-00138,2022_10
0.0,18-306-00139,2022_10
0.0,18-306-00140,2022_10
0.0,18-307-00141,2022_10
4137.0,18-307-00142,2022_10
3875.0,18-307-00143,2022_10
0.0,18-307-00144,2022_10
2363.0,18-307-00145,2022_10
0.0,18-307-00146,2022_10
834.0,18-307-00147,2022_10
2052.0,18-308-00150,2022_10
3593.0,18-308-00151,2022_10
14662.0,18-308-00152,2022_10
7710.0,18-308-00153,2022_10
0.0,18-309-00154,2022_10
0.0,18-309-00155,2022_10
0.0,18-309-00156,2022_10
0.0,18-309-00157,2022_10
0.0,18-310-00158,2022_10
0.0,18-310-00159,2022_10
204.0,18-310-00160,2022_10
0.0,18-310-00161,2022_10
0.0,18-310-00162,2022_10
0.0,18-310-00163,2022_10
0.0,18-310-00164,2022_10
0.0,18-311-00165,2022_10
0.0,18-311-00166,2022_10
0.0,18-311-00167,2022_10
0.0,18-311-00168,2022_10
0.0,18-312-00169,2022_10
0.0,18-312-00170,2022_10
0.0,18-312-00171,2022_10
0.0,18-313-00172,2022_10
0.0,18-313-00173,2022_10
0.0,18-313-00174,2022_10
0.0,18-313-00175,2022_10
0.0,18-313-00176,2022_10
0.0,18-313-00177,2022_10
0.0,18-314-00178,2022_10
0.0,18-314-00179,2022_10
0.0,18-315-00181,2022_10
0.0,18-316-00184,2022_10
0.0,18-316-00185,2022_10
0.0,18-316-00186,2022_10
0.0,18-316-00187,2022_10
0.0,18-316-00188,2022_10
0.0,18-317-00189,2022_10
0.0,18-317-00190,2022_10
0.0,18-317-00191,2022_10
0.0,18-317-00192,2022_10
0.0,18-317-00193,2022_10
0.0,18-318-00194,2022_10
0.0,18-318-00195,2022_10
0.0,18-318-00196,2022_10
0.0,18-318-00197,2022_10
0.0,18-319-00198,2022_10
0.0,18-319-00199,2022_10
0.0,18-319-00200,2022_10
0.0,18-319-00201,2022_10
0.0,18-319-00202,2022_10
0.0,18-320-00205,2022_10
0.0,18-320-00206,2022_10
0.0,18-320-00207,2022_10
0.0,18-321-00208,2022_10
0.0,18-321-00209,2022_10
0.0,18-321-00210,2022_10
0.0,18-321-00211,2022_10
0.0,18-321-00212,2022_10
0.0,18-321-00213,2022_10
0.0,18-321-00214,2022_10
0.0,18-321-00215,2022_10
0.0,18-321-00216,2022_10
0.0,18-321-00217,2022_10
0.0,18-322-00219,2022_10
0.0,18-322-00220,2022_10
0.0,18-322-00221,2022_10
0.0,18-323-00222,2022_10
0.0,18-323-00223,2022_10
0.0,18-323-00224,2022_10
0.0,18-323-00225,2022_10
0.0,18-323-00226,2022_10
0.0,18-323-00227,2022_10
0.0,18-323-00228,2022_10
0.0,18-323-00230,2022_10
0.0,18-324-00231,2022_10
0.0,18-324-00233,2022_10
0.0,18-324-00234,2022_10
0.0,18-325-00238,2022_10
0.0,18-325-00239,2022_10
0.0,18-326-00241,2022_10
0.0,18-326-00245,2022_10
0.0,18-326-00246,2022_10
0.0,18-326-00247,2022_10
0.0,18-755-00248,2022_10
0.0,18-756-00249,2022_10
0.0,18-756-00250,2022_10
0.0,18-756-00251,2022_10
0.0,18-757-00252,2022_10
0.0,18-757-00253,2022_10
0.0,18-757-00254,2022_10
0.0,18-759-00255,2022_10
0.0,18-758-00256,2022_10
0.0,18-758-00257,2022_10
0.0,18-816-00259,2022_10
0.0,18-324-00260,2022_10
0.0,18-816-00261,2022_10
0.0,18-324-00262,2022_10
0.0,18-303-00264,2022_10
0.0,18-799-00265,2022_10
0.0,18-303-00266,2022_10
0.0,18-326-00268,2022_10
0.0,18-325-00269,2022_10
0.0,18-325-00270,2022_10
0.0,18-304-00271,2022_10
0.0,18-321-00272,2022_10
0.0,18-321-00273,2022_10
0.0,18-314-00275,2022_10
0.0,18-312-00276,2022_10
0.0,18-312-00277,2022_10
0.0,18-755-00278,2022_10
0.0,18-755-00279,2022_10
0.0,18-760-00280,2022_10
0.0,18-760-00281,2022_10
0.0,18-300-00101,2022_04
0.0,18-300-00103,2022_04
0.0,18-300-00104,2022_04
0.0,18-300-00105,2022_04
0.0,18-301-00109,2022_04
0.0,18-301-00114,2022_04
0.0,18-307-00141,2022_04
0.0,18-309-00155,2022_04
0.0,18-310-00160,2022_04
0.0,18-311-00168,2022_04
0.0,18-315-00181,2022_04
0.0,18-316-00184,2022_04
0.0,18-316-00185,2022_04
0.0,18-316-00186,2022_04
0.0,18-316-00187,2022_04
0.0,18-316-00188,2022_04
0.0,18-317-00191,2022_04
0.0,18-317-00192,2022_04
0.0,18-317-00193,2022_04
0.0,18-319-00200,2022_04
0.0,18-324-00233,2022_04
0.0,18-326-00246,2022_04
0.0,18-755-00248,2022_04
142.0,18-756-00250,2022_04
0.0,18-757-00252,2022_04
0.0,18-326-00268,2022_04
0.0,18-755-00278,2022_04
0.0,18-755-00279,2022_04
0.0,18-300-00101,2022_05
0.0,18-300-00102,2022_05
0.0,18-300-00103,2022_05
0.0,18-300-00104,2022_05
0.0,18-300-00105,2022_05
0.0,18-301-00109,2022_05
0.0,18-301-00110,2022_05
0.0,18-301-00111,2022_05
0.0,18-301-00112,2022_05
0.0,18-301-00113,2022_05
0.0,18-301-00114,2022_05
2177.0,18-302-00115,2022_05
465.0,18-302-00116,2022_05
0.0,18-302-00117,2022_05
0.0,18-302-00118,2022_05
0.0,18-302-00119,2022_05
0.0,18-303-00120,2022_05
0.0,18-303-00121,2022_05
6079.0,18-303-00122,2022_05
46461.0,18-303-00123,2022_05
1184.0,18-799-00124,2022_05
0.0,18-304-00126,2022_05
0.0,18-304-00127,2022_05
187897.0,18-304-00128,2022_05
0.0,18-304-00129,2022_05
0.0,18-305-00130,2022_05
0.0,18-305-00131,2022_05
0.0,18-305-00132,2022_05
0.0,18-305-00133,2022_05
83177.0,18-305-00134,2022_05
69176.0,18-305-00135,2022_05
181863.0,18-305-00136,2022_05
0.0,18-306-00137,2022_05
0.0,18-306-00138,2022_05
4624.0,18-306-00139,2022_05
1299.0,18-306-00140,2022_05
5860.0,18-307-00141,2022_05
2113.0,18-307-00142,2022_05
390.0,18-307-00143,2022_05
0.0,18-307-00144,2022_05
1400.0,18-307-00145,2022_05
0.0,18-307-00146,2022_05
30.0,18-307-00147,2022_05
68.0,18-308-00150,2022_05
0.0,18-308-00151,2022_05
0.0,18-308-00152,2022_05
0.0,18-308-00153,2022_05
0.0,18-309-00154,2022_05
0.0,18-309-00155,2022_05
0.0,18-309-00156,2022_05
0.0,18-309-00157,2022_05
0.0,18-310-00158,2022_05
0.0,18-310-00159,2022_05
885.0,18-310-00160,2022_05
0.0,18-310-00161,2022_05
0.0,18-310-00162,2022_05
0.0,18-310-00163,2022_05
0.0,18-310-00164,2022_05
0.0,18-311-00165,2022_05
0.0,18-311-00166,2022_05
0.0,18-311-00167,2022_05
0.0,18-311-00168,2022_05
0.0,18-312-00169,2022_05
0.0,18-312-00170,2022_05
0.0,18-312-00171,2022_05
0.0,18-313-00172,2022_05
0.0,18-313-00173,2022_05
0.0,18-313-00174,2022_05
0.0,18-313-00175,2022_05
0.0,18-313-00176,2022_05
0.0,18-313-00177,2022_05
0.0,18-314-00178,2022_05
0.0,18-314-00179,2022_05
293.0,18-315-00181,2022_05
31972.0,18-316-00184,2022_05
8497.0,18-316-00185,2022_05
7758.0,18-316-00186,2022_05
6563.0,18-316-00187,2022_05
5885.0,18-316-00188,2022_05
364.0,18-317-00189,2022_05
0.0,18-317-00190,2022_05
0.0,18-317-00191,2022_05
0.0,18-317-00192,2022_05
0.0,18-317-00193,2022_05
240.0,18-318-00194,2022_05
0.0,18-318-00195,2022_05
0.0,18-318-00196,2022_05
0.0,18-318-00197,2022_05
0.0,18-319-00198,2022_05
0.0,18-319-00199,2022_05
0.0,18-319-00200,2022_05
0.0,18-319-00201,2022_05
0.0,18-319-00202,2022_05
0.0,18-320-00205,2022_05
0.0,18-320-00206,2022_05
0.0,18-320-00207,2022_05
7648.0,18-321-00208,2022_05
11253.0,18-321-00209,2022_05
0.0,18-321-00210,2022_05
0.0,18-321-00211,2022_05
0.0,18-321-00212,2022_05
0.0,18-321-00213,2022_05
0.0,18-321-00214,2022_05
0.0,18-321-00215,2022_05
0.0,18-321-00216,2022_05
0.0,18-321-00217,2022_05
0.0,18-322-00219,2022_05
0.0,18-322-00220,2022_05
0.0,18-322-00221,2022_05
35064.0,18-323-00222,2022_05
17204.0,18-323-00223,2022_05
30.0,18-323-00224,2022_05
0.0,18-323-00225,2022_05
0.0,18-323-00226,2022_05
3044.0,18-323-00227,2022_05
0.0,18-323-00228,2022_05
0.0,18-323-00230,2022_05
0.0,18-324-00231,2022_05
0.0,18-324-00233,2022_05
0.0,18-324-00234,2022_05
30263.0,18-325-00238,2022_05
0.0,18-325-00239,2022_05
302.0,18-326-00241,2022_05
0.0,18-326-00245,2022_05
51.0,18-326-00246,2022_05
50.0,18-326-00247,2022_05
0.0,18-755-00248,2022_05
300.0,18-756-00249,2022_05
2692.0,18-756-00250,2022_05
5853.0,18-756-00251,2022_05
522.0,18-757-00252,2022_05
1352.0,18-757-00253,2022_05
4860.0,18-757-00254,2022_05
0.0,18-759-00255,2022_05
0.0,18-758-00256,2022_05
0.0,18-758-00257,2022_05
0.0,18-816-00259,2022_05
0.0,18-324-00260,2022_05
0.0,18-816-00261,2022_05
0.0,18-324-00262,2022_05
0.0,18-303-00264,2022_05
0.0,18-799-00265,2022_05
0.0,18-303-00266,2022_05
1361.0,18-326-00268,2022_05
112006.0,18-325-00269,2022_05
36659.0,18-325-00270,2022_05
0.0,18-304-00271,2022_05
0.0,18-321-00272,2022_05
0.0,18-321-00273,2022_05
0.0,18-314-00275,2022_05
0.0,18-312-00276,2022_05
0.0,18-312-00277,2022_05
0.0,18-755-00278,2022_05
0.0,18-755-00279,2022_05
0.0,18-760-00280,2022_05
0.0,18-760-00281,2022_05
0.0,18-300-00101,2022_07
0.0,18-300-00102,2022_07
0.0,18-300-00103,2022_07
0.0,18-300-00104,2022_07
0.0,18-300-00105,2022_07
0.0,18-301-00109,2022_07
0.0,18-301-00110,2022_07
0.0,18-301-00111,2022_07
0.0,18-301-00112,2022_07
0.0,18-301-00113,2022_07
0.0,18-301-00114,2022_07
0.0,18-302-00115,2022_07
0.0,18-302-00116,2022_07
0.0,18-302-00117,2022_07
0.0,18-302-00118,2022_07
0.0,18-302-00119,2022_07
59769.0,18-303-00120,2022_07
64140.0,18-303-00121,2022_07
74392.0,18-303-00122,2022_07
30200.0,18-303-00123,2022_07
943.0,18-799-00124,2022_07
14000.0,18-304-00126,2022_07
0.0,18-304-00127,2022_07
232493.0,18-304-00128,2022_07
45000.0,18-304-00129,2022_07
44.0,18-305-00130,2022_07
0.0,18-305-00131,2022_07
0.0,18-305-00132,2022_07
0.0,18-305-00133,2022_07
32730.0,18-305-00134,2022_07
97518.0,18-305-00135,2022_07
52200.0,18-305-00136,2022_07
737.0,18-306-00137,2022_07
0.0,18-306-00138,2022_07
1048.0,18-306-00139,2022_07
0.0,18-306-00140,2022_07
5570.0,18-307-00141,2022_07
5598.0,18-307-00142,2022_07
1450.0,18-307-00143,2022_07
0.0,18-307-00144,2022_07
0.0,18-307-00145,2022_07
41.0,18-307-00146,2022_07
7926.0,18-307-00147,2022_07
518.0,18-308-00150,2022_07
2870.0,18-308-00151,2022_07
9832.0,18-308-00152,2022_07
2070.0,18-308-00153,2022_07
0.0,18-309-00154,2022_07
0.0,18-309-00155,2022_07
0.0,18-309-00156,2022_07
0.0,18-309-00157,2022_07
4305.0,18-310-00158,2022_07
0.0,18-310-00159,2022_07
4487.0,18-310-00160,2022_07
0.0,18-310-00161,2022_07
27572.0,18-310-00162,2022_07
1525.0,18-310-00163,2022_07
13730.0,18-310-00164,2022_07
4214.0,18-311-00165,2022_07
0.0,18-311-00166,2022_07
0.0,18-311-00167,2022_07
0.0,18-311-00168,2022_07
0.0,18-312-00169,2022_07
0.0,18-312-00170,2022_07
0.0,18-312-00171,2022_07
85.0,18-313-00172,2022_07
0.0,18-313-00173,2022_07
0.0,18-313-00174,2022_07
0.0,18-313-00175,2022_07
0.0,18-313-00176,2022_07
0.0,18-313-00177,2022_07
0.0,18-314-00178,2022_07
0.0,18-314-00179,2022_07
0.0,18-315-00181,2022_07
0.0,18-316-00184,2022_07
0.0,18-316-00185,2022_07
0.0,18-316-00186,2022_07
0.0,18-316-00187,2022_07
0.0,18-316-00188,2022_07
0.0,18-317-00189,2022_07
0.0,18-317-00190,2022_07
0.0,18-317-00191,2022_07
0.0,18-317-00192,2022_07
0.0,18-317-00193,2022_07
6762.0,18-318-00194,2022_07
3394.0,18-318-00195,2022_07
0.0,18-318-00196,2022_07
0.0,18-318-00197,2022_07
0.0,18-319-00198,2022_07
0.0,18-319-00199,2022_07
0.0,18-319-00200,2022_07
0.0,18-319-00201,2022_07
0.0,18-319-00202,2022_07
0.0,18-320-00205,2022_07
0.0,18-320-00206,2022_07
0.0,18-320-00207,2022_07
0.0,18-321-00208,2022_07
0.0,18-321-00209,2022_07
0.0,18-321-00210,2022_07
2020.0,18-321-00211,2022_07
0.0,18-321-00212,2022_07
0.0,18-321-00213,2022_07
0.0,18-321-00214,2022_07
570.0,18-321-00215,2022_07
0.0,18-321-00216,2022_07
32.0,18-321-00217,2022_07
0.0,18-322-00219,2022_07
304.0,18-322-00220,2022_07
675.0,18-322-00221,2022_07
0.0,18-323-00222,2022_07
9800.0,18-323-00223,2022_07
0.0,18-323-00224,2022_07
0.0,18-323-00225,2022_07
0.0,18-323-00226,2022_07
0.0,18-323-00227,2022_07
0.0,18-323-00228,2022_07
0.0,18-323-00230,2022_07
0.0,18-324-00231,2022_07
3402.0,18-324-00233,2022_07
0.0,18-324-00234,2022_07
0.0,18-325-00238,2022_07
2868.0,18-325-00239,2022_07
0.0,18-326-00241,2022_07
0.0,18-326-00245,2022_07
0.0,18-326-00246,2022_07
0.0,18-326-00247,2022_07
0.0,18-755-00248,2022_07
0.0,18-756-00249,2022_07
2305.0,18-756-00250,2022_07
10255.0,18-756-00251,2022_07
0.0,18-757-00252,2022_07
0.0,18-757-00253,2022_07
0.0,18-757-00254,2022_07
0.0,18-759-00255,2022_07
0.0,18-758-00256,2022_07
0.0,18-758-00257,2022_07
520.0,18-816-00259,2022_07
0.0,18-324-00260,2022_07
0.0,18-816-00261,2022_07
0.0,18-324-00262,2022_07
0.0,18-303-00264,2022_07
572.0,18-799-00265,2022_07
4420.0,18-303-00266,2022_07
0.0,18-326-00268,2022_07
55818.0,18-325-00269,2022_07
0.0,18-325-00270,2022_07
5700.0,18-304-00271,2022_07
0.0,18-321-00272,2022_07
0.0,18-321-00273,2022_07
0.0,18-314-00275,2022_07
0.0,18-312-00276,2022_07
0.0,18-312-00277,2022_07
0.0,18-755-00278,2022_07
1400.0,18-755-00279,2022_07
1823.0,18-760-00280,2022_07
4652.0,18-760-00281,2022_07
0.0,18-316-00188,2022_12
0.0,18-300-00101,2022_06
1250.0,18-300-00102,2022_06
806.0,18-300-00103,2022_06
6157.0,18-300-00104,2022_06
26918.0,18-300-00105,2022_06
92585.0,18-301-00109,2022_06
105767.0,18-301-00110,2022_06
36413.0,18-301-00111,2022_06
135848.0,18-301-00112,2022_06
186290.0,18-301-00113,2022_06
25636.0,18-301-00114,2022_06
117109.0,18-302-00115,2022_06
38804.0,18-302-00116,2022_06
11364.0,18-302-00117,2022_06
0.0,18-302-00118,2022_06
1080.0,18-302-00119,2022_06
336581.0,18-303-00120,2022_06
542423.0,18-303-00121,2022_06
461163.0,18-303-00122,2022_06
502461.0,18-303-00123,2022_06
160360.0,18-799-00124,2022_06
17000.0,18-304-00126,2022_06
0.0,18-304-00127,2022_06
178144.0,18-304-00128,2022_06
11450.0,18-304-00129,2022_06
288.0,18-305-00130,2022_06
1437.0,18-305-00131,2022_06
0.0,18-305-00132,2022_06
0.0,18-305-00133,2022_06
109344.0,18-305-00134,2022_06
156638.0,18-305-00135,2022_06
193280.0,18-305-00136,2022_06
16173.0,18-306-00137,2022_06
15350.0,18-306-00138,2022_06
35977.0,18-306-00139,2022_06
0.0,18-306-00140,2022_06
16350.0,18-307-00141,2022_06
24193.0,18-307-00142,2022_06
13550.0,18-307-00143,2022_06
3400.0,18-307-00144,2022_06
10612.0,18-307-00145,2022_06
878.0,18-307-00146,2022_06
31139.0,18-307-00147,2022_06
1435.0,18-308-00150,2022_06
36005.0,18-308-00151,2022_06
22715.0,18-308-00152,2022_06
26915.0,18-308-00153,2022_06
0.0,18-309-00154,2022_06
0.0,18-309-00155,2022_06
0.0,18-309-00156,2022_06
0.0,18-309-00157,2022_06
390.0,18-310-00158,2022_06
544.0,18-310-00159,2022_06
2448.0,18-310-00160,2022_06
0.0,18-310-00161,2022_06
2589.0,18-310-00162,2022_06
470.0,18-310-00163,2022_06
0.0,18-310-00164,2022_06
0.0,18-311-00165,2022_06
0.0,18-311-00166,2022_06
0.0,18-311-00167,2022_06
0.0,18-311-00168,2022_06
0.0,18-312-00169,2022_06
0.0,18-312-00170,2022_06
0.0,18-312-00171,2022_06
2440.0,18-313-00172,2022_06
0.0,18-313-00173,2022_06
0.0,18-313-00174,2022_06
0.0,18-313-00175,2022_06
0.0,18-313-00176,2022_06
0.0,18-313-00177,2022_06
0.0,18-314-00178,2022_06
0.0,18-314-00179,2022_06
230.0,18-315-00181,2022_06
34056.0,18-316-00184,2022_06
20406.0,18-316-00185,2022_06
22340.0,18-316-00186,2022_06
33276.0,18-316-00187,2022_06
18835.0,18-316-00188,2022_06
6420.0,18-317-00189,2022_06
7167.0,18-317-00190,2022_06
1141.0,18-317-00191,2022_06
13132.0,18-317-00192,2022_06
0.0,18-317-00193,2022_06
6762.0,18-318-00194,2022_06
3394.0,18-318-00195,2022_06
1004.0,18-318-00196,2022_06
700.0,18-318-00197,2022_06
132.0,18-319-00198,2022_06
29512.0,18-319-00199,2022_06
53916.0,18-319-00200,2022_06
0.0,18-319-00201,2022_06
6593.0,18-319-00202,2022_06
143.0,18-320-00205,2022_06
205.0,18-320-00206,2022_06
7590.0,18-320-00207,2022_06
102355.0,18-321-00208,2022_06
22291.0,18-321-00209,2022_06
175521.0,18-321-00210,2022_06
82495.0,18-321-00211,2022_06
0.0,18-321-00212,2022_06
0.0,18-321-00213,2022_06
33512.0,18-321-00214,2022_06
1140.0,18-321-00215,2022_06
0.0,18-321-00216,2022_06
2962.0,18-321-00217,2022_06
0.0,18-322-00219,2022_06
20466.0,18-322-00220,2022_06
15523.0,18-322-00221,2022_06
297161.0,18-323-00222,2022_06
161162.0,18-323-00223,2022_06
56356.0,18-323-00224,2022_06
67375.0,18-323-00225,2022_06
172917.0,18-323-00226,2022_06
42309.0,18-323-00227,2022_06
121100.0,18-323-00228,2022_06
2685.0,18-323-00230,2022_06
35480.0,18-324-00231,2022_06
7835.0,18-324-00233,2022_06
5778.0,18-324-00234,2022_06
73213.0,18-325-00238,2022_06
117939.0,18-325-00239,2022_06
2940.0,18-326-00241,2022_06
740.0,18-326-00245,2022_06
4888.0,18-326-00246,2022_06
142.0,18-326-00247,2022_06
0.0,18-755-00248,2022_06
9079.0,18-756-00249,2022_06
15677.0,18-756-00250,2022_06
13233.0,18-756-00251,2022_06
57148.0,18-757-00252,2022_06
30332.0,18-757-00253,2022_06
26482.0,18-757-00254,2022_06
0.0,18-759-00255,2022_06
487039.0,18-758-00256,2022_06
485033.0,18-758-00257,2022_06
73509.0,18-816-00259,2022_06
2685.0,18-324-00260,2022_06
19234.0,18-816-00261,2022_06
2377.0,18-324-00262,2022_06
24753.0,18-303-00264,2022_06
93472.0,18-799-00265,2022_06
107195.0,18-303-00266,2022_06
11354.0,18-326-00268,2022_06
574473.0,18-325-00269,2022_06
232964.0,18-325-00270,2022_06
48985.0,18-304-00271,2022_06
5200.0,18-321-00272,2022_06
1075.0,18-321-00273,2022_06
0.0,18-314-00275,2022_06
0.0,18-312-00276,2022_06
0.0,18-312-00277,2022_06
0.0,18-755-00278,2022_06
0.0,18-755-00279,2022_06
1823.0,18-760-00280,2022_06
2314.0,18-760-00281,2022_06
