Children_Camp,object_id,timeperiod
0.0,18-300-00101,2021_05
0.0,18-300-00102,2021_05
0.0,18-300-00103,2021_05
0.0,18-300-00104,2021_05
0.0,18-300-00105,2021_05
0.0,18-301-00109,2021_05
0.0,18-301-00110,2021_05
0.0,18-301-00111,2021_05
0.0,18-301-00112,2021_05
0.0,18-301-00113,2021_05
0.0,18-301-00114,2021_05
0.0,18-302-00115,2021_05
0.0,18-302-00116,2021_05
0.0,18-302-00117,2021_05
0.0,18-302-00118,2021_05
0.0,18-302-00119,2021_05
0.0,18-303-00120,2021_05
0.0,18-303-00121,2021_05
0.0,18-303-00122,2021_05
0.0,18-303-00123,2021_05
0.0,18-799-00124,2021_05
0.0,18-304-00126,2021_05
0.0,18-304-00127,2021_05
0.0,18-304-00128,2021_05
0.0,18-304-00129,2021_05
0.0,18-305-00130,2021_05
0.0,18-305-00131,2021_05
0.0,18-305-00132,2021_05
0.0,18-305-00133,2021_05
0.0,18-305-00134,2021_05
0.0,18-305-00135,2021_05
0.0,18-305-00136,2021_05
0.0,18-306-00137,2021_05
0.0,18-306-00138,2021_05
0.0,18-306-00139,2021_05
0.0,18-306-00140,2021_05
0.0,18-307-00141,2021_05
0.0,18-307-00142,2021_05
0.0,18-307-00143,2021_05
0.0,18-307-00144,2021_05
0.0,18-307-00145,2021_05
0.0,18-307-00146,2021_05
0.0,18-307-00147,2021_05
0.0,18-308-00150,2021_05
0.0,18-308-00151,2021_05
0.0,18-308-00152,2021_05
0.0,18-308-00153,2021_05
0.0,18-309-00154,2021_05
0.0,18-309-00155,2021_05
0.0,18-309-00156,2021_05
0.0,18-309-00157,2021_05
0.0,18-310-00158,2021_05
0.0,18-310-00159,2021_05
0.0,18-310-00160,2021_05
0.0,18-310-00161,2021_05
0.0,18-310-00162,2021_05
0.0,18-310-00163,2021_05
0.0,18-310-00164,2021_05
0.0,18-311-00165,2021_05
0.0,18-311-00166,2021_05
0.0,18-311-00167,2021_05
0.0,18-311-00168,2021_05
0.0,18-312-00169,2021_05
0.0,18-312-00170,2021_05
0.0,18-312-00171,2021_05
0.0,18-313-00172,2021_05
0.0,18-313-00173,2021_05
0.0,18-313-00174,2021_05
0.0,18-313-00175,2021_05
0.0,18-313-00176,2021_05
0.0,18-313-00177,2021_05
0.0,18-314-00178,2021_05
0.0,18-314-00179,2021_05
0.0,18-315-00181,2021_05
0.0,18-316-00184,2021_05
0.0,18-316-00185,2021_05
0.0,18-316-00186,2021_05
0.0,18-316-00187,2021_05
0.0,18-316-00188,2021_05
0.0,18-317-00189,2021_05
0.0,18-317-00190,2021_05
0.0,18-317-00191,2021_05
0.0,18-317-00192,2021_05
0.0,18-317-00193,2021_05
0.0,18-318-00194,2021_05
0.0,18-318-00195,2021_05
0.0,18-318-00196,2021_05
0.0,18-318-00197,2021_05
0.0,18-319-00198,2021_05
0.0,18-319-00199,2021_05
0.0,18-319-00200,2021_05
0.0,18-319-00201,2021_05
0.0,18-319-00202,2021_05
0.0,18-320-00205,2021_05
0.0,18-320-00206,2021_05
0.0,18-320-00207,2021_05
0.0,18-321-00208,2021_05
0.0,18-321-00209,2021_05
0.0,18-321-00210,2021_05
0.0,18-321-00211,2021_05
0.0,18-321-00212,2021_05
0.0,18-321-00213,2021_05
0.0,18-321-00214,2021_05
0.0,18-321-00215,2021_05
0.0,18-321-00216,2021_05
0.0,18-321-00217,2021_05
0.0,18-322-00219,2021_05
0.0,18-322-00220,2021_05
0.0,18-322-00221,2021_05
0.0,18-323-00222,2021_05
0.0,18-323-00223,2021_05
0.0,18-323-00224,2021_05
0.0,18-323-00225,2021_05
0.0,18-323-00226,2021_05
0.0,18-323-00227,2021_05
0.0,18-323-00228,2021_05
0.0,18-323-00230,2021_05
0.0,18-324-00231,2021_05
0.0,18-324-00233,2021_05
0.0,18-324-00234,2021_05
0.0,18-325-00238,2021_05
0.0,18-325-00239,2021_05
0.0,18-326-00241,2021_05
0.0,18-326-00245,2021_05
0.0,18-326-00246,2021_05
0.0,18-326-00247,2021_05
0.0,18-755-00248,2021_05
0.0,18-756-00249,2021_05
0.0,18-756-00250,2021_05
0.0,18-756-00251,2021_05
0.0,18-757-00252,2021_05
0.0,18-757-00253,2021_05
0.0,18-757-00254,2021_05
0.0,18-759-00255,2021_05
0.0,18-758-00256,2021_05
0.0,18-758-00257,2021_05
0.0,18-816-00259,2021_05
0.0,18-324-00260,2021_05
0.0,18-816-00261,2021_05
0.0,18-324-00262,2021_05
0.0,18-303-00264,2021_05
0.0,18-799-00265,2021_05
0.0,18-303-00266,2021_05
0.0,18-326-00268,2021_05
0.0,18-325-00269,2021_05
0.0,18-325-00270,2021_05
0.0,18-304-00271,2021_05
0.0,18-321-00272,2021_05
0.0,18-321-00273,2021_05
0.0,18-314-00275,2021_05
0.0,18-312-00276,2021_05
0.0,18-312-00277,2021_05
0.0,18-755-00278,2021_05
0.0,18-755-00279,2021_05
0.0,18-760-00280,2021_05
0.0,18-760-00281,2021_05
0.0,18-300-00101,2021_06
0.0,18-300-00102,2021_06
0.0,18-300-00103,2021_06
0.0,18-300-00104,2021_06
0.0,18-300-00105,2021_06
0.0,18-301-00109,2021_06
0.0,18-301-00110,2021_06
0.0,18-301-00111,2021_06
0.0,18-301-00112,2021_06
0.0,18-301-00113,2021_06
0.0,18-301-00114,2021_06
0.0,18-302-00115,2021_06
0.0,18-302-00116,2021_06
0.0,18-302-00117,2021_06
0.0,18-302-00118,2021_06
0.0,18-302-00119,2021_06
0.0,18-303-00120,2021_06
0.0,18-303-00121,2021_06
0.0,18-303-00122,2021_06
0.0,18-303-00123,2021_06
0.0,18-799-00124,2021_06
0.0,18-304-00126,2021_06
0.0,18-304-00127,2021_06
0.0,18-304-00128,2021_06
0.0,18-304-00129,2021_06
0.0,18-305-00130,2021_06
0.0,18-305-00131,2021_06
0.0,18-305-00132,2021_06
0.0,18-305-00133,2021_06
0.0,18-305-00134,2021_06
0.0,18-305-00135,2021_06
0.0,18-305-00136,2021_06
0.0,18-306-00137,2021_06
0.0,18-306-00138,2021_06
0.0,18-306-00139,2021_06
0.0,18-306-00140,2021_06
0.0,18-307-00141,2021_06
0.0,18-307-00142,2021_06
0.0,18-307-00143,2021_06
0.0,18-307-00144,2021_06
0.0,18-307-00145,2021_06
0.0,18-307-00146,2021_06
0.0,18-307-00147,2021_06
0.0,18-308-00150,2021_06
0.0,18-308-00151,2021_06
0.0,18-308-00152,2021_06
0.0,18-308-00153,2021_06
0.0,18-309-00154,2021_06
0.0,18-309-00155,2021_06
0.0,18-309-00156,2021_06
0.0,18-309-00157,2021_06
0.0,18-310-00158,2021_06
0.0,18-310-00159,2021_06
0.0,18-310-00160,2021_06
0.0,18-310-00161,2021_06
0.0,18-310-00162,2021_06
0.0,18-310-00163,2021_06
0.0,18-310-00164,2021_06
0.0,18-311-00165,2021_06
0.0,18-311-00166,2021_06
0.0,18-311-00167,2021_06
0.0,18-311-00168,2021_06
0.0,18-312-00169,2021_06
0.0,18-312-00170,2021_06
0.0,18-312-00171,2021_06
0.0,18-313-00172,2021_06
0.0,18-313-00173,2021_06
0.0,18-313-00174,2021_06
0.0,18-313-00175,2021_06
0.0,18-313-00176,2021_06
0.0,18-313-00177,2021_06
0.0,18-314-00178,2021_06
0.0,18-314-00179,2021_06
0.0,18-315-00181,2021_06
0.0,18-316-00184,2021_06
0.0,18-316-00185,2021_06
0.0,18-316-00186,2021_06
0.0,18-316-00187,2021_06
0.0,18-316-00188,2021_06
0.0,18-317-00189,2021_06
0.0,18-317-00190,2021_06
0.0,18-317-00191,2021_06
0.0,18-317-00192,2021_06
0.0,18-317-00193,2021_06
0.0,18-318-00194,2021_06
0.0,18-318-00195,2021_06
0.0,18-318-00196,2021_06
0.0,18-318-00197,2021_06
0.0,18-319-00198,2021_06
0.0,18-319-00199,2021_06
0.0,18-319-00200,2021_06
0.0,18-319-00201,2021_06
0.0,18-319-00202,2021_06
0.0,18-320-00205,2021_06
0.0,18-320-00206,2021_06
0.0,18-320-00207,2021_06
0.0,18-321-00208,2021_06
0.0,18-321-00209,2021_06
0.0,18-321-00210,2021_06
0.0,18-321-00211,2021_06
0.0,18-321-00212,2021_06
0.0,18-321-00213,2021_06
0.0,18-321-00214,2021_06
0.0,18-321-00215,2021_06
0.0,18-321-00216,2021_06
0.0,18-321-00217,2021_06
0.0,18-322-00219,2021_06
0.0,18-322-00220,2021_06
0.0,18-322-00221,2021_06
0.0,18-323-00222,2021_06
0.0,18-323-00223,2021_06
0.0,18-323-00224,2021_06
0.0,18-323-00225,2021_06
0.0,18-323-00226,2021_06
0.0,18-323-00227,2021_06
0.0,18-323-00228,2021_06
0.0,18-323-00230,2021_06
0.0,18-324-00231,2021_06
0.0,18-324-00233,2021_06
0.0,18-324-00234,2021_06
0.0,18-325-00238,2021_06
0.0,18-325-00239,2021_06
0.0,18-326-00241,2021_06
0.0,18-326-00245,2021_06
0.0,18-326-00246,2021_06
0.0,18-326-00247,2021_06
0.0,18-755-00248,2021_06
0.0,18-756-00249,2021_06
0.0,18-756-00250,2021_06
0.0,18-756-00251,2021_06
0.0,18-757-00252,2021_06
0.0,18-757-00253,2021_06
0.0,18-757-00254,2021_06
0.0,18-759-00255,2021_06
0.0,18-758-00256,2021_06
0.0,18-758-00257,2021_06
0.0,18-816-00259,2021_06
0.0,18-324-00260,2021_06
0.0,18-816-00261,2021_06
0.0,18-324-00262,2021_06
0.0,18-303-00264,2021_06
0.0,18-799-00265,2021_06
0.0,18-303-00266,2021_06
0.0,18-326-00268,2021_06
0.0,18-325-00269,2021_06
0.0,18-325-00270,2021_06
0.0,18-304-00271,2021_06
0.0,18-321-00272,2021_06
0.0,18-321-00273,2021_06
0.0,18-314-00275,2021_06
0.0,18-312-00276,2021_06
0.0,18-312-00277,2021_06
0.0,18-755-00278,2021_06
0.0,18-755-00279,2021_06
0.0,18-760-00280,2021_06
0.0,18-760-00281,2021_06
0.0,18-300-00101,2021_07
0.0,18-300-00102,2021_07
0.0,18-300-00103,2021_07
0.0,18-300-00104,2021_07
0.0,18-300-00105,2021_07
0.0,18-301-00109,2021_07
0.0,18-301-00110,2021_07
0.0,18-301-00111,2021_07
0.0,18-301-00112,2021_07
0.0,18-301-00113,2021_07
0.0,18-301-00114,2021_07
0.0,18-302-00115,2021_07
0.0,18-302-00116,2021_07
0.0,18-302-00117,2021_07
0.0,18-302-00118,2021_07
0.0,18-302-00119,2021_07
0.0,18-303-00120,2021_07
0.0,18-303-00121,2021_07
0.0,18-303-00122,2021_07
0.0,18-303-00123,2021_07
0.0,18-799-00124,2021_07
0.0,18-304-00126,2021_07
0.0,18-304-00127,2021_07
0.0,18-304-00128,2021_07
0.0,18-304-00129,2021_07
0.0,18-305-00130,2021_07
0.0,18-305-00131,2021_07
0.0,18-305-00132,2021_07
0.0,18-305-00133,2021_07
0.0,18-305-00134,2021_07
0.0,18-305-00135,2021_07
0.0,18-305-00136,2021_07
0.0,18-306-00137,2021_07
0.0,18-306-00138,2021_07
0.0,18-306-00139,2021_07
0.0,18-306-00140,2021_07
0.0,18-307-00141,2021_07
0.0,18-307-00142,2021_07
0.0,18-307-00143,2021_07
0.0,18-307-00144,2021_07
0.0,18-307-00145,2021_07
0.0,18-307-00146,2021_07
0.0,18-307-00147,2021_07
0.0,18-308-00150,2021_07
0.0,18-308-00151,2021_07
0.0,18-308-00152,2021_07
0.0,18-308-00153,2021_07
0.0,18-309-00154,2021_07
0.0,18-309-00155,2021_07
0.0,18-309-00156,2021_07
0.0,18-309-00157,2021_07
0.0,18-310-00158,2021_07
0.0,18-310-00159,2021_07
0.0,18-310-00160,2021_07
0.0,18-310-00161,2021_07
0.0,18-310-00162,2021_07
0.0,18-310-00163,2021_07
0.0,18-310-00164,2021_07
0.0,18-311-00165,2021_07
0.0,18-311-00166,2021_07
0.0,18-311-00167,2021_07
0.0,18-311-00168,2021_07
0.0,18-312-00169,2021_07
0.0,18-312-00170,2021_07
0.0,18-312-00171,2021_07
0.0,18-313-00172,2021_07
0.0,18-313-00173,2021_07
0.0,18-313-00174,2021_07
0.0,18-313-00175,2021_07
0.0,18-313-00176,2021_07
0.0,18-313-00177,2021_07
0.0,18-314-00178,2021_07
0.0,18-314-00179,2021_07
0.0,18-315-00181,2021_07
0.0,18-316-00184,2021_07
0.0,18-316-00185,2021_07
0.0,18-316-00186,2021_07
0.0,18-316-00187,2021_07
0.0,18-316-00188,2021_07
0.0,18-317-00189,2021_07
0.0,18-317-00190,2021_07
0.0,18-317-00191,2021_07
0.0,18-317-00192,2021_07
0.0,18-317-00193,2021_07
0.0,18-318-00194,2021_07
0.0,18-318-00195,2021_07
0.0,18-318-00196,2021_07
0.0,18-318-00197,2021_07
0.0,18-319-00198,2021_07
0.0,18-319-00199,2021_07
0.0,18-319-00200,2021_07
0.0,18-319-00201,2021_07
0.0,18-319-00202,2021_07
0.0,18-320-00205,2021_07
0.0,18-320-00206,2021_07
0.0,18-320-00207,2021_07
0.0,18-321-00208,2021_07
0.0,18-321-00209,2021_07
0.0,18-321-00210,2021_07
0.0,18-321-00211,2021_07
0.0,18-321-00212,2021_07
0.0,18-321-00213,2021_07
0.0,18-321-00214,2021_07
0.0,18-321-00215,2021_07
0.0,18-321-00216,2021_07
0.0,18-321-00217,2021_07
0.0,18-322-00219,2021_07
0.0,18-322-00220,2021_07
0.0,18-322-00221,2021_07
0.0,18-323-00222,2021_07
0.0,18-323-00223,2021_07
0.0,18-323-00224,2021_07
0.0,18-323-00225,2021_07
0.0,18-323-00226,2021_07
0.0,18-323-00227,2021_07
0.0,18-323-00228,2021_07
0.0,18-323-00230,2021_07
0.0,18-324-00231,2021_07
0.0,18-324-00233,2021_07
0.0,18-324-00234,2021_07
0.0,18-325-00238,2021_07
0.0,18-325-00239,2021_07
0.0,18-326-00241,2021_07
0.0,18-326-00245,2021_07
0.0,18-326-00246,2021_07
0.0,18-326-00247,2021_07
0.0,18-755-00248,2021_07
0.0,18-756-00249,2021_07
0.0,18-756-00250,2021_07
0.0,18-756-00251,2021_07
0.0,18-757-00252,2021_07
0.0,18-757-00253,2021_07
0.0,18-757-00254,2021_07
0.0,18-759-00255,2021_07
0.0,18-758-00256,2021_07
0.0,18-758-00257,2021_07
0.0,18-816-00259,2021_07
0.0,18-324-00260,2021_07
0.0,18-816-00261,2021_07
0.0,18-324-00262,2021_07
0.0,18-303-00264,2021_07
0.0,18-799-00265,2021_07
0.0,18-303-00266,2021_07
0.0,18-326-00268,2021_07
0.0,18-325-00269,2021_07
0.0,18-325-00270,2021_07
0.0,18-304-00271,2021_07
0.0,18-321-00272,2021_07
0.0,18-321-00273,2021_07
0.0,18-314-00275,2021_07
0.0,18-312-00276,2021_07
0.0,18-312-00277,2021_07
0.0,18-755-00278,2021_07
0.0,18-755-00279,2021_07
0.0,18-760-00280,2021_07
0.0,18-760-00281,2021_07
0.0,18-300-00101,2021_08
0.0,18-300-00102,2021_08
0.0,18-300-00103,2021_08
0.0,18-300-00104,2021_08
0.0,18-300-00105,2021_08
0.0,18-301-00109,2021_08
0.0,18-301-00110,2021_08
0.0,18-301-00111,2021_08
0.0,18-301-00112,2021_08
0.0,18-301-00113,2021_08
0.0,18-301-00114,2021_08
0.0,18-302-00115,2021_08
0.0,18-302-00116,2021_08
0.0,18-302-00117,2021_08
0.0,18-302-00118,2021_08
0.0,18-302-00119,2021_08
0.0,18-303-00120,2021_08
0.0,18-303-00121,2021_08
0.0,18-303-00122,2021_08
0.0,18-303-00123,2021_08
0.0,18-799-00124,2021_08
0.0,18-304-00126,2021_08
0.0,18-304-00127,2021_08
0.0,18-304-00128,2021_08
0.0,18-304-00129,2021_08
0.0,18-305-00130,2021_08
0.0,18-305-00131,2021_08
0.0,18-305-00132,2021_08
0.0,18-305-00133,2021_08
0.0,18-305-00134,2021_08
0.0,18-305-00135,2021_08
0.0,18-305-00136,2021_08
0.0,18-306-00137,2021_08
0.0,18-306-00138,2021_08
0.0,18-306-00139,2021_08
0.0,18-306-00140,2021_08
0.0,18-307-00141,2021_08
0.0,18-307-00142,2021_08
0.0,18-307-00143,2021_08
0.0,18-307-00144,2021_08
0.0,18-307-00145,2021_08
0.0,18-307-00146,2021_08
0.0,18-307-00147,2021_08
116.0,18-308-00150,2021_08
0.0,18-308-00151,2021_08
0.0,18-308-00152,2021_08
0.0,18-308-00153,2021_08
0.0,18-309-00154,2021_08
0.0,18-309-00155,2021_08
0.0,18-309-00156,2021_08
0.0,18-309-00157,2021_08
0.0,18-310-00158,2021_08
0.0,18-310-00159,2021_08
4.0,18-310-00160,2021_08
0.0,18-310-00161,2021_08
0.0,18-310-00162,2021_08
0.0,18-310-00163,2021_08
0.0,18-310-00164,2021_08
0.0,18-311-00165,2021_08
0.0,18-311-00166,2021_08
0.0,18-311-00167,2021_08
0.0,18-311-00168,2021_08
0.0,18-312-00169,2021_08
0.0,18-312-00170,2021_08
0.0,18-312-00171,2021_08
0.0,18-313-00172,2021_08
0.0,18-313-00173,2021_08
0.0,18-313-00174,2021_08
0.0,18-313-00175,2021_08
0.0,18-313-00176,2021_08
0.0,18-313-00177,2021_08
0.0,18-314-00178,2021_08
0.0,18-314-00179,2021_08
0.0,18-315-00181,2021_08
0.0,18-316-00184,2021_08
0.0,18-316-00185,2021_08
0.0,18-316-00186,2021_08
0.0,18-316-00187,2021_08
0.0,18-316-00188,2021_08
0.0,18-317-00189,2021_08
0.0,18-317-00190,2021_08
0.0,18-317-00191,2021_08
0.0,18-317-00192,2021_08
0.0,18-317-00193,2021_08
0.0,18-318-00194,2021_08
0.0,18-318-00195,2021_08
0.0,18-318-00196,2021_08
0.0,18-318-00197,2021_08
0.0,18-319-00198,2021_08
0.0,18-319-00199,2021_08
82.0,18-319-00200,2021_08
0.0,18-319-00201,2021_08
51.0,18-319-00202,2021_08
0.0,18-320-00205,2021_08
0.0,18-320-00206,2021_08
15.0,18-320-00207,2021_08
0.0,18-321-00208,2021_08
0.0,18-321-00209,2021_08
0.0,18-321-00210,2021_08
0.0,18-321-00211,2021_08
0.0,18-321-00212,2021_08
0.0,18-321-00213,2021_08
0.0,18-321-00214,2021_08
0.0,18-321-00215,2021_08
0.0,18-321-00216,2021_08
0.0,18-321-00217,2021_08
0.0,18-322-00219,2021_08
0.0,18-322-00220,2021_08
0.0,18-322-00221,2021_08
0.0,18-323-00222,2021_08
0.0,18-323-00223,2021_08
0.0,18-323-00224,2021_08
0.0,18-323-00225,2021_08
0.0,18-323-00226,2021_08
0.0,18-323-00227,2021_08
0.0,18-323-00228,2021_08
0.0,18-323-00230,2021_08
0.0,18-324-00231,2021_08
0.0,18-324-00233,2021_08
0.0,18-324-00234,2021_08
0.0,18-325-00238,2021_08
0.0,18-325-00239,2021_08
0.0,18-326-00241,2021_08
0.0,18-326-00245,2021_08
0.0,18-326-00246,2021_08
0.0,18-326-00247,2021_08
0.0,18-755-00248,2021_08
0.0,18-756-00249,2021_08
0.0,18-756-00250,2021_08
0.0,18-756-00251,2021_08
0.0,18-757-00252,2021_08
0.0,18-757-00253,2021_08
0.0,18-757-00254,2021_08
0.0,18-759-00255,2021_08
0.0,18-758-00256,2021_08
0.0,18-758-00257,2021_08
0.0,18-816-00259,2021_08
0.0,18-324-00260,2021_08
0.0,18-816-00261,2021_08
0.0,18-324-00262,2021_08
0.0,18-303-00264,2021_08
0.0,18-799-00265,2021_08
0.0,18-303-00266,2021_08
0.0,18-326-00268,2021_08
0.0,18-325-00269,2021_08
0.0,18-325-00270,2021_08
0.0,18-304-00271,2021_08
0.0,18-321-00272,2021_08
0.0,18-321-00273,2021_08
0.0,18-314-00275,2021_08
0.0,18-312-00276,2021_08
0.0,18-312-00277,2021_08
0.0,18-755-00278,2021_08
0.0,18-755-00279,2021_08
0.0,18-760-00280,2021_08
2.0,18-760-00281,2021_08
0.0,18-300-00101,2021_09
0.0,18-300-00102,2021_09
0.0,18-300-00103,2021_09
0.0,18-300-00104,2021_09
0.0,18-300-00105,2021_09
0.0,18-301-00109,2021_09
0.0,18-301-00110,2021_09
0.0,18-301-00111,2021_09
0.0,18-301-00112,2021_09
0.0,18-301-00113,2021_09
0.0,18-301-00114,2021_09
0.0,18-302-00115,2021_09
0.0,18-302-00116,2021_09
0.0,18-302-00117,2021_09
0.0,18-302-00118,2021_09
0.0,18-302-00119,2021_09
0.0,18-303-00120,2021_09
0.0,18-303-00121,2021_09
0.0,18-303-00122,2021_09
0.0,18-303-00123,2021_09
0.0,18-799-00124,2021_09
0.0,18-304-00126,2021_09
0.0,18-304-00127,2021_09
0.0,18-304-00128,2021_09
0.0,18-304-00129,2021_09
0.0,18-305-00130,2021_09
0.0,18-305-00131,2021_09
0.0,18-305-00132,2021_09
0.0,18-305-00133,2021_09
0.0,18-305-00134,2021_09
0.0,18-305-00135,2021_09
0.0,18-305-00136,2021_09
0.0,18-306-00137,2021_09
0.0,18-306-00138,2021_09
0.0,18-306-00139,2021_09
0.0,18-306-00140,2021_09
0.0,18-307-00141,2021_09
0.0,18-307-00142,2021_09
0.0,18-307-00143,2021_09
0.0,18-307-00144,2021_09
0.0,18-307-00145,2021_09
0.0,18-307-00146,2021_09
0.0,18-307-00147,2021_09
0.0,18-308-00150,2021_09
0.0,18-308-00151,2021_09
46.0,18-308-00152,2021_09
0.0,18-308-00153,2021_09
0.0,18-309-00154,2021_09
0.0,18-309-00155,2021_09
0.0,18-309-00156,2021_09
0.0,18-309-00157,2021_09
0.0,18-310-00158,2021_09
0.0,18-310-00159,2021_09
0.0,18-310-00160,2021_09
0.0,18-310-00161,2021_09
0.0,18-310-00162,2021_09
0.0,18-310-00163,2021_09
0.0,18-310-00164,2021_09
0.0,18-311-00165,2021_09
0.0,18-311-00166,2021_09
0.0,18-311-00167,2021_09
0.0,18-311-00168,2021_09
0.0,18-312-00169,2021_09
0.0,18-312-00170,2021_09
0.0,18-312-00171,2021_09
843.0,18-313-00172,2021_09
0.0,18-313-00173,2021_09
0.0,18-313-00174,2021_09
0.0,18-313-00175,2021_09
0.0,18-313-00176,2021_09
0.0,18-313-00177,2021_09
0.0,18-314-00178,2021_09
0.0,18-314-00179,2021_09
0.0,18-315-00181,2021_09
0.0,18-316-00184,2021_09
0.0,18-316-00185,2021_09
0.0,18-316-00186,2021_09
0.0,18-316-00187,2021_09
0.0,18-316-00188,2021_09
0.0,18-317-00189,2021_09
0.0,18-317-00190,2021_09
0.0,18-317-00191,2021_09
0.0,18-317-00192,2021_09
0.0,18-317-00193,2021_09
0.0,18-318-00194,2021_09
0.0,18-318-00195,2021_09
0.0,18-318-00196,2021_09
0.0,18-318-00197,2021_09
0.0,18-319-00198,2021_09
0.0,18-319-00199,2021_09
40.0,18-319-00200,2021_09
0.0,18-319-00201,2021_09
0.0,18-319-00202,2021_09
0.0,18-320-00205,2021_09
0.0,18-320-00206,2021_09
0.0,18-320-00207,2021_09
0.0,18-321-00208,2021_09
0.0,18-321-00209,2021_09
0.0,18-321-00210,2021_09
0.0,18-321-00211,2021_09
0.0,18-321-00212,2021_09
0.0,18-321-00213,2021_09
0.0,18-321-00214,2021_09
0.0,18-321-00215,2021_09
0.0,18-321-00216,2021_09
0.0,18-321-00217,2021_09
0.0,18-322-00219,2021_09
0.0,18-322-00220,2021_09
0.0,18-322-00221,2021_09
0.0,18-323-00222,2021_09
0.0,18-323-00223,2021_09
0.0,18-323-00224,2021_09
0.0,18-323-00225,2021_09
0.0,18-323-00226,2021_09
0.0,18-323-00227,2021_09
0.0,18-323-00228,2021_09
0.0,18-323-00230,2021_09
0.0,18-324-00231,2021_09
0.0,18-324-00233,2021_09
0.0,18-324-00234,2021_09
0.0,18-325-00238,2021_09
0.0,18-325-00239,2021_09
0.0,18-326-00241,2021_09
0.0,18-326-00245,2021_09
0.0,18-326-00246,2021_09
0.0,18-326-00247,2021_09
0.0,18-755-00248,2021_09
0.0,18-756-00249,2021_09
0.0,18-756-00250,2021_09
0.0,18-756-00251,2021_09
0.0,18-757-00252,2021_09
0.0,18-757-00253,2021_09
0.0,18-757-00254,2021_09
0.0,18-759-00255,2021_09
0.0,18-758-00256,2021_09
0.0,18-758-00257,2021_09
0.0,18-816-00259,2021_09
0.0,18-324-00260,2021_09
0.0,18-816-00261,2021_09
0.0,18-324-00262,2021_09
0.0,18-303-00264,2021_09
0.0,18-799-00265,2021_09
180.0,18-303-00266,2021_09
0.0,18-326-00268,2021_09
0.0,18-325-00269,2021_09
0.0,18-325-00270,2021_09
0.0,18-304-00271,2021_09
0.0,18-321-00272,2021_09
0.0,18-321-00273,2021_09
0.0,18-314-00275,2021_09
0.0,18-312-00276,2021_09
0.0,18-312-00277,2021_09
0.0,18-755-00278,2021_09
0.0,18-755-00279,2021_09
0.0,18-760-00280,2021_09
0.0,18-760-00281,2021_09
0.0,18-300-00101,2021_10
0.0,18-300-00102,2021_10
0.0,18-300-00103,2021_10
0.0,18-300-00104,2021_10
0.0,18-300-00105,2021_10
0.0,18-301-00109,2021_10
0.0,18-301-00110,2021_10
0.0,18-301-00111,2021_10
0.0,18-301-00112,2021_10
0.0,18-301-00113,2021_10
0.0,18-301-00114,2021_10
0.0,18-302-00115,2021_10
0.0,18-302-00116,2021_10
0.0,18-302-00117,2021_10
0.0,18-302-00118,2021_10
0.0,18-302-00119,2021_10
0.0,18-303-00120,2021_10
0.0,18-303-00121,2021_10
0.0,18-303-00122,2021_10
0.0,18-303-00123,2021_10
0.0,18-799-00124,2021_10
0.0,18-304-00126,2021_10
0.0,18-304-00127,2021_10
0.0,18-304-00128,2021_10
0.0,18-304-00129,2021_10
0.0,18-305-00130,2021_10
0.0,18-305-00131,2021_10
0.0,18-305-00132,2021_10
0.0,18-305-00133,2021_10
0.0,18-305-00134,2021_10
0.0,18-305-00135,2021_10
0.0,18-305-00136,2021_10
0.0,18-306-00137,2021_10
0.0,18-306-00138,2021_10
0.0,18-306-00139,2021_10
0.0,18-306-00140,2021_10
0.0,18-307-00141,2021_10
0.0,18-307-00142,2021_10
0.0,18-307-00143,2021_10
0.0,18-307-00144,2021_10
0.0,18-307-00145,2021_10
0.0,18-307-00146,2021_10
0.0,18-307-00147,2021_10
0.0,18-308-00150,2021_10
0.0,18-308-00151,2021_10
0.0,18-308-00152,2021_10
0.0,18-308-00153,2021_10
0.0,18-309-00154,2021_10
0.0,18-309-00155,2021_10
0.0,18-309-00156,2021_10
0.0,18-309-00157,2021_10
0.0,18-310-00158,2021_10
0.0,18-310-00159,2021_10
0.0,18-310-00160,2021_10
0.0,18-310-00161,2021_10
0.0,18-310-00162,2021_10
0.0,18-310-00163,2021_10
0.0,18-310-00164,2021_10
0.0,18-311-00165,2021_10
0.0,18-311-00166,2021_10
0.0,18-311-00167,2021_10
0.0,18-311-00168,2021_10
0.0,18-312-00169,2021_10
0.0,18-312-00170,2021_10
0.0,18-312-00171,2021_10
0.0,18-313-00172,2021_10
0.0,18-313-00173,2021_10
0.0,18-313-00174,2021_10
0.0,18-313-00175,2021_10
0.0,18-313-00176,2021_10
0.0,18-313-00177,2021_10
0.0,18-314-00178,2021_10
0.0,18-314-00179,2021_10
0.0,18-315-00181,2021_10
0.0,18-316-00184,2021_10
0.0,18-316-00185,2021_10
0.0,18-316-00186,2021_10
0.0,18-316-00187,2021_10
0.0,18-316-00188,2021_10
0.0,18-317-00189,2021_10
0.0,18-317-00190,2021_10
0.0,18-317-00191,2021_10
0.0,18-317-00192,2021_10
0.0,18-317-00193,2021_10
0.0,18-318-00194,2021_10
0.0,18-318-00195,2021_10
0.0,18-318-00196,2021_10
0.0,18-318-00197,2021_10
0.0,18-319-00198,2021_10
0.0,18-319-00199,2021_10
0.0,18-319-00200,2021_10
0.0,18-319-00201,2021_10
0.0,18-319-00202,2021_10
0.0,18-320-00205,2021_10
0.0,18-320-00206,2021_10
0.0,18-320-00207,2021_10
0.0,18-321-00208,2021_10
0.0,18-321-00209,2021_10
0.0,18-321-00210,2021_10
0.0,18-321-00211,2021_10
0.0,18-321-00212,2021_10
0.0,18-321-00213,2021_10
0.0,18-321-00214,2021_10
0.0,18-321-00215,2021_10
0.0,18-321-00216,2021_10
0.0,18-321-00217,2021_10
0.0,18-322-00219,2021_10
0.0,18-322-00220,2021_10
0.0,18-322-00221,2021_10
0.0,18-323-00222,2021_10
0.0,18-323-00223,2021_10
0.0,18-323-00224,2021_10
0.0,18-323-00225,2021_10
0.0,18-323-00226,2021_10
0.0,18-323-00227,2021_10
0.0,18-323-00228,2021_10
0.0,18-323-00230,2021_10
0.0,18-324-00231,2021_10
0.0,18-324-00233,2021_10
0.0,18-324-00234,2021_10
0.0,18-325-00238,2021_10
0.0,18-325-00239,2021_10
0.0,18-326-00241,2021_10
0.0,18-326-00245,2021_10
0.0,18-326-00246,2021_10
0.0,18-326-00247,2021_10
0.0,18-755-00248,2021_10
0.0,18-756-00249,2021_10
0.0,18-756-00250,2021_10
0.0,18-756-00251,2021_10
0.0,18-757-00252,2021_10
0.0,18-757-00253,2021_10
0.0,18-757-00254,2021_10
0.0,18-759-00255,2021_10
0.0,18-758-00256,2021_10
0.0,18-758-00257,2021_10
0.0,18-816-00259,2021_10
0.0,18-324-00260,2021_10
0.0,18-816-00261,2021_10
0.0,18-324-00262,2021_10
0.0,18-303-00264,2021_10
0.0,18-799-00265,2021_10
0.0,18-303-00266,2021_10
0.0,18-326-00268,2021_10
0.0,18-325-00269,2021_10
0.0,18-325-00270,2021_10
0.0,18-304-00271,2021_10
0.0,18-321-00272,2021_10
0.0,18-321-00273,2021_10
0.0,18-314-00275,2021_10
0.0,18-312-00276,2021_10
0.0,18-312-00277,2021_10
0.0,18-755-00278,2021_10
0.0,18-755-00279,2021_10
0.0,18-760-00280,2021_10
0.0,18-760-00281,2021_10
0.0,18-300-00101,2022_04
0.0,18-300-00103,2022_04
0.0,18-300-00104,2022_04
0.0,18-300-00105,2022_04
0.0,18-301-00109,2022_04
0.0,18-301-00114,2022_04
0.0,18-307-00141,2022_04
0.0,18-309-00155,2022_04
0.0,18-310-00160,2022_04
0.0,18-311-00168,2022_04
0.0,18-315-00181,2022_04
0.0,18-316-00184,2022_04
0.0,18-316-00185,2022_04
0.0,18-316-00186,2022_04
0.0,18-316-00187,2022_04
0.0,18-316-00188,2022_04
0.0,18-317-00191,2022_04
0.0,18-317-00192,2022_04
0.0,18-317-00193,2022_04
0.0,18-319-00200,2022_04
0.0,18-324-00233,2022_04
0.0,18-326-00246,2022_04
0.0,18-755-00248,2022_04
0.0,18-756-00250,2022_04
0.0,18-757-00252,2022_04
0.0,18-326-00268,2022_04
0.0,18-755-00278,2022_04
0.0,18-755-00279,2022_04
0.0,18-300-00101,2022_05
0.0,18-300-00102,2022_05
0.0,18-300-00103,2022_05
0.0,18-300-00104,2022_05
0.0,18-300-00105,2022_05
0.0,18-301-00109,2022_05
0.0,18-301-00110,2022_05
0.0,18-301-00111,2022_05
0.0,18-301-00112,2022_05
0.0,18-301-00113,2022_05
0.0,18-301-00114,2022_05
0.0,18-302-00115,2022_05
0.0,18-302-00116,2022_05
0.0,18-302-00117,2022_05
0.0,18-302-00118,2022_05
0.0,18-302-00119,2022_05
0.0,18-303-00120,2022_05
0.0,18-303-00121,2022_05
0.0,18-303-00122,2022_05
0.0,18-303-00123,2022_05
0.0,18-799-00124,2022_05
0.0,18-304-00126,2022_05
0.0,18-304-00127,2022_05
180.0,18-304-00128,2022_05
0.0,18-304-00129,2022_05
0.0,18-305-00130,2022_05
0.0,18-305-00131,2022_05
0.0,18-305-00132,2022_05
0.0,18-305-00133,2022_05
0.0,18-305-00134,2022_05
0.0,18-305-00135,2022_05
1319.0,18-305-00136,2022_05
0.0,18-306-00137,2022_05
0.0,18-306-00138,2022_05
0.0,18-306-00139,2022_05
0.0,18-306-00140,2022_05
0.0,18-307-00141,2022_05
0.0,18-307-00142,2022_05
0.0,18-307-00143,2022_05
0.0,18-307-00144,2022_05
0.0,18-307-00145,2022_05
0.0,18-307-00146,2022_05
0.0,18-307-00147,2022_05
0.0,18-308-00150,2022_05
0.0,18-308-00151,2022_05
0.0,18-308-00152,2022_05
0.0,18-308-00153,2022_05
0.0,18-309-00154,2022_05
0.0,18-309-00155,2022_05
0.0,18-309-00156,2022_05
0.0,18-309-00157,2022_05
0.0,18-310-00158,2022_05
0.0,18-310-00159,2022_05
0.0,18-310-00160,2022_05
0.0,18-310-00161,2022_05
0.0,18-310-00162,2022_05
0.0,18-310-00163,2022_05
0.0,18-310-00164,2022_05
0.0,18-311-00165,2022_05
0.0,18-311-00166,2022_05
0.0,18-311-00167,2022_05
0.0,18-311-00168,2022_05
0.0,18-312-00169,2022_05
0.0,18-312-00170,2022_05
0.0,18-312-00171,2022_05
0.0,18-313-00172,2022_05
0.0,18-313-00173,2022_05
0.0,18-313-00174,2022_05
0.0,18-313-00175,2022_05
0.0,18-313-00176,2022_05
0.0,18-313-00177,2022_05
0.0,18-314-00178,2022_05
0.0,18-314-00179,2022_05
536.0,18-315-00181,2022_05
81413.0,18-316-00184,2022_05
33520.0,18-316-00185,2022_05
65.0,18-316-00186,2022_05
13187.0,18-316-00187,2022_05
823.0,18-316-00188,2022_05
0.0,18-317-00189,2022_05
5.0,18-317-00190,2022_05
0.0,18-317-00191,2022_05
0.0,18-317-00192,2022_05
0.0,18-317-00193,2022_05
5.0,18-318-00194,2022_05
0.0,18-318-00195,2022_05
0.0,18-318-00196,2022_05
0.0,18-318-00197,2022_05
0.0,18-319-00198,2022_05
0.0,18-319-00199,2022_05
0.0,18-319-00200,2022_05
0.0,18-319-00201,2022_05
0.0,18-319-00202,2022_05
0.0,18-320-00205,2022_05
0.0,18-320-00206,2022_05
0.0,18-320-00207,2022_05
0.0,18-321-00208,2022_05
0.0,18-321-00209,2022_05
0.0,18-321-00210,2022_05
0.0,18-321-00211,2022_05
0.0,18-321-00212,2022_05
0.0,18-321-00213,2022_05
0.0,18-321-00214,2022_05
0.0,18-321-00215,2022_05
0.0,18-321-00216,2022_05
0.0,18-321-00217,2022_05
0.0,18-322-00219,2022_05
0.0,18-322-00220,2022_05
0.0,18-322-00221,2022_05
0.0,18-323-00222,2022_05
0.0,18-323-00223,2022_05
0.0,18-323-00224,2022_05
0.0,18-323-00225,2022_05
0.0,18-323-00226,2022_05
0.0,18-323-00227,2022_05
0.0,18-323-00228,2022_05
0.0,18-323-00230,2022_05
0.0,18-324-00231,2022_05
0.0,18-324-00233,2022_05
0.0,18-324-00234,2022_05
13.0,18-325-00238,2022_05
0.0,18-325-00239,2022_05
0.0,18-326-00241,2022_05
0.0,18-326-00245,2022_05
0.0,18-326-00246,2022_05
0.0,18-326-00247,2022_05
0.0,18-755-00248,2022_05
0.0,18-756-00249,2022_05
20.0,18-756-00250,2022_05
0.0,18-756-00251,2022_05
0.0,18-757-00252,2022_05
5622.0,18-757-00253,2022_05
0.0,18-757-00254,2022_05
0.0,18-759-00255,2022_05
0.0,18-758-00256,2022_05
0.0,18-758-00257,2022_05
0.0,18-816-00259,2022_05
0.0,18-324-00260,2022_05
0.0,18-816-00261,2022_05
0.0,18-324-00262,2022_05
0.0,18-303-00264,2022_05
0.0,18-799-00265,2022_05
0.0,18-303-00266,2022_05
0.0,18-326-00268,2022_05
0.0,18-325-00269,2022_05
0.0,18-325-00270,2022_05
0.0,18-304-00271,2022_05
0.0,18-321-00272,2022_05
0.0,18-321-00273,2022_05
0.0,18-314-00275,2022_05
0.0,18-312-00276,2022_05
0.0,18-312-00277,2022_05
0.0,18-755-00278,2022_05
0.0,18-755-00279,2022_05
0.0,18-760-00280,2022_05
0.0,18-760-00281,2022_05
0.0,18-300-00101,2022_06
0.0,18-300-00102,2022_06
0.0,18-300-00103,2022_06
0.0,18-300-00104,2022_06
0.0,18-300-00105,2022_06
644.0,18-301-00109,2022_06
0.0,18-301-00110,2022_06
0.0,18-301-00111,2022_06
903.0,18-301-00112,2022_06
10081.0,18-301-00113,2022_06
0.0,18-301-00114,2022_06
13559.0,18-302-00115,2022_06
22207.0,18-302-00116,2022_06
1538.0,18-302-00117,2022_06
0.0,18-302-00118,2022_06
0.0,18-302-00119,2022_06
0.0,18-303-00120,2022_06
16637.0,18-303-00121,2022_06
205403.0,18-303-00122,2022_06
1983.0,18-303-00123,2022_06
1259.0,18-799-00124,2022_06
0.0,18-304-00126,2022_06
0.0,18-304-00127,2022_06
356.0,18-304-00128,2022_06
0.0,18-304-00129,2022_06
0.0,18-305-00130,2022_06
0.0,18-305-00131,2022_06
0.0,18-305-00132,2022_06
0.0,18-305-00133,2022_06
0.0,18-305-00134,2022_06
0.0,18-305-00135,2022_06
0.0,18-305-00136,2022_06
399.0,18-306-00137,2022_06
42.0,18-306-00138,2022_06
0.0,18-306-00139,2022_06
0.0,18-306-00140,2022_06
36.0,18-307-00141,2022_06
0.0,18-307-00142,2022_06
0.0,18-307-00143,2022_06
0.0,18-307-00144,2022_06
0.0,18-307-00145,2022_06
0.0,18-307-00146,2022_06
0.0,18-307-00147,2022_06
0.0,18-308-00150,2022_06
0.0,18-308-00151,2022_06
0.0,18-308-00152,2022_06
0.0,18-308-00153,2022_06
0.0,18-309-00154,2022_06
0.0,18-309-00155,2022_06
0.0,18-309-00156,2022_06
0.0,18-309-00157,2022_06
0.0,18-310-00158,2022_06
0.0,18-310-00159,2022_06
0.0,18-310-00160,2022_06
0.0,18-310-00161,2022_06
0.0,18-310-00162,2022_06
0.0,18-310-00163,2022_06
0.0,18-310-00164,2022_06
0.0,18-311-00165,2022_06
0.0,18-311-00166,2022_06
0.0,18-311-00167,2022_06
0.0,18-311-00168,2022_06
0.0,18-312-00169,2022_06
0.0,18-312-00170,2022_06
0.0,18-312-00171,2022_06
0.0,18-313-00172,2022_06
0.0,18-313-00173,2022_06
0.0,18-313-00174,2022_06
0.0,18-313-00175,2022_06
0.0,18-313-00176,2022_06
0.0,18-313-00177,2022_06
0.0,18-314-00178,2022_06
0.0,18-314-00179,2022_06
319.0,18-315-00181,2022_06
93115.0,18-316-00184,2022_06
128265.0,18-316-00185,2022_06
116.0,18-316-00186,2022_06
80789.0,18-316-00187,2022_06
7936.0,18-316-00188,2022_06
6018.0,18-317-00189,2022_06
1745.0,18-317-00190,2022_06
1333.0,18-317-00191,2022_06
258.0,18-317-00192,2022_06
0.0,18-317-00193,2022_06
474.0,18-318-00194,2022_06
393.0,18-318-00195,2022_06
0.0,18-318-00196,2022_06
0.0,18-318-00197,2022_06
0.0,18-319-00198,2022_06
1210.0,18-319-00199,2022_06
3396.0,18-319-00200,2022_06
0.0,18-319-00201,2022_06
0.0,18-319-00202,2022_06
0.0,18-320-00205,2022_06
0.0,18-320-00206,2022_06
0.0,18-320-00207,2022_06
2249.0,18-321-00208,2022_06
2566.0,18-321-00209,2022_06
3496.0,18-321-00210,2022_06
1779.0,18-321-00211,2022_06
0.0,18-321-00212,2022_06
0.0,18-321-00213,2022_06
0.0,18-321-00214,2022_06
0.0,18-321-00215,2022_06
0.0,18-321-00216,2022_06
24.0,18-321-00217,2022_06
22.0,18-322-00219,2022_06
0.0,18-322-00220,2022_06
0.0,18-322-00221,2022_06
2433.0,18-323-00222,2022_06
8584.0,18-323-00223,2022_06
15.0,18-323-00224,2022_06
1726.0,18-323-00225,2022_06
5058.0,18-323-00226,2022_06
2875.0,18-323-00227,2022_06
0.0,18-323-00228,2022_06
0.0,18-323-00230,2022_06
0.0,18-324-00231,2022_06
17.0,18-324-00233,2022_06
0.0,18-324-00234,2022_06
0.0,18-325-00238,2022_06
731.0,18-325-00239,2022_06
0.0,18-326-00241,2022_06
244.0,18-326-00245,2022_06
0.0,18-326-00246,2022_06
402.0,18-326-00247,2022_06
0.0,18-755-00248,2022_06
0.0,18-756-00249,2022_06
94.0,18-756-00250,2022_06
0.0,18-756-00251,2022_06
7098.0,18-757-00252,2022_06
0.0,18-757-00253,2022_06
0.0,18-757-00254,2022_06
0.0,18-759-00255,2022_06
0.0,18-758-00256,2022_06
0.0,18-758-00257,2022_06
25.0,18-816-00259,2022_06
0.0,18-324-00260,2022_06
163.0,18-816-00261,2022_06
0.0,18-324-00262,2022_06
0.0,18-303-00264,2022_06
1917.0,18-799-00265,2022_06
6014.0,18-303-00266,2022_06
0.0,18-326-00268,2022_06
3226.0,18-325-00269,2022_06
1860.0,18-325-00270,2022_06
0.0,18-304-00271,2022_06
0.0,18-321-00272,2022_06
0.0,18-321-00273,2022_06
0.0,18-314-00275,2022_06
0.0,18-312-00276,2022_06
0.0,18-312-00277,2022_06
0.0,18-755-00278,2022_06
0.0,18-755-00279,2022_06
0.0,18-760-00280,2022_06
0.0,18-760-00281,2022_06
0.0,18-300-00101,2022_07
0.0,18-300-00102,2022_07
0.0,18-300-00103,2022_07
0.0,18-300-00104,2022_07
0.0,18-300-00105,2022_07
0.0,18-301-00109,2022_07
0.0,18-301-00110,2022_07
0.0,18-301-00111,2022_07
0.0,18-301-00112,2022_07
0.0,18-301-00113,2022_07
0.0,18-301-00114,2022_07
0.0,18-302-00115,2022_07
0.0,18-302-00116,2022_07
0.0,18-302-00117,2022_07
0.0,18-302-00118,2022_07
0.0,18-302-00119,2022_07
0.0,18-303-00120,2022_07
0.0,18-303-00121,2022_07
4610.0,18-303-00122,2022_07
0.0,18-303-00123,2022_07
0.0,18-799-00124,2022_07
0.0,18-304-00126,2022_07
0.0,18-304-00127,2022_07
12410.0,18-304-00128,2022_07
1828.0,18-304-00129,2022_07
0.0,18-305-00130,2022_07
0.0,18-305-00131,2022_07
0.0,18-305-00132,2022_07
0.0,18-305-00133,2022_07
0.0,18-305-00134,2022_07
0.0,18-305-00135,2022_07
0.0,18-305-00136,2022_07
0.0,18-306-00137,2022_07
0.0,18-306-00138,2022_07
0.0,18-306-00139,2022_07
0.0,18-306-00140,2022_07
0.0,18-307-00141,2022_07
0.0,18-307-00142,2022_07
0.0,18-307-00143,2022_07
0.0,18-307-00144,2022_07
0.0,18-307-00145,2022_07
0.0,18-307-00146,2022_07
0.0,18-307-00147,2022_07
0.0,18-308-00150,2022_07
0.0,18-308-00151,2022_07
0.0,18-308-00152,2022_07
0.0,18-308-00153,2022_07
0.0,18-309-00154,2022_07
0.0,18-309-00155,2022_07
10.0,18-309-00156,2022_07
0.0,18-309-00157,2022_07
0.0,18-310-00158,2022_07
105.0,18-310-00159,2022_07
0.0,18-310-00160,2022_07
0.0,18-310-00161,2022_07
0.0,18-310-00162,2022_07
0.0,18-310-00163,2022_07
0.0,18-310-00164,2022_07
0.0,18-311-00165,2022_07
0.0,18-311-00166,2022_07
0.0,18-311-00167,2022_07
0.0,18-311-00168,2022_07
0.0,18-312-00169,2022_07
0.0,18-312-00170,2022_07
0.0,18-312-00171,2022_07
0.0,18-313-00172,2022_07
0.0,18-313-00173,2022_07
0.0,18-313-00174,2022_07
0.0,18-313-00175,2022_07
0.0,18-313-00176,2022_07
0.0,18-313-00177,2022_07
0.0,18-314-00178,2022_07
0.0,18-314-00179,2022_07
4036.0,18-315-00181,2022_07
120314.0,18-316-00184,2022_07
213493.0,18-316-00185,2022_07
0.0,18-316-00186,2022_07
37294.0,18-316-00187,2022_07
3763.0,18-316-00188,2022_07
658.0,18-317-00189,2022_07
285.0,18-317-00190,2022_07
1437.0,18-317-00191,2022_07
0.0,18-317-00192,2022_07
256.0,18-317-00193,2022_07
2560.0,18-318-00194,2022_07
391.0,18-318-00195,2022_07
0.0,18-318-00196,2022_07
0.0,18-318-00197,2022_07
0.0,18-319-00198,2022_07
0.0,18-319-00199,2022_07
0.0,18-319-00200,2022_07
0.0,18-319-00201,2022_07
0.0,18-319-00202,2022_07
0.0,18-320-00205,2022_07
0.0,18-320-00206,2022_07
0.0,18-320-00207,2022_07
0.0,18-321-00208,2022_07
0.0,18-321-00209,2022_07
0.0,18-321-00210,2022_07
278.0,18-321-00211,2022_07
0.0,18-321-00212,2022_07
0.0,18-321-00213,2022_07
0.0,18-321-00214,2022_07
0.0,18-321-00215,2022_07
0.0,18-321-00216,2022_07
72.0,18-321-00217,2022_07
0.0,18-322-00219,2022_07
0.0,18-322-00220,2022_07
0.0,18-322-00221,2022_07
0.0,18-323-00222,2022_07
5.0,18-323-00223,2022_07
0.0,18-323-00224,2022_07
2.0,18-323-00225,2022_07
0.0,18-323-00226,2022_07
0.0,18-323-00227,2022_07
0.0,18-323-00228,2022_07
0.0,18-323-00230,2022_07
0.0,18-324-00231,2022_07
0.0,18-324-00233,2022_07
0.0,18-324-00234,2022_07
0.0,18-325-00238,2022_07
0.0,18-325-00239,2022_07
0.0,18-326-00241,2022_07
0.0,18-326-00245,2022_07
0.0,18-326-00246,2022_07
0.0,18-326-00247,2022_07
0.0,18-755-00248,2022_07
0.0,18-756-00249,2022_07
18.0,18-756-00250,2022_07
0.0,18-756-00251,2022_07
166.0,18-757-00252,2022_07
0.0,18-757-00253,2022_07
0.0,18-757-00254,2022_07
0.0,18-759-00255,2022_07
0.0,18-758-00256,2022_07
0.0,18-758-00257,2022_07
13.0,18-816-00259,2022_07
0.0,18-324-00260,2022_07
0.0,18-816-00261,2022_07
0.0,18-324-00262,2022_07
0.0,18-303-00264,2022_07
1488.0,18-799-00265,2022_07
91.0,18-303-00266,2022_07
0.0,18-326-00268,2022_07
0.0,18-325-00269,2022_07
0.0,18-325-00270,2022_07
0.0,18-304-00271,2022_07
0.0,18-321-00272,2022_07
0.0,18-321-00273,2022_07
0.0,18-314-00275,2022_07
0.0,18-312-00276,2022_07
0.0,18-312-00277,2022_07
0.0,18-755-00278,2022_07
0.0,18-755-00279,2022_07
0.0,18-760-00280,2022_07
0.0,18-760-00281,2022_07
0.0,18-300-00101,2022_08
0.0,18-300-00102,2022_08
0.0,18-300-00103,2022_08
0.0,18-300-00104,2022_08
0.0,18-300-00105,2022_08
0.0,18-301-00109,2022_08
0.0,18-301-00110,2022_08
0.0,18-301-00111,2022_08
0.0,18-301-00112,2022_08
0.0,18-301-00113,2022_08
0.0,18-301-00114,2022_08
0.0,18-302-00115,2022_08
0.0,18-302-00116,2022_08
0.0,18-302-00117,2022_08
0.0,18-302-00118,2022_08
0.0,18-302-00119,2022_08
0.0,18-303-00120,2022_08
0.0,18-303-00121,2022_08
0.0,18-303-00122,2022_08
0.0,18-303-00123,2022_08
0.0,18-799-00124,2022_08
0.0,18-304-00126,2022_08
0.0,18-304-00127,2022_08
0.0,18-304-00128,2022_08
0.0,18-304-00129,2022_08
0.0,18-305-00130,2022_08
0.0,18-305-00131,2022_08
0.0,18-305-00132,2022_08
0.0,18-305-00133,2022_08
0.0,18-305-00134,2022_08
0.0,18-305-00135,2022_08
0.0,18-305-00136,2022_08
0.0,18-306-00137,2022_08
0.0,18-306-00138,2022_08
0.0,18-306-00139,2022_08
0.0,18-306-00140,2022_08
0.0,18-307-00141,2022_08
0.0,18-307-00142,2022_08
0.0,18-307-00143,2022_08
0.0,18-307-00144,2022_08
0.0,18-307-00145,2022_08
0.0,18-307-00146,2022_08
0.0,18-307-00147,2022_08
0.0,18-308-00150,2022_08
0.0,18-308-00151,2022_08
0.0,18-308-00152,2022_08
0.0,18-308-00153,2022_08
0.0,18-309-00154,2022_08
0.0,18-309-00155,2022_08
0.0,18-309-00156,2022_08
0.0,18-309-00157,2022_08
0.0,18-310-00158,2022_08
0.0,18-310-00159,2022_08
0.0,18-310-00160,2022_08
0.0,18-310-00161,2022_08
0.0,18-310-00162,2022_08
0.0,18-310-00163,2022_08
0.0,18-310-00164,2022_08
0.0,18-311-00165,2022_08
0.0,18-311-00166,2022_08
0.0,18-311-00167,2022_08
0.0,18-311-00168,2022_08
0.0,18-312-00169,2022_08
0.0,18-312-00170,2022_08
0.0,18-312-00171,2022_08
0.0,18-313-00172,2022_08
0.0,18-313-00173,2022_08
0.0,18-313-00174,2022_08
0.0,18-313-00175,2022_08
0.0,18-313-00176,2022_08
0.0,18-313-00177,2022_08
0.0,18-314-00178,2022_08
0.0,18-314-00179,2022_08
0.0,18-315-00181,2022_08
0.0,18-316-00184,2022_08
0.0,18-316-00185,2022_08
0.0,18-316-00186,2022_08
0.0,18-316-00187,2022_08
0.0,18-316-00188,2022_08
0.0,18-317-00189,2022_08
0.0,18-317-00190,2022_08
0.0,18-317-00191,2022_08
0.0,18-317-00192,2022_08
0.0,18-317-00193,2022_08
0.0,18-318-00194,2022_08
0.0,18-318-00195,2022_08
0.0,18-318-00196,2022_08
0.0,18-318-00197,2022_08
0.0,18-319-00198,2022_08
0.0,18-319-00199,2022_08
0.0,18-319-00200,2022_08
0.0,18-319-00201,2022_08
0.0,18-319-00202,2022_08
0.0,18-320-00205,2022_08
0.0,18-320-00206,2022_08
0.0,18-320-00207,2022_08
0.0,18-321-00208,2022_08
0.0,18-321-00209,2022_08
0.0,18-321-00210,2022_08
0.0,18-321-00211,2022_08
0.0,18-321-00212,2022_08
0.0,18-321-00213,2022_08
0.0,18-321-00214,2022_08
0.0,18-321-00215,2022_08
0.0,18-321-00216,2022_08
0.0,18-321-00217,2022_08
0.0,18-322-00219,2022_08
0.0,18-322-00220,2022_08
0.0,18-322-00221,2022_08
0.0,18-323-00222,2022_08
0.0,18-323-00223,2022_08
0.0,18-323-00224,2022_08
0.0,18-323-00225,2022_08
0.0,18-323-00226,2022_08
0.0,18-323-00227,2022_08
0.0,18-323-00228,2022_08
0.0,18-323-00230,2022_08
0.0,18-324-00231,2022_08
0.0,18-324-00233,2022_08
0.0,18-324-00234,2022_08
0.0,18-325-00238,2022_08
0.0,18-325-00239,2022_08
10.0,18-326-00241,2022_08
16.0,18-326-00245,2022_08
0.0,18-326-00246,2022_08
0.0,18-326-00247,2022_08
0.0,18-755-00248,2022_08
0.0,18-756-00249,2022_08
0.0,18-756-00250,2022_08
0.0,18-756-00251,2022_08
0.0,18-757-00252,2022_08
0.0,18-757-00253,2022_08
0.0,18-757-00254,2022_08
0.0,18-759-00255,2022_08
0.0,18-758-00256,2022_08
0.0,18-758-00257,2022_08
0.0,18-816-00259,2022_08
0.0,18-324-00260,2022_08
0.0,18-816-00261,2022_08
0.0,18-324-00262,2022_08
0.0,18-303-00264,2022_08
0.0,18-799-00265,2022_08
0.0,18-303-00266,2022_08
0.0,18-326-00268,2022_08
0.0,18-325-00269,2022_08
0.0,18-325-00270,2022_08
0.0,18-304-00271,2022_08
0.0,18-321-00272,2022_08
0.0,18-321-00273,2022_08
0.0,18-314-00275,2022_08
0.0,18-312-00276,2022_08
0.0,18-312-00277,2022_08
0.0,18-755-00278,2022_08
0.0,18-755-00279,2022_08
0.0,18-760-00280,2022_08
0.0,18-760-00281,2022_08
0.0,18-300-00101,2022_09
0.0,18-300-00102,2022_09
0.0,18-300-00103,2022_09
0.0,18-300-00104,2022_09
0.0,18-300-00105,2022_09
0.0,18-301-00109,2022_09
0.0,18-301-00110,2022_09
0.0,18-301-00111,2022_09
0.0,18-301-00112,2022_09
0.0,18-301-00113,2022_09
0.0,18-301-00114,2022_09
0.0,18-302-00115,2022_09
0.0,18-302-00116,2022_09
0.0,18-302-00117,2022_09
0.0,18-302-00118,2022_09
0.0,18-302-00119,2022_09
0.0,18-303-00120,2022_09
0.0,18-303-00121,2022_09
0.0,18-303-00122,2022_09
0.0,18-303-00123,2022_09
0.0,18-799-00124,2022_09
0.0,18-304-00126,2022_09
0.0,18-304-00127,2022_09
0.0,18-304-00128,2022_09
0.0,18-304-00129,2022_09
0.0,18-305-00130,2022_09
0.0,18-305-00131,2022_09
0.0,18-305-00132,2022_09
0.0,18-305-00133,2022_09
0.0,18-305-00134,2022_09
0.0,18-305-00135,2022_09
0.0,18-305-00136,2022_09
0.0,18-306-00137,2022_09
0.0,18-306-00138,2022_09
0.0,18-306-00139,2022_09
0.0,18-306-00140,2022_09
0.0,18-307-00141,2022_09
0.0,18-307-00142,2022_09
0.0,18-307-00143,2022_09
0.0,18-307-00144,2022_09
0.0,18-307-00145,2022_09
0.0,18-307-00146,2022_09
0.0,18-307-00147,2022_09
0.0,18-308-00150,2022_09
0.0,18-308-00151,2022_09
0.0,18-308-00152,2022_09
0.0,18-308-00153,2022_09
0.0,18-309-00154,2022_09
0.0,18-309-00155,2022_09
0.0,18-309-00156,2022_09
0.0,18-309-00157,2022_09
0.0,18-310-00158,2022_09
0.0,18-310-00159,2022_09
0.0,18-310-00160,2022_09
0.0,18-310-00161,2022_09
0.0,18-310-00162,2022_09
0.0,18-310-00163,2022_09
0.0,18-310-00164,2022_09
0.0,18-311-00165,2022_09
0.0,18-311-00166,2022_09
0.0,18-311-00167,2022_09
0.0,18-311-00168,2022_09
0.0,18-312-00169,2022_09
0.0,18-312-00170,2022_09
0.0,18-312-00171,2022_09
0.0,18-313-00172,2022_09
0.0,18-313-00173,2022_09
0.0,18-313-00174,2022_09
0.0,18-313-00175,2022_09
0.0,18-313-00176,2022_09
0.0,18-313-00177,2022_09
0.0,18-314-00178,2022_09
0.0,18-314-00179,2022_09
0.0,18-315-00181,2022_09
0.0,18-316-00184,2022_09
0.0,18-316-00185,2022_09
0.0,18-316-00186,2022_09
0.0,18-316-00187,2022_09
0.0,18-316-00188,2022_09
0.0,18-317-00189,2022_09
0.0,18-317-00190,2022_09
0.0,18-317-00191,2022_09
0.0,18-317-00192,2022_09
0.0,18-317-00193,2022_09
0.0,18-318-00194,2022_09
0.0,18-318-00195,2022_09
0.0,18-318-00196,2022_09
0.0,18-318-00197,2022_09
0.0,18-319-00198,2022_09
0.0,18-319-00199,2022_09
0.0,18-319-00200,2022_09
0.0,18-319-00201,2022_09
0.0,18-319-00202,2022_09
0.0,18-320-00205,2022_09
0.0,18-320-00206,2022_09
0.0,18-320-00207,2022_09
0.0,18-321-00208,2022_09
0.0,18-321-00209,2022_09
0.0,18-321-00210,2022_09
0.0,18-321-00211,2022_09
0.0,18-321-00212,2022_09
0.0,18-321-00213,2022_09
0.0,18-321-00214,2022_09
0.0,18-321-00215,2022_09
0.0,18-321-00216,2022_09
0.0,18-321-00217,2022_09
0.0,18-322-00219,2022_09
0.0,18-322-00220,2022_09
0.0,18-322-00221,2022_09
0.0,18-323-00222,2022_09
0.0,18-323-00223,2022_09
0.0,18-323-00224,2022_09
0.0,18-323-00225,2022_09
0.0,18-323-00226,2022_09
0.0,18-323-00227,2022_09
0.0,18-323-00228,2022_09
0.0,18-323-00230,2022_09
0.0,18-324-00231,2022_09
0.0,18-324-00233,2022_09
0.0,18-324-00234,2022_09
0.0,18-325-00238,2022_09
0.0,18-325-00239,2022_09
0.0,18-326-00241,2022_09
0.0,18-326-00245,2022_09
0.0,18-326-00246,2022_09
0.0,18-326-00247,2022_09
0.0,18-755-00248,2022_09
0.0,18-756-00249,2022_09
0.0,18-756-00250,2022_09
0.0,18-756-00251,2022_09
0.0,18-757-00252,2022_09
0.0,18-757-00253,2022_09
0.0,18-757-00254,2022_09
0.0,18-759-00255,2022_09
0.0,18-758-00256,2022_09
0.0,18-758-00257,2022_09
0.0,18-816-00259,2022_09
0.0,18-324-00260,2022_09
0.0,18-816-00261,2022_09
0.0,18-324-00262,2022_09
0.0,18-303-00264,2022_09
0.0,18-799-00265,2022_09
0.0,18-303-00266,2022_09
0.0,18-326-00268,2022_09
0.0,18-325-00269,2022_09
0.0,18-325-00270,2022_09
0.0,18-304-00271,2022_09
0.0,18-321-00272,2022_09
0.0,18-321-00273,2022_09
0.0,18-314-00275,2022_09
0.0,18-312-00276,2022_09
0.0,18-312-00277,2022_09
0.0,18-755-00278,2022_09
0.0,18-755-00279,2022_09
0.0,18-760-00280,2022_09
0.0,18-760-00281,2022_09
0.0,18-300-00101,2022_10
0.0,18-300-00102,2022_10
0.0,18-300-00103,2022_10
0.0,18-300-00104,2022_10
0.0,18-300-00105,2022_10
0.0,18-301-00109,2022_10
0.0,18-301-00110,2022_10
0.0,18-301-00111,2022_10
0.0,18-301-00112,2022_10
0.0,18-301-00113,2022_10
0.0,18-301-00114,2022_10
0.0,18-302-00115,2022_10
0.0,18-302-00116,2022_10
0.0,18-302-00117,2022_10
0.0,18-302-00118,2022_10
0.0,18-302-00119,2022_10
0.0,18-303-00120,2022_10
0.0,18-303-00121,2022_10
0.0,18-303-00122,2022_10
0.0,18-303-00123,2022_10
0.0,18-799-00124,2022_10
0.0,18-304-00126,2022_10
0.0,18-304-00127,2022_10
0.0,18-304-00128,2022_10
0.0,18-304-00129,2022_10
0.0,18-305-00130,2022_10
0.0,18-305-00131,2022_10
0.0,18-305-00132,2022_10
0.0,18-305-00133,2022_10
0.0,18-305-00134,2022_10
0.0,18-305-00135,2022_10
0.0,18-305-00136,2022_10
0.0,18-306-00137,2022_10
0.0,18-306-00138,2022_10
0.0,18-306-00139,2022_10
0.0,18-306-00140,2022_10
0.0,18-307-00141,2022_10
0.0,18-307-00142,2022_10
0.0,18-307-00143,2022_10
0.0,18-307-00144,2022_10
0.0,18-307-00145,2022_10
0.0,18-307-00146,2022_10
0.0,18-307-00147,2022_10
0.0,18-308-00150,2022_10
0.0,18-308-00151,2022_10
0.0,18-308-00152,2022_10
0.0,18-308-00153,2022_10
0.0,18-309-00154,2022_10
0.0,18-309-00155,2022_10
0.0,18-309-00156,2022_10
0.0,18-309-00157,2022_10
0.0,18-310-00158,2022_10
0.0,18-310-00159,2022_10
0.0,18-310-00160,2022_10
0.0,18-310-00161,2022_10
0.0,18-310-00162,2022_10
0.0,18-310-00163,2022_10
0.0,18-310-00164,2022_10
0.0,18-311-00165,2022_10
0.0,18-311-00166,2022_10
0.0,18-311-00167,2022_10
0.0,18-311-00168,2022_10
0.0,18-312-00169,2022_10
0.0,18-312-00170,2022_10
0.0,18-312-00171,2022_10
0.0,18-313-00172,2022_10
0.0,18-313-00173,2022_10
0.0,18-313-00174,2022_10
0.0,18-313-00175,2022_10
0.0,18-313-00176,2022_10
0.0,18-313-00177,2022_10
0.0,18-314-00178,2022_10
0.0,18-314-00179,2022_10
0.0,18-315-00181,2022_10
0.0,18-316-00184,2022_10
0.0,18-316-00185,2022_10
0.0,18-316-00186,2022_10
0.0,18-316-00187,2022_10
0.0,18-316-00188,2022_10
0.0,18-317-00189,2022_10
0.0,18-317-00190,2022_10
0.0,18-317-00191,2022_10
0.0,18-317-00192,2022_10
0.0,18-317-00193,2022_10
0.0,18-318-00194,2022_10
0.0,18-318-00195,2022_10
0.0,18-318-00196,2022_10
0.0,18-318-00197,2022_10
0.0,18-319-00198,2022_10
0.0,18-319-00199,2022_10
0.0,18-319-00200,2022_10
0.0,18-319-00201,2022_10
0.0,18-319-00202,2022_10
0.0,18-320-00205,2022_10
0.0,18-320-00206,2022_10
0.0,18-320-00207,2022_10
0.0,18-321-00208,2022_10
0.0,18-321-00209,2022_10
0.0,18-321-00210,2022_10
0.0,18-321-00211,2022_10
0.0,18-321-00212,2022_10
0.0,18-321-00213,2022_10
0.0,18-321-00214,2022_10
0.0,18-321-00215,2022_10
0.0,18-321-00216,2022_10
0.0,18-321-00217,2022_10
0.0,18-322-00219,2022_10
0.0,18-322-00220,2022_10
0.0,18-322-00221,2022_10
0.0,18-323-00222,2022_10
0.0,18-323-00223,2022_10
0.0,18-323-00224,2022_10
0.0,18-323-00225,2022_10
0.0,18-323-00226,2022_10
0.0,18-323-00227,2022_10
0.0,18-323-00228,2022_10
0.0,18-323-00230,2022_10
0.0,18-324-00231,2022_10
0.0,18-324-00233,2022_10
0.0,18-324-00234,2022_10
0.0,18-325-00238,2022_10
0.0,18-325-00239,2022_10
0.0,18-326-00241,2022_10
0.0,18-326-00245,2022_10
0.0,18-326-00246,2022_10
0.0,18-326-00247,2022_10
0.0,18-755-00248,2022_10
0.0,18-756-00249,2022_10
0.0,18-756-00250,2022_10
0.0,18-756-00251,2022_10
0.0,18-757-00252,2022_10
0.0,18-757-00253,2022_10
0.0,18-757-00254,2022_10
0.0,18-759-00255,2022_10
0.0,18-758-00256,2022_10
0.0,18-758-00257,2022_10
0.0,18-816-00259,2022_10
0.0,18-324-00260,2022_10
0.0,18-816-00261,2022_10
0.0,18-324-00262,2022_10
0.0,18-303-00264,2022_10
0.0,18-799-00265,2022_10
0.0,18-303-00266,2022_10
0.0,18-326-00268,2022_10
0.0,18-325-00269,2022_10
0.0,18-325-00270,2022_10
0.0,18-304-00271,2022_10
0.0,18-321-00272,2022_10
0.0,18-321-00273,2022_10
0.0,18-314-00275,2022_10
0.0,18-312-00276,2022_10
0.0,18-312-00277,2022_10
0.0,18-755-00278,2022_10
0.0,18-755-00279,2022_10
0.0,18-760-00280,2022_10
0.0,18-760-00281,2022_10
0.0,18-316-00188,2022_12
0.0,18-300-00101,2023_05
0.0,18-300-00102,2023_05
0.0,18-300-00103,2023_05
0.0,18-300-00104,2023_05
0.0,18-300-00105,2023_05
0.0,18-301-00109,2023_05
0.0,18-301-00110,2023_05
0.0,18-301-00111,2023_05
0.0,18-301-00112,2023_05
0.0,18-301-00113,2023_05
0.0,18-301-00114,2023_05
0.0,18-302-00115,2023_05
0.0,18-302-00116,2023_05
0.0,18-302-00117,2023_05
0.0,18-302-00118,2023_05
0.0,18-302-00119,2023_05
0.0,18-303-00120,2023_05
0.0,18-303-00121,2023_05
0.0,18-303-00122,2023_05
0.0,18-303-00123,2023_05
0.0,18-799-00124,2023_05
0.0,18-304-00126,2023_05
0.0,18-304-00127,2023_05
0.0,18-304-00128,2023_05
0.0,18-304-00129,2023_05
0.0,18-305-00130,2023_05
0.0,18-305-00131,2023_05
0.0,18-305-00132,2023_05
0.0,18-305-00133,2023_05
0.0,18-305-00134,2023_05
0.0,18-305-00135,2023_05
0.0,18-305-00136,2023_05
0.0,18-306-00137,2023_05
0.0,18-306-00138,2023_05
0.0,18-306-00139,2023_05
0.0,18-306-00140,2023_05
0.0,18-307-00141,2023_05
0.0,18-307-00142,2023_05
0.0,18-307-00143,2023_05
0.0,18-307-00144,2023_05
0.0,18-307-00145,2023_05
0.0,18-307-00146,2023_05
0.0,18-307-00147,2023_05
0.0,18-308-00150,2023_05
0.0,18-308-00151,2023_05
0.0,18-308-00152,2023_05
0.0,18-308-00153,2023_05
0.0,18-309-00154,2023_05
0.0,18-309-00155,2023_05
0.0,18-309-00156,2023_05
0.0,18-309-00157,2023_05
0.0,18-310-00158,2023_05
0.0,18-310-00159,2023_05
0.0,18-310-00160,2023_05
0.0,18-310-00161,2023_05
0.0,18-310-00162,2023_05
0.0,18-310-00163,2023_05
0.0,18-310-00164,2023_05
0.0,18-311-00165,2023_05
0.0,18-311-00166,2023_05
0.0,18-311-00167,2023_05
0.0,18-311-00168,2023_05
0.0,18-312-00169,2023_05
0.0,18-312-00170,2023_05
0.0,18-312-00171,2023_05
0.0,18-313-00172,2023_05
0.0,18-313-00173,2023_05
0.0,18-313-00174,2023_05
0.0,18-313-00175,2023_05
0.0,18-313-00176,2023_05
0.0,18-313-00177,2023_05
0.0,18-314-00178,2023_05
0.0,18-314-00179,2023_05
0.0,18-315-00181,2023_05
0.0,18-316-00184,2023_05
0.0,18-316-00185,2023_05
0.0,18-316-00186,2023_05
0.0,18-316-00187,2023_05
0.0,18-316-00188,2023_05
0.0,18-317-00189,2023_05
0.0,18-317-00190,2023_05
0.0,18-317-00191,2023_05
0.0,18-317-00192,2023_05
0.0,18-317-00193,2023_05
0.0,18-318-00194,2023_05
0.0,18-318-00195,2023_05
0.0,18-318-00196,2023_05
0.0,18-318-00197,2023_05
0.0,18-319-00198,2023_05
0.0,18-319-00199,2023_05
0.0,18-319-00200,2023_05
0.0,18-319-00201,2023_05
0.0,18-319-00202,2023_05
0.0,18-320-00205,2023_05
0.0,18-320-00206,2023_05
0.0,18-320-00207,2023_05
0.0,18-321-00208,2023_05
0.0,18-321-00209,2023_05
0.0,18-321-00210,2023_05
0.0,18-321-00211,2023_05
0.0,18-321-00212,2023_05
0.0,18-321-00213,2023_05
0.0,18-321-00214,2023_05
0.0,18-321-00215,2023_05
0.0,18-321-00216,2023_05
0.0,18-321-00217,2023_05
0.0,18-322-00219,2023_05
0.0,18-322-00220,2023_05
0.0,18-322-00221,2023_05
0.0,18-323-00222,2023_05
0.0,18-323-00223,2023_05
0.0,18-323-00224,2023_05
0.0,18-323-00225,2023_05
0.0,18-323-00226,2023_05
0.0,18-323-00227,2023_05
0.0,18-323-00228,2023_05
0.0,18-323-00230,2023_05
0.0,18-324-00231,2023_05
0.0,18-324-00233,2023_05
0.0,18-324-00234,2023_05
0.0,18-325-00238,2023_05
0.0,18-325-00239,2023_05
0.0,18-326-00241,2023_05
0.0,18-326-00245,2023_05
0.0,18-326-00246,2023_05
0.0,18-326-00247,2023_05
0.0,18-755-00248,2023_05
0.0,18-756-00249,2023_05
0.0,18-756-00250,2023_05
0.0,18-756-00251,2023_05
0.0,18-757-00252,2023_05
0.0,18-757-00253,2023_05
0.0,18-757-00254,2023_05
0.0,18-759-00255,2023_05
0.0,18-758-00256,2023_05
0.0,18-758-00257,2023_05
0.0,18-816-00259,2023_05
0.0,18-324-00260,2023_05
0.0,18-816-00261,2023_05
0.0,18-324-00262,2023_05
0.0,18-303-00264,2023_05
0.0,18-799-00265,2023_05
0.0,18-303-00266,2023_05
0.0,18-326-00268,2023_05
0.0,18-325-00269,2023_05
0.0,18-325-00270,2023_05
0.0,18-304-00271,2023_05
0.0,18-321-00272,2023_05
0.0,18-321-00273,2023_05
0.0,18-314-00275,2023_05
0.0,18-312-00276,2023_05
0.0,18-312-00277,2023_05
0.0,18-755-00278,2023_05
0.0,18-755-00279,2023_05
0.0,18-760-00280,2023_05
0.0,18-760-00281,2023_05
17.0,18-300-00101,2023_06
0.0,18-300-00102,2023_06
0.0,18-300-00103,2023_06
0.0,18-300-00104,2023_06
0.0,18-300-00105,2023_06
0.0,18-301-00109,2023_06
61.0,18-301-00110,2023_06
0.0,18-301-00111,2023_06
0.0,18-301-00112,2023_06
0.0,18-301-00113,2023_06
0.0,18-301-00114,2023_06
8.0,18-302-00115,2023_06
0.0,18-302-00116,2023_06
0.0,18-302-00117,2023_06
0.0,18-302-00118,2023_06
0.0,18-302-00119,2023_06
0.0,18-303-00120,2023_06
0.0,18-303-00121,2023_06
0.0,18-303-00122,2023_06
30.0,18-303-00123,2023_06
2374.0,18-799-00124,2023_06
0.0,18-304-00126,2023_06
0.0,18-304-00127,2023_06
0.0,18-304-00128,2023_06
0.0,18-304-00129,2023_06
0.0,18-305-00130,2023_06
0.0,18-305-00131,2023_06
0.0,18-305-00132,2023_06
0.0,18-305-00133,2023_06
0.0,18-305-00134,2023_06
0.0,18-305-00135,2023_06
0.0,18-305-00136,2023_06
0.0,18-306-00137,2023_06
0.0,18-306-00138,2023_06
0.0,18-306-00139,2023_06
0.0,18-306-00140,2023_06
0.0,18-307-00141,2023_06
0.0,18-307-00142,2023_06
0.0,18-307-00143,2023_06
0.0,18-307-00144,2023_06
0.0,18-307-00145,2023_06
0.0,18-307-00146,2023_06
0.0,18-307-00147,2023_06
0.0,18-308-00150,2023_06
0.0,18-308-00151,2023_06
0.0,18-308-00152,2023_06
0.0,18-308-00153,2023_06
0.0,18-309-00154,2023_06
0.0,18-309-00155,2023_06
0.0,18-309-00156,2023_06
0.0,18-309-00157,2023_06
0.0,18-310-00158,2023_06
0.0,18-310-00159,2023_06
0.0,18-310-00160,2023_06
0.0,18-310-00161,2023_06
0.0,18-310-00162,2023_06
0.0,18-310-00163,2023_06
0.0,18-310-00164,2023_06
0.0,18-311-00165,2023_06
0.0,18-311-00166,2023_06
0.0,18-311-00167,2023_06
0.0,18-311-00168,2023_06
0.0,18-312-00169,2023_06
0.0,18-312-00170,2023_06
0.0,18-312-00171,2023_06
0.0,18-313-00172,2023_06
0.0,18-313-00173,2023_06
0.0,18-313-00174,2023_06
0.0,18-313-00175,2023_06
0.0,18-313-00176,2023_06
0.0,18-313-00177,2023_06
0.0,18-314-00178,2023_06
0.0,18-314-00179,2023_06
0.0,18-315-00181,2023_06
0.0,18-316-00184,2023_06
0.0,18-316-00185,2023_06
0.0,18-316-00186,2023_06
0.0,18-316-00187,2023_06
0.0,18-316-00188,2023_06
0.0,18-317-00189,2023_06
0.0,18-317-00190,2023_06
0.0,18-317-00191,2023_06
0.0,18-317-00192,2023_06
0.0,18-317-00193,2023_06
0.0,18-318-00194,2023_06
0.0,18-318-00195,2023_06
0.0,18-318-00196,2023_06
0.0,18-318-00197,2023_06
0.0,18-319-00198,2023_06
0.0,18-319-00199,2023_06
0.0,18-319-00200,2023_06
0.0,18-319-00201,2023_06
0.0,18-319-00202,2023_06
0.0,18-320-00205,2023_06
0.0,18-320-00206,2023_06
0.0,18-320-00207,2023_06
20.0,18-321-00208,2023_06
0.0,18-321-00209,2023_06
0.0,18-321-00210,2023_06
0.0,18-321-00211,2023_06
0.0,18-321-00212,2023_06
0.0,18-321-00213,2023_06
0.0,18-321-00214,2023_06
0.0,18-321-00215,2023_06
0.0,18-321-00216,2023_06
2.0,18-321-00217,2023_06
0.0,18-322-00219,2023_06
0.0,18-322-00220,2023_06
0.0,18-322-00221,2023_06
126.0,18-323-00222,2023_06
364.0,18-323-00223,2023_06
0.0,18-323-00224,2023_06
102.0,18-323-00225,2023_06
78.0,18-323-00226,2023_06
104.0,18-323-00227,2023_06
1259.0,18-323-00228,2023_06
83.0,18-323-00230,2023_06
0.0,18-324-00231,2023_06
91.0,18-324-00233,2023_06
141.0,18-324-00234,2023_06
0.0,18-325-00238,2023_06
0.0,18-325-00239,2023_06
0.0,18-326-00241,2023_06
0.0,18-326-00243,2023_06
0.0,18-326-00245,2023_06
0.0,18-326-00246,2023_06
0.0,18-326-00247,2023_06
0.0,18-755-00248,2023_06
0.0,18-756-00249,2023_06
0.0,18-756-00250,2023_06
0.0,18-756-00251,2023_06
0.0,18-757-00252,2023_06
0.0,18-757-00253,2023_06
0.0,18-757-00254,2023_06
0.0,18-759-00255,2023_06
0.0,18-758-00256,2023_06
0.0,18-758-00257,2023_06
25.0,18-816-00259,2023_06
83.0,18-324-00260,2023_06
0.0,18-816-00261,2023_06
153.0,18-324-00262,2023_06
0.0,18-303-00264,2023_06
2609.0,18-799-00265,2023_06
0.0,18-303-00266,2023_06
0.0,18-326-00268,2023_06
0.0,18-325-00269,2023_06
0.0,18-325-00270,2023_06
0.0,18-304-00271,2023_06
0.0,18-321-00272,2023_06
0.0,18-321-00273,2023_06
0.0,18-314-00275,2023_06
0.0,18-312-00276,2023_06
0.0,18-312-00277,2023_06
0.0,18-755-00278,2023_06
0.0,18-755-00279,2023_06
0.0,18-760-00280,2023_06
0.0,18-760-00281,2023_06
0.0,18-300-00101,2023_07
0.0,18-300-00102,2023_07
0.0,18-300-00103,2023_07
33.0,18-300-00104,2023_07
0.0,18-300-00105,2023_07
0.0,18-301-00109,2023_07
82.0,18-301-00110,2023_07
0.0,18-301-00111,2023_07
0.0,18-301-00112,2023_07
0.0,18-301-00113,2023_07
0.0,18-301-00114,2023_07
0.0,18-302-00115,2023_07
0.0,18-302-00116,2023_07
0.0,18-302-00117,2023_07
0.0,18-302-00118,2023_07
0.0,18-302-00119,2023_07
0.0,18-303-00120,2023_07
0.0,18-303-00121,2023_07
0.0,18-303-00122,2023_07
0.0,18-303-00123,2023_07
0.0,18-799-00124,2023_07
0.0,18-304-00126,2023_07
0.0,18-304-00127,2023_07
0.0,18-304-00128,2023_07
0.0,18-304-00129,2023_07
0.0,18-305-00130,2023_07
0.0,18-305-00131,2023_07
0.0,18-305-00132,2023_07
0.0,18-305-00133,2023_07
0.0,18-305-00134,2023_07
0.0,18-305-00135,2023_07
0.0,18-305-00136,2023_07
0.0,18-306-00137,2023_07
90.0,18-306-00138,2023_07
0.0,18-306-00139,2023_07
0.0,18-306-00140,2023_07
0.0,18-307-00141,2023_07
0.0,18-307-00142,2023_07
0.0,18-307-00143,2023_07
0.0,18-307-00144,2023_07
0.0,18-307-00145,2023_07
0.0,18-307-00146,2023_07
0.0,18-307-00147,2023_07
0.0,18-308-00150,2023_07
0.0,18-308-00151,2023_07
0.0,18-308-00152,2023_07
0.0,18-308-00153,2023_07
0.0,18-309-00154,2023_07
0.0,18-309-00155,2023_07
0.0,18-309-00156,2023_07
0.0,18-309-00157,2023_07
0.0,18-310-00158,2023_07
21.0,18-310-00159,2023_07
0.0,18-310-00160,2023_07
0.0,18-310-00161,2023_07
0.0,18-310-00162,2023_07
0.0,18-310-00163,2023_07
0.0,18-310-00164,2023_07
0.0,18-311-00165,2023_07
113.0,18-311-00166,2023_07
0.0,18-311-00167,2023_07
59.0,18-311-00168,2023_07
0.0,18-312-00169,2023_07
0.0,18-312-00170,2023_07
0.0,18-312-00171,2023_07
0.0,18-313-00172,2023_07
0.0,18-313-00173,2023_07
18.0,18-313-00174,2023_07
0.0,18-313-00175,2023_07
0.0,18-313-00176,2023_07
0.0,18-313-00177,2023_07
0.0,18-314-00178,2023_07
0.0,18-314-00179,2023_07
0.0,18-315-00181,2023_07
0.0,18-316-00184,2023_07
0.0,18-316-00185,2023_07
0.0,18-316-00186,2023_07
0.0,18-316-00187,2023_07
0.0,18-316-00188,2023_07
0.0,18-317-00189,2023_07
0.0,18-317-00190,2023_07
0.0,18-317-00191,2023_07
0.0,18-317-00192,2023_07
0.0,18-317-00193,2023_07
0.0,18-318-00194,2023_07
0.0,18-318-00195,2023_07
0.0,18-318-00196,2023_07
0.0,18-318-00197,2023_07
0.0,18-319-00198,2023_07
0.0,18-319-00199,2023_07
0.0,18-319-00200,2023_07
0.0,18-319-00201,2023_07
0.0,18-319-00202,2023_07
191.0,18-320-00205,2023_07
0.0,18-320-00206,2023_07
0.0,18-320-00207,2023_07
0.0,18-321-00208,2023_07
0.0,18-321-00209,2023_07
0.0,18-321-00210,2023_07
0.0,18-321-00211,2023_07
0.0,18-321-00212,2023_07
0.0,18-321-00213,2023_07
0.0,18-321-00214,2023_07
0.0,18-321-00215,2023_07
0.0,18-321-00216,2023_07
0.0,18-321-00217,2023_07
0.0,18-322-00219,2023_07
0.0,18-322-00220,2023_07
0.0,18-322-00221,2023_07
0.0,18-323-00222,2023_07
0.0,18-323-00223,2023_07
0.0,18-323-00224,2023_07
0.0,18-323-00225,2023_07
0.0,18-323-00226,2023_07
0.0,18-323-00227,2023_07
0.0,18-323-00228,2023_07
0.0,18-323-00230,2023_07
0.0,18-324-00231,2023_07
76.0,18-324-00233,2023_07
0.0,18-324-00234,2023_07
0.0,18-325-00238,2023_07
0.0,18-325-00239,2023_07
0.0,18-326-00241,2023_07
0.0,18-326-00243,2023_07
0.0,18-326-00245,2023_07
0.0,18-326-00246,2023_07
0.0,18-326-00247,2023_07
0.0,18-755-00248,2023_07
0.0,18-756-00249,2023_07
0.0,18-756-00250,2023_07
0.0,18-756-00251,2023_07
0.0,18-757-00252,2023_07
0.0,18-757-00253,2023_07
0.0,18-757-00254,2023_07
0.0,18-759-00255,2023_07
0.0,18-758-00256,2023_07
0.0,18-758-00257,2023_07
0.0,18-816-00259,2023_07
0.0,18-324-00260,2023_07
0.0,18-816-00261,2023_07
0.0,18-324-00262,2023_07
0.0,18-303-00264,2023_07
0.0,18-799-00265,2023_07
0.0,18-303-00266,2023_07
0.0,18-326-00268,2023_07
0.0,18-325-00269,2023_07
0.0,18-325-00270,2023_07
0.0,18-304-00271,2023_07
0.0,18-321-00272,2023_07
0.0,18-321-00273,2023_07
0.0,18-314-00275,2023_07
0.0,18-312-00276,2023_07
0.0,18-312-00277,2023_07
0.0,18-755-00278,2023_07
0.0,18-755-00279,2023_07
0.0,18-760-00280,2023_07
0.0,18-760-00281,2023_07
0.0,18-300-00101,2023_08
0.0,18-300-00102,2023_08
0.0,18-300-00103,2023_08
0.0,18-300-00104,2023_08
0.0,18-300-00105,2023_08
0.0,18-301-00109,2023_08
0.0,18-301-00110,2023_08
0.0,18-301-00111,2023_08
0.0,18-301-00112,2023_08
0.0,18-301-00113,2023_08
0.0,18-301-00114,2023_08
0.0,18-302-00115,2023_08
0.0,18-302-00116,2023_08
0.0,18-302-00117,2023_08
0.0,18-302-00118,2023_08
0.0,18-302-00119,2023_08
0.0,18-303-00120,2023_08
0.0,18-303-00121,2023_08
0.0,18-303-00122,2023_08
0.0,18-303-00123,2023_08
0.0,18-799-00124,2023_08
0.0,18-304-00126,2023_08
0.0,18-304-00127,2023_08
0.0,18-304-00128,2023_08
0.0,18-304-00129,2023_08
0.0,18-305-00130,2023_08
0.0,18-305-00131,2023_08
0.0,18-305-00132,2023_08
0.0,18-305-00133,2023_08
0.0,18-305-00134,2023_08
0.0,18-305-00135,2023_08
0.0,18-305-00136,2023_08
0.0,18-306-00137,2023_08
100.0,18-306-00138,2023_08
0.0,18-306-00139,2023_08
0.0,18-306-00140,2023_08
0.0,18-307-00141,2023_08
0.0,18-307-00142,2023_08
0.0,18-307-00143,2023_08
0.0,18-307-00144,2023_08
0.0,18-307-00145,2023_08
0.0,18-307-00146,2023_08
0.0,18-307-00147,2023_08
0.0,18-308-00150,2023_08
0.0,18-308-00151,2023_08
0.0,18-308-00152,2023_08
0.0,18-308-00153,2023_08
0.0,18-309-00154,2023_08
0.0,18-309-00155,2023_08
0.0,18-309-00156,2023_08
0.0,18-309-00157,2023_08
0.0,18-310-00158,2023_08
0.0,18-310-00159,2023_08
0.0,18-310-00160,2023_08
0.0,18-310-00161,2023_08
0.0,18-310-00162,2023_08
0.0,18-310-00163,2023_08
0.0,18-310-00164,2023_08
0.0,18-311-00165,2023_08
496.0,18-311-00166,2023_08
0.0,18-311-00167,2023_08
0.0,18-311-00168,2023_08
0.0,18-312-00169,2023_08
0.0,18-312-00170,2023_08
0.0,18-312-00171,2023_08
0.0,18-313-00172,2023_08
0.0,18-313-00173,2023_08
0.0,18-313-00174,2023_08
0.0,18-313-00175,2023_08
0.0,18-313-00176,2023_08
0.0,18-313-00177,2023_08
0.0,18-314-00178,2023_08
0.0,18-314-00179,2023_08
0.0,18-315-00181,2023_08
0.0,18-316-00184,2023_08
0.0,18-316-00185,2023_08
0.0,18-316-00186,2023_08
0.0,18-316-00187,2023_08
0.0,18-316-00188,2023_08
0.0,18-317-00189,2023_08
0.0,18-317-00190,2023_08
0.0,18-317-00191,2023_08
0.0,18-317-00192,2023_08
0.0,18-317-00193,2023_08
0.0,18-318-00194,2023_08
0.0,18-318-00195,2023_08
0.0,18-318-00196,2023_08
0.0,18-318-00197,2023_08
0.0,18-319-00198,2023_08
0.0,18-319-00199,2023_08
0.0,18-319-00200,2023_08
0.0,18-319-00201,2023_08
0.0,18-319-00202,2023_08
0.0,18-320-00205,2023_08
0.0,18-320-00206,2023_08
0.0,18-320-00207,2023_08
0.0,18-321-00208,2023_08
0.0,18-321-00209,2023_08
0.0,18-321-00210,2023_08
0.0,18-321-00211,2023_08
0.0,18-321-00212,2023_08
0.0,18-321-00213,2023_08
0.0,18-321-00214,2023_08
0.0,18-321-00215,2023_08
0.0,18-321-00216,2023_08
0.0,18-321-00217,2023_08
0.0,18-322-00219,2023_08
0.0,18-322-00220,2023_08
0.0,18-322-00221,2023_08
0.0,18-323-00222,2023_08
0.0,18-323-00223,2023_08
0.0,18-323-00224,2023_08
0.0,18-323-00225,2023_08
0.0,18-323-00226,2023_08
0.0,18-323-00227,2023_08
0.0,18-323-00228,2023_08
0.0,18-323-00230,2023_08
0.0,18-324-00231,2023_08
0.0,18-324-00233,2023_08
0.0,18-324-00234,2023_08
0.0,18-325-00238,2023_08
0.0,18-325-00239,2023_08
0.0,18-326-00241,2023_08
0.0,18-326-00243,2023_08
20.0,18-326-00245,2023_08
0.0,18-326-00246,2023_08
0.0,18-326-00247,2023_08
0.0,18-755-00248,2023_08
0.0,18-756-00249,2023_08
0.0,18-756-00250,2023_08
0.0,18-756-00251,2023_08
0.0,18-757-00252,2023_08
0.0,18-757-00253,2023_08
0.0,18-757-00254,2023_08
0.0,18-759-00255,2023_08
0.0,18-758-00256,2023_08
0.0,18-758-00257,2023_08
50.0,18-816-00259,2023_08
0.0,18-324-00260,2023_08
0.0,18-816-00261,2023_08
0.0,18-324-00262,2023_08
0.0,18-303-00264,2023_08
0.0,18-799-00265,2023_08
0.0,18-303-00266,2023_08
0.0,18-326-00268,2023_08
0.0,18-325-00269,2023_08
0.0,18-325-00270,2023_08
0.0,18-304-00271,2023_08
0.0,18-321-00272,2023_08
0.0,18-321-00273,2023_08
0.0,18-314-00275,2023_08
0.0,18-312-00276,2023_08
0.0,18-312-00277,2023_08
0.0,18-755-00278,2023_08
0.0,18-755-00279,2023_08
0.0,18-760-00280,2023_08
0.0,18-760-00281,2023_08
