object_id,Human_Live_Lost,timeperiod
18-311-00167,0.0,2021_06
18-303-00122,1.0,2021_06
18-307-00142,0.0,2021_06
18-756-00249,0.0,2021_06
18-310-00160,0.0,2021_06
18-303-00266,1.0,2021_06
18-308-00150,0.0,2021_06
18-756-00251,0.0,2021_06
18-756-00250,0.0,2021_06
18-308-00152,0.0,2021_06
18-307-00144,0.0,2021_06
18-303-00120,0.0,2021_06
18-755-00248,0.0,2021_06
18-760-00281,0.0,2021_06
18-325-00269,0.0,2021_06
18-319-00202,0.0,2021_06
18-307-00141,0.0,2021_06
18-311-00168,0.0,2021_06
18-307-00145,0.0,2021_06
18-755-00278,0.0,2021_06
18-325-00239,0.0,2021_06
18-308-00151,0.0,2021_06
18-755-00279,0.0,2021_06
18-319-00200,0.0,2021_06
18-312-00169,0.0,2021_06
18-309-00156,0.0,2021_06
18-311-00167,0.0,2021_07
18-303-00264,1.0,2021_07
18-303-00122,1.0,2021_07
18-307-00142,0.0,2021_07
18-310-00160,0.0,2021_07
18-306-00138,0.0,2021_07
18-303-00266,1.0,2021_07
18-308-00150,0.0,2021_07
18-308-00153,0.0,2021_07
18-313-00175,0.0,2021_07
18-756-00250,0.0,2021_07
18-326-00245,0.0,2021_07
18-308-00152,0.0,2021_07
18-312-00277,0.0,2021_07
18-307-00144,0.0,2021_07
18-760-00281,1.0,2021_07
18-319-00202,0.0,2021_07
18-311-00168,0.0,2021_07
18-305-00135,0.0,2021_07
18-308-00151,0.0,2021_07
18-319-00200,0.0,2021_07
18-312-00169,0.0,2021_07
18-309-00156,0.0,2021_07
18-312-00170,0.0,2021_07
18-311-00167,0.0,2021_08
18-303-00121,0.0,2021_08
18-302-00116,0.0,2021_08
18-323-00224,0.0,2021_08
18-303-00264,0.0,2021_08
18-303-00122,0.0,2021_08
18-320-00205,0.0,2021_08
18-300-00102,0.0,2021_08
18-304-00126,1.0,2021_08
18-307-00142,0.0,2021_08
18-320-00207,0.0,2021_08
18-756-00249,0.0,2021_08
18-313-00172,0.0,2021_08
18-310-00160,0.0,2021_08
18-321-00214,0.0,2021_08
18-306-00138,0.0,2021_08
18-321-00212,0.0,2021_08
18-303-00266,1.0,2021_08
18-325-00270,0.0,2021_08
18-311-00165,0.0,2021_08
18-313-00174,0.0,2021_08
18-307-00146,0.0,2021_08
18-306-00137,0.0,2021_08
18-308-00150,0.0,2021_08
18-305-00133,0.0,2021_08
18-310-00158,0.0,2021_08
18-300-00103,0.0,2021_08
18-308-00153,0.0,2021_08
18-756-00251,0.0,2021_08
18-321-00213,0.0,2021_08
18-321-00211,0.0,2021_08
18-756-00250,0.0,2021_08
18-324-00233,0.0,2021_08
18-308-00152,0.0,2021_08
18-312-00277,0.0,2021_08
18-312-00276,0.0,2021_08
18-307-00144,0.0,2021_08
18-303-00120,0.0,2021_08
18-305-00130,0.0,2021_08
18-316-00184,0.0,2021_08
18-313-00173,0.0,2021_08
18-300-00104,0.0,2021_08
18-304-00127,0.0,2021_08
18-302-00115,0.0,2021_08
18-760-00281,0.0,2021_08
18-325-00269,0.0,2021_08
18-319-00202,0.0,2021_08
18-302-00117,0.0,2021_08
18-304-00271,1.0,2021_08
18-304-00128,0.0,2021_08
18-306-00140,0.0,2021_08
18-321-00215,0.0,2021_08
18-307-00141,0.0,2021_08
18-311-00168,0.0,2021_08
18-307-00145,0.0,2021_08
18-321-00272,0.0,2021_08
18-305-00135,0.0,2021_08
18-321-00208,0.0,2021_08
18-302-00119,0.0,2021_08
18-305-00132,0.0,2021_08
18-309-00154,0.0,2021_08
18-305-00131,0.0,2021_08
18-320-00206,0.0,2021_08
18-316-00185,0.0,2021_08
18-325-00239,0.0,2021_08
18-308-00151,0.0,2021_08
18-311-00166,0.0,2021_08
18-319-00200,0.0,2021_08
18-307-00147,0.0,2021_08
18-312-00169,0.0,2021_08
18-306-00139,0.0,2021_08
18-309-00156,0.0,2021_08
18-760-00280,0.0,2021_08
18-303-00121,0.0,2021_09
18-302-00116,0.0,2021_09
18-323-00224,0.0,2021_09
18-303-00122,0.0,2021_09
18-304-00126,0.0,2021_09
18-307-00142,0.0,2021_09
18-320-00207,0.0,2021_09
18-319-00199,0.0,2021_09
18-313-00172,0.0,2021_09
18-310-00160,0.0,2021_09
18-321-00214,1.0,2021_09
18-306-00138,0.0,2021_09
18-303-00266,0.0,2021_09
18-325-00270,0.0,2021_09
18-311-00165,0.0,2021_09
18-313-00174,0.0,2021_09
18-307-00146,0.0,2021_09
18-306-00137,0.0,2021_09
18-308-00150,0.0,2021_09
18-305-00133,0.0,2021_09
18-301-00112,0.0,2021_09
18-310-00158,0.0,2021_09
18-757-00253,0.0,2021_09
18-756-00251,0.0,2021_09
18-321-00213,0.0,2021_09
18-321-00211,0.0,2021_09
18-756-00250,0.0,2021_09
18-757-00252,0.0,2021_09
18-308-00152,0.0,2021_09
18-312-00277,0.0,2021_09
18-312-00276,0.0,2021_09
18-307-00144,0.0,2021_09
18-303-00120,0.0,2021_09
18-305-00130,0.0,2021_09
18-316-00184,0.0,2021_09
18-313-00173,0.0,2021_09
18-304-00127,2.0,2021_09
18-302-00115,0.0,2021_09
18-760-00281,5.0,2021_09
18-325-00269,0.0,2021_09
18-302-00117,0.0,2021_09
18-304-00271,5.0,2021_09
18-304-00128,0.0,2021_09
18-321-00215,0.0,2021_09
18-307-00141,0.0,2021_09
18-307-00145,0.0,2021_09
18-321-00272,0.0,2021_09
18-302-00119,1.0,2021_09
18-305-00132,0.0,2021_09
18-305-00131,0.0,2021_09
18-303-00123,1.0,2021_09
18-316-00185,0.0,2021_09
18-325-00239,0.0,2021_09
18-308-00151,0.0,2021_09
18-311-00166,0.0,2021_09
18-319-00200,0.0,2021_09
18-312-00169,0.0,2021_09
18-306-00139,0.0,2021_09
18-309-00156,0.0,2021_09
18-760-00280,0.0,2021_09
18-760-00281,1.0,2021_10
18-300-00105,0.0,2022_04
18-310-00160,0.0,2022_04
18-301-00114,0.0,2022_04
18-300-00103,0.0,2022_04
18-300-00101,0.0,2022_04
18-756-00250,0.0,2022_04
18-300-00104,0.0,2022_04
18-307-00141,1.0,2022_04
18-317-00192,0.0,2022_04
18-319-00200,0.0,2022_04
18-318-00194,0.0,2022_05
18-317-00190,0.0,2022_05
18-303-00121,0.0,2022_05
18-300-00105,0.0,2022_05
18-799-00124,0.0,2022_05
18-302-00116,0.0,2022_05
18-323-00227,0.0,2022_05
18-324-00234,0.0,2022_05
18-323-00225,0.0,2022_05
18-323-00224,0.0,2022_05
18-303-00122,0.0,2022_05
18-324-00262,0.0,2022_05
18-300-00102,0.0,2022_05
18-307-00142,0.0,2022_05
18-301-00113,0.0,2022_05
18-756-00249,0.0,2022_05
18-319-00199,0.0,2022_05
18-313-00172,0.0,2022_05
18-321-00216,0.0,2022_05
18-319-00198,0.0,2022_05
18-310-00160,0.0,2022_05
18-321-00214,0.0,2022_05
18-301-00114,0.0,2022_05
18-306-00138,0.0,2022_05
18-321-00212,0.0,2022_05
18-303-00266,0.0,2022_05
18-325-00270,0.0,2022_05
18-306-00137,0.0,2022_05
18-308-00150,0.0,2022_05
18-301-00112,0.0,2022_05
18-757-00253,2.0,2022_05
18-309-00155,0.0,2022_05
18-302-00118,0.0,2022_05
18-323-00228,0.0,2022_05
18-308-00153,0.0,2022_05
18-756-00251,0.0,2022_05
18-816-00259,0.0,2022_05
18-321-00213,0.0,2022_05
18-300-00101,0.0,2022_05
18-321-00211,0.0,2022_05
18-756-00250,0.0,2022_05
18-326-00245,0.0,2022_05
18-757-00252,0.0,2022_05
18-308-00152,0.0,2022_05
18-312-00277,0.0,2022_05
18-312-00276,0.0,2022_05
18-326-00268,0.0,2022_05
18-303-00120,0.0,2022_05
18-321-00210,0.0,2022_05
18-305-00136,10.0,2022_05
18-317-00189,0.0,2022_05
18-316-00184,2.0,2022_05
18-313-00173,0.0,2022_05
18-300-00104,0.0,2022_05
18-316-00188,1.0,2022_05
18-302-00115,0.0,2022_05
18-757-00254,0.0,2022_05
18-755-00248,0.0,2022_05
18-760-00281,0.0,2022_05
18-325-00269,0.0,2022_05
18-319-00202,0.0,2022_05
18-302-00117,0.0,2022_05
18-304-00271,0.0,2022_05
18-326-00247,0.0,2022_05
18-304-00128,0.0,2022_05
18-306-00140,0.0,2022_05
18-305-00134,0.0,2022_05
18-321-00215,0.0,2022_05
18-310-00164,0.0,2022_05
18-323-00226,0.0,2022_05
18-307-00141,0.0,2022_05
18-307-00145,1.0,2022_05
18-321-00272,0.0,2022_05
18-323-00223,0.0,2022_05
18-305-00135,4.0,2022_05
18-321-00208,0.0,2022_05
18-302-00119,0.0,2022_05
18-755-00278,0.0,2022_05
18-303-00123,0.0,2022_05
18-313-00177,0.0,2022_05
18-316-00185,7.0,2022_05
18-325-00239,0.0,2022_05
18-308-00151,0.0,2022_05
18-316-00187,1.0,2022_05
18-755-00279,0.0,2022_05
18-319-00200,0.0,2022_05
18-307-00147,0.0,2022_05
18-816-00261,0.0,2022_05
18-306-00139,0.0,2022_05
18-323-00222,0.0,2022_05
18-326-00246,0.0,2022_05
18-316-00186,1.0,2022_05
18-760-00280,0.0,2022_05
18-301-00110,0.0,2022_06
18-318-00194,0.0,2022_06
18-317-00190,1.0,2022_06
18-324-00260,0.0,2022_06
18-303-00121,2.0,2022_06
18-300-00105,0.0,2022_06
18-799-00124,3.0,2022_06
18-302-00116,2.0,2022_06
18-323-00227,1.0,2022_06
18-324-00234,0.0,2022_06
18-323-00225,3.0,2022_06
18-323-00224,0.0,2022_06
18-303-00264,0.0,2022_06
18-303-00122,4.0,2022_06
18-324-00262,0.0,2022_06
18-320-00205,0.0,2022_06
18-300-00102,0.0,2022_06
18-304-00126,0.0,2022_06
18-307-00142,3.0,2022_06
18-320-00207,2.0,2022_06
18-301-00113,2.0,2022_06
18-756-00249,0.0,2022_06
18-319-00199,0.0,2022_06
18-313-00172,2.0,2022_06
18-321-00216,0.0,2022_06
18-319-00198,0.0,2022_06
18-310-00160,1.0,2022_06
18-321-00214,0.0,2022_06
18-301-00114,0.0,2022_06
18-306-00138,2.0,2022_06
18-321-00212,0.0,2022_06
18-303-00266,5.0,2022_06
18-325-00270,2.0,2022_06
18-311-00165,0.0,2022_06
18-313-00174,0.0,2022_06
18-307-00146,0.0,2022_06
18-306-00137,0.0,2022_06
18-308-00150,0.0,2022_06
18-305-00133,0.0,2022_06
18-301-00112,1.0,2022_06
18-310-00159,0.0,2022_06
18-310-00158,0.0,2022_06
18-757-00253,0.0,2022_06
18-309-00155,0.0,2022_06
18-300-00103,0.0,2022_06
18-302-00118,0.0,2022_06
18-323-00228,0.0,2022_06
18-308-00153,0.0,2022_06
18-756-00251,1.0,2022_06
18-816-00259,1.0,2022_06
18-321-00213,0.0,2022_06
18-300-00101,0.0,2022_06
18-318-00195,1.0,2022_06
18-321-00211,2.0,2022_06
18-756-00250,1.0,2022_06
18-326-00245,1.0,2022_06
18-757-00252,6.0,2022_06
18-324-00233,0.0,2022_06
18-308-00152,2.0,2022_06
18-312-00277,0.0,2022_06
18-307-00144,1.0,2022_06
18-326-00268,0.0,2022_06
18-303-00120,2.0,2022_06
18-305-00130,0.0,2022_06
18-321-00210,0.0,2022_06
18-305-00136,2.0,2022_06
18-317-00189,0.0,2022_06
18-316-00184,2.0,2022_06
18-318-00197,1.0,2022_06
18-313-00173,0.0,2022_06
18-300-00104,1.0,2022_06
18-304-00127,0.0,2022_06
18-316-00188,3.0,2022_06
18-302-00115,0.0,2022_06
18-318-00196,0.0,2022_06
18-757-00254,0.0,2022_06
18-760-00281,0.0,2022_06
18-325-00269,3.0,2022_06
18-319-00202,0.0,2022_06
18-302-00117,0.0,2022_06
18-304-00271,3.0,2022_06
18-326-00247,1.0,2022_06
18-304-00129,1.0,2022_06
18-310-00162,0.0,2022_06
18-304-00128,1.0,2022_06
18-306-00140,0.0,2022_06
18-305-00134,1.0,2022_06
18-321-00215,0.0,2022_06
18-310-00164,0.0,2022_06
18-323-00226,1.0,2022_06
18-307-00141,0.0,2022_06
18-317-00191,4.0,2022_06
18-307-00145,0.0,2022_06
18-321-00272,0.0,2022_06
18-323-00223,1.0,2022_06
18-317-00192,1.0,2022_06
18-305-00135,3.0,2022_06
18-321-00208,3.0,2022_06
18-302-00119,0.0,2022_06
18-305-00132,0.0,2022_06
18-309-00154,0.0,2022_06
18-305-00131,0.0,2022_06
18-303-00123,3.0,2022_06
18-799-00265,0.0,2022_06
18-320-00206,0.0,2022_06
18-316-00185,11.0,2022_06
18-325-00239,2.0,2022_06
18-308-00151,0.0,2022_06
18-311-00166,0.0,2022_06
18-316-00187,4.0,2022_06
18-319-00200,0.0,2022_06
18-307-00147,0.0,2022_06
18-816-00261,1.0,2022_06
18-310-00161,0.0,2022_06
18-312-00169,0.0,2022_06
18-306-00139,0.0,2022_06
18-323-00222,0.0,2022_06
18-310-00163,0.0,2022_06
18-309-00156,0.0,2022_06
18-326-00246,2.0,2022_06
18-316-00186,1.0,2022_06
18-760-00280,0.0,2022_06
18-301-00110,0.0,2022_07
18-318-00194,2.0,2022_07
18-311-00167,0.0,2022_07
18-317-00190,0.0,2022_07
18-303-00121,1.0,2022_07
18-300-00105,1.0,2022_07
18-799-00124,0.0,2022_07
18-302-00116,0.0,2022_07
18-323-00227,0.0,2022_07
18-323-00225,0.0,2022_07
18-303-00122,1.0,2022_07
18-320-00205,0.0,2022_07
18-304-00126,0.0,2022_07
18-307-00142,0.0,2022_07
18-320-00207,0.0,2022_07
18-301-00113,0.0,2022_07
18-756-00249,0.0,2022_07
18-313-00172,0.0,2022_07
18-310-00160,1.0,2022_07
18-321-00214,0.0,2022_07
18-301-00114,0.0,2022_07
18-306-00138,0.0,2022_07
18-303-00266,0.0,2022_07
18-325-00270,0.0,2022_07
18-311-00165,1.0,2022_07
18-307-00146,0.0,2022_07
18-306-00137,0.0,2022_07
18-308-00150,0.0,2022_07
18-310-00159,0.0,2022_07
18-310-00158,0.0,2022_07
18-757-00253,0.0,2022_07
18-309-00155,0.0,2022_07
18-308-00153,0.0,2022_07
18-756-00251,0.0,2022_07
18-816-00259,0.0,2022_07
18-318-00195,0.0,2022_07
18-321-00211,0.0,2022_07
18-756-00250,0.0,2022_07
18-326-00245,0.0,2022_07
18-757-00252,0.0,2022_07
18-324-00233,0.0,2022_07
18-308-00152,0.0,2022_07
18-312-00276,0.0,2022_07
18-307-00144,0.0,2022_07
18-326-00268,0.0,2022_07
18-303-00120,0.0,2022_07
18-305-00130,0.0,2022_07
18-305-00136,1.0,2022_07
18-317-00189,1.0,2022_07
18-316-00184,2.0,2022_07
18-318-00197,1.0,2022_07
18-313-00173,0.0,2022_07
18-304-00127,0.0,2022_07
18-316-00188,0.0,2022_07
18-302-00115,0.0,2022_07
18-757-00254,0.0,2022_07
18-760-00281,0.0,2022_07
18-325-00269,0.0,2022_07
18-319-00202,0.0,2022_07
18-309-00157,0.0,2022_07
18-304-00271,1.0,2022_07
18-326-00247,0.0,2022_07
18-304-00129,0.0,2022_07
18-310-00162,0.0,2022_07
18-304-00128,0.0,2022_07
18-305-00134,3.0,2022_07
18-321-00215,0.0,2022_07
18-310-00164,0.0,2022_07
18-307-00141,1.0,2022_07
18-317-00191,2.0,2022_07
18-307-00145,1.0,2022_07
18-323-00223,0.0,2022_07
18-317-00192,0.0,2022_07
18-305-00135,5.0,2022_07
18-305-00132,0.0,2022_07
18-309-00154,0.0,2022_07
18-305-00131,0.0,2022_07
18-755-00278,0.0,2022_07
18-303-00123,0.0,2022_07
18-799-00265,0.0,2022_07
18-316-00185,8.0,2022_07
18-325-00239,0.0,2022_07
18-308-00151,0.0,2022_07
18-311-00166,0.0,2022_07
18-316-00187,3.0,2022_07
18-755-00279,0.0,2022_07
18-307-00147,0.0,2022_07
18-816-00261,0.0,2022_07
18-310-00161,0.0,2022_07
18-312-00169,0.0,2022_07
18-306-00139,0.0,2022_07
18-310-00163,0.0,2022_07
18-309-00156,0.0,2022_07
18-312-00170,0.0,2022_07
18-326-00246,0.0,2022_07
18-316-00186,2.0,2022_07
18-760-00280,0.0,2022_07
18-301-00110,0.0,2022_08
18-799-00124,0.0,2022_08
18-324-00262,0.0,2022_08
18-320-00205,0.0,2022_08
18-320-00207,0.0,2022_08
18-308-00150,0.0,2022_08
18-757-00253,0.0,2022_08
18-308-00153,0.0,2022_08
18-816-00259,0.0,2022_08
18-326-00245,0.0,2022_08
18-326-00268,0.0,2022_08
18-325-00269,0.0,2022_08
18-309-00157,0.0,2022_08
18-321-00272,0.0,2022_08
18-305-00135,0.0,2022_08
18-799-00265,0.0,2022_08
18-320-00206,0.0,2022_08
18-325-00239,0.0,2022_08
18-308-00151,0.0,2022_08
18-307-00147,0.0,2022_08
18-816-00261,0.0,2022_08
18-312-00169,0.0,2022_08
18-323-00222,0.0,2022_08
18-312-00170,0.0,2022_08
18-320-00205,0.0,2022_09
18-308-00150,0.0,2022_09
18-313-00175,0.0,2022_09
18-308-00152,1.0,2022_09
18-304-00271,0.0,2022_09
18-305-00131,0.0,2022_09
18-308-00151,0.0,2022_09
18-300-00105,0.0,2022_10
18-307-00142,0.0,2022_10
18-301-00113,0.0,2022_10
18-313-00172,0.0,2022_10
18-310-00160,0.0,2022_10
18-301-00114,0.0,2022_10
18-313-00174,0.0,2022_10
18-307-00146,0.0,2022_10
18-308-00150,0.0,2022_10
18-305-00133,0.0,2022_10
18-310-00158,0.0,2022_10
18-308-00153,0.0,2022_10
18-308-00152,0.0,2022_10
18-312-00276,0.0,2022_10
18-305-00136,0.0,2022_10
18-313-00173,0.0,2022_10
18-760-00281,0.0,2022_10
18-304-00271,0.0,2022_10
18-305-00134,0.0,2022_10
18-307-00141,0.0,2022_10
18-307-00145,0.0,2022_10
18-314-00275,0.0,2022_10
18-305-00132,0.0,2022_10
18-325-00239,0.0,2022_10
18-308-00151,0.0,2022_10
18-307-00147,0.0,2022_10
18-312-00169,0.0,2022_10
18-309-00156,0.0,2022_10
18-760-00280,0.0,2022_10
18-316-00188,2.0,2022_12
18-308-00150,0.0,2023_05
18-301-00110,0.0,2023_06
18-324-00260,1.0,2023_06
18-303-00121,0.0,2023_06
18-300-00105,0.0,2023_06
18-799-00124,0.0,2023_06
18-323-00227,1.0,2023_06
18-324-00234,0.0,2023_06
18-323-00225,0.0,2023_06
18-323-00224,0.0,2023_06
18-303-00264,0.0,2023_06
18-303-00122,2.0,2023_06
18-324-00262,0.0,2023_06
18-320-00205,0.0,2023_06
18-300-00102,0.0,2023_06
18-307-00142,0.0,2023_06
18-320-00207,0.0,2023_06
18-301-00113,0.0,2023_06
18-319-00199,0.0,2023_06
18-313-00172,0.0,2023_06
18-319-00198,0.0,2023_06
18-310-00160,0.0,2023_06
18-301-00114,0.0,2023_06
18-306-00138,0.0,2023_06
18-303-00266,0.0,2023_06
18-325-00270,0.0,2023_06
18-313-00174,0.0,2023_06
18-306-00137,0.0,2023_06
18-308-00150,0.0,2023_06
18-301-00112,0.0,2023_06
18-310-00158,0.0,2023_06
18-757-00253,0.0,2023_06
18-300-00103,0.0,2023_06
18-323-00228,1.0,2023_06
18-756-00251,0.0,2023_06
18-313-00175,0.0,2023_06
18-816-00259,1.0,2023_06
18-300-00101,0.0,2023_06
18-321-00211,0.0,2023_06
18-756-00250,0.0,2023_06
18-326-00245,0.0,2023_06
18-757-00252,0.0,2023_06
18-324-00233,0.0,2023_06
18-308-00152,0.0,2023_06
18-312-00277,0.0,2023_06
18-312-00276,0.0,2023_06
18-307-00144,0.0,2023_06
18-326-00268,0.0,2023_06
18-321-00210,0.0,2023_06
18-305-00136,0.0,2023_06
18-300-00104,0.0,2023_06
18-302-00115,0.0,2023_06
18-757-00254,0.0,2023_06
18-760-00281,0.0,2023_06
18-325-00269,0.0,2023_06
18-319-00202,0.0,2023_06
18-326-00247,0.0,2023_06
18-310-00162,0.0,2023_06
18-310-00164,0.0,2023_06
18-323-00226,0.0,2023_06
18-307-00141,0.0,2023_06
18-307-00145,0.0,2023_06
18-323-00223,0.0,2023_06
18-305-00135,0.0,2023_06
18-321-00208,0.0,2023_06
18-302-00119,1.0,2023_06
18-303-00123,1.0,2023_06
18-799-00265,0.0,2023_06
18-320-00206,0.0,2023_06
18-316-00185,0.0,2023_06
18-325-00239,0.0,2023_06
18-308-00151,0.0,2023_06
18-319-00200,0.0,2023_06
18-816-00261,0.0,2023_06
18-312-00169,0.0,2023_06
18-306-00139,0.0,2023_06
18-323-00222,0.0,2023_06
18-310-00163,0.0,2023_06
18-309-00156,0.0,2023_06
18-312-00170,0.0,2023_06
18-301-00110,0.0,2023_07
18-303-00121,0.0,2023_07
18-799-00124,0.0,2023_07
18-323-00224,0.0,2023_07
18-320-00205,0.0,2023_07
18-300-00102,0.0,2023_07
18-304-00126,0.0,2023_07
18-307-00142,0.0,2023_07
18-320-00207,0.0,2023_07
18-313-00172,0.0,2023_07
18-310-00160,0.0,2023_07
18-306-00138,0.0,2023_07
18-313-00174,0.0,2023_07
18-308-00150,0.0,2023_07
18-310-00159,0.0,2023_07
18-310-00158,0.0,2023_07
18-300-00103,0.0,2023_07
18-308-00153,0.0,2023_07
18-756-00251,0.0,2023_07
18-300-00101,0.0,2023_07
18-321-00211,0.0,2023_07
18-756-00250,0.0,2023_07
18-324-00233,0.0,2023_07
18-308-00152,0.0,2023_07
18-312-00277,0.0,2023_07
18-312-00276,0.0,2023_07
18-307-00144,0.0,2023_07
18-321-00210,0.0,2023_07
18-313-00173,0.0,2023_07
18-300-00104,0.0,2023_07
18-760-00281,0.0,2023_07
18-319-00202,0.0,2023_07
18-304-00271,0.0,2023_07
18-326-00247,0.0,2023_07
18-310-00162,0.0,2023_07
18-310-00164,0.0,2023_07
18-307-00141,0.0,2023_07
18-311-00168,1.0,2023_07
18-307-00145,0.0,2023_07
18-321-00272,0.0,2023_07
18-317-00192,0.0,2023_07
18-309-00154,0.0,2023_07
18-305-00131,0.0,2023_07
18-799-00265,0.0,2023_07
18-320-00206,0.0,2023_07
18-325-00239,0.0,2023_07
18-308-00151,0.0,2023_07
18-311-00166,1.0,2023_07
18-755-00279,0.0,2023_07
18-319-00200,0.0,2023_07
18-307-00147,0.0,2023_07
18-816-00261,0.0,2023_07
18-310-00161,0.0,2023_07
18-312-00169,0.0,2023_07
18-306-00139,0.0,2023_07
18-323-00222,0.0,2023_07
18-309-00156,0.0,2023_07
18-760-00280,0.0,2023_07
18-301-00110,0.0,2023_08
18-311-00167,0.0,2023_08
18-303-00121,0.0,2023_08
18-300-00105,0.0,2023_08
18-302-00116,0.0,2023_08
18-323-00227,0.0,2023_08
18-323-00225,0.0,2023_08
18-323-00224,0.0,2023_08
18-320-00205,0.0,2023_08
18-300-00102,0.0,2023_08
18-304-00126,0.0,2023_08
18-307-00142,0.0,2023_08
18-320-00207,0.0,2023_08
18-756-00249,0.0,2023_08
18-319-00199,0.0,2023_08
18-313-00172,2.0,2023_08
18-310-00160,0.0,2023_08
18-301-00114,0.0,2023_08
18-306-00138,2.0,2023_08
18-303-00266,0.0,2023_08
18-325-00270,0.0,2023_08
18-311-00165,1.0,2023_08
18-313-00174,0.0,2023_08
18-307-00146,0.0,2023_08
18-308-00150,0.0,2023_08
18-305-00133,0.0,2023_08
18-310-00159,0.0,2023_08
18-310-00158,1.0,2023_08
18-300-00103,0.0,2023_08
18-323-00228,0.0,2023_08
18-308-00153,0.0,2023_08
18-756-00251,0.0,2023_08
18-313-00175,0.0,2023_08
18-816-00259,0.0,2023_08
18-300-00101,0.0,2023_08
18-321-00211,0.0,2023_08
18-756-00250,0.0,2023_08
18-326-00245,0.0,2023_08
18-308-00152,0.0,2023_08
18-312-00276,0.0,2023_08
18-307-00144,0.0,2023_08
18-326-00268,0.0,2023_08
18-305-00130,0.0,2023_08
18-321-00210,0.0,2023_08
18-313-00173,0.0,2023_08
18-300-00104,0.0,2023_08
18-302-00115,0.0,2023_08
18-760-00281,0.0,2023_08
18-325-00269,0.0,2023_08
18-302-00117,0.0,2023_08
18-304-00271,0.0,2023_08
18-310-00162,0.0,2023_08
18-306-00140,0.0,2023_08
18-310-00164,0.0,2023_08
18-323-00226,0.0,2023_08
18-307-00141,0.0,2023_08
18-311-00168,0.0,2023_08
18-307-00145,0.0,2023_08
18-321-00208,0.0,2023_08
18-302-00119,0.0,2023_08
18-305-00131,0.0,2023_08
18-313-00177,0.0,2023_08
18-320-00206,0.0,2023_08
18-325-00239,0.0,2023_08
18-308-00151,0.0,2023_08
18-311-00166,1.0,2023_08
18-755-00279,0.0,2023_08
18-307-00147,0.0,2023_08
18-816-00261,0.0,2023_08
18-310-00161,0.0,2023_08
18-312-00169,0.0,2023_08
18-306-00139,0.0,2023_08
18-323-00222,0.0,2023_08
18-310-00163,0.0,2023_08
18-760-00280,0.0,2023_08
18-301-00110,0.0,2023_09
18-303-00121,0.0,2023_09
18-302-00116,0.0,2023_09
18-323-00225,0.0,2023_09
18-323-00224,0.0,2023_09
18-304-00126,0.0,2023_09
18-307-00142,0.0,2023_09
18-320-00207,0.0,2023_09
18-313-00172,0.0,2023_09
18-310-00160,0.0,2023_09
18-321-00214,0.0,2023_09
18-303-00266,0.0,2023_09
18-325-00270,0.0,2023_09
18-311-00165,0.0,2023_09
18-313-00174,0.0,2023_09
18-307-00146,0.0,2023_09
18-308-00150,0.0,2023_09
18-305-00133,0.0,2023_09
18-301-00112,0.0,2023_09
18-310-00158,0.0,2023_09
18-302-00118,0.0,2023_09
18-756-00251,0.0,2023_09
18-321-00211,0.0,2023_09
18-756-00250,0.0,2023_09
18-312-00276,0.0,2023_09
18-305-00130,0.0,2023_09
18-321-00210,0.0,2023_09
18-313-00173,0.0,2023_09
18-300-00104,0.0,2023_09
18-302-00115,0.0,2023_09
18-760-00281,0.0,2023_09
18-325-00269,0.0,2023_09
18-302-00117,0.0,2023_09
18-304-00271,0.0,2023_09
18-310-00162,0.0,2023_09
18-304-00128,0.0,2023_09
18-321-00215,0.0,2023_09
18-321-00208,0.0,2023_09
18-302-00119,0.0,2023_09
18-305-00131,0.0,2023_09
18-325-00239,1.0,2023_09
18-311-00166,0.0,2023_09
18-312-00169,0.0,2023_09
18-306-00139,0.0,2023_09
18-760-00280,0.0,2023_09
18-318-00194,0.0,2024_06
18-317-00190,0.0,2024_06
18-300-00105,0.0,2024_06
18-799-00124,0.0,2024_06
18-302-00116,0.0,2024_06
18-323-00227,0.0,2024_06
18-323-00225,0.0,2024_06
18-303-00264,0.0,2024_06
18-303-00122,0.0,2024_06
18-324-00262,0.0,2024_06
18-300-00102,0.0,2024_06
18-307-00142,0.0,2024_06
18-320-00207,0.0,2024_06
18-319-00199,0.0,2024_06
18-313-00172,0.0,2024_06
18-321-00216,0.0,2024_06
18-319-00198,0.0,2024_06
18-310-00160,0.0,2024_06
18-301-00114,0.0,2024_06
18-306-00138,0.0,2024_06
18-325-00270,0.0,2024_06
18-311-00165,0.0,2024_06
18-313-00174,0.0,2024_06
18-306-00137,0.0,2024_06
18-308-00150,0.0,2024_06
18-310-00159,0.0,2024_06
18-310-00158,0.0,2024_06
18-757-00253,0.0,2024_06
18-309-00155,0.0,2024_06
18-300-00103,0.0,2024_06
18-302-00118,0.0,2024_06
18-323-00228,0.0,2024_06
18-308-00153,1.0,2024_06
18-756-00251,0.0,2024_06
18-313-00175,0.0,2024_06
18-816-00259,0.0,2024_06
18-300-00101,0.0,2024_06
18-318-00195,1.0,2024_06
18-321-00211,0.0,2024_06
18-756-00250,0.0,2024_06
18-326-00245,0.0,2024_06
18-757-00252,0.0,2024_06
18-324-00233,0.0,2024_06
18-308-00152,1.0,2024_06
18-312-00277,0.0,2024_06
18-312-00276,0.0,2024_06
18-307-00144,0.0,2024_06
18-326-00268,0.0,2024_06
18-321-00210,0.0,2024_06
18-305-00136,1.0,2024_06
18-317-00189,0.0,2024_06
18-316-00184,4.0,2024_06
18-318-00197,0.0,2024_06
18-313-00173,0.0,2024_06
18-300-00104,0.0,2024_06
18-316-00188,1.0,2024_06
18-302-00115,0.0,2024_06
18-318-00196,1.0,2024_06
18-757-00254,0.0,2024_06
18-760-00281,0.0,2024_06
18-325-00269,0.0,2024_06
18-319-00202,0.0,2024_06
18-309-00157,0.0,2024_06
18-302-00117,0.0,2024_06
18-304-00271,0.0,2024_06
18-326-00247,0.0,2024_06
18-304-00128,0.0,2024_06
18-305-00134,0.0,2024_06
18-323-00226,0.0,2024_06
18-307-00141,0.0,2024_06
18-317-00191,1.0,2024_06
18-307-00145,0.0,2024_06
18-323-00223,0.0,2024_06
18-317-00192,0.0,2024_06
18-305-00135,1.0,2024_06
18-321-00208,0.0,2024_06
18-302-00119,0.0,2024_06
18-309-00154,0.0,2024_06
18-303-00123,2.0,2024_06
18-799-00265,1.0,2024_06
18-320-00206,0.0,2024_06
18-316-00185,2.0,2024_06
18-325-00239,0.0,2024_06
18-308-00151,0.0,2024_06
18-311-00166,0.0,2024_06
18-316-00187,8.0,2024_06
18-319-00200,0.0,2024_06
18-307-00147,0.0,2024_06
18-816-00261,0.0,2024_06
18-310-00161,0.0,2024_06
18-312-00169,0.0,2024_06
18-323-00222,0.0,2024_06
18-309-00156,0.0,2024_06
18-316-00186,0.0,2024_06
18-760-00280,0.0,2024_06
18-301-00110,2.0,2024_07
18-318-00194,0.0,2024_07
18-311-00167,0.0,2024_07
18-317-00190,0.0,2024_07
18-303-00121,0.0,2024_07
18-300-00105,0.0,2024_07
18-799-00124,0.0,2024_07
18-302-00116,3.0,2024_07
18-323-00227,0.0,2024_07
18-323-00225,0.0,2024_07
18-323-00224,2.0,2024_07
18-303-00122,0.0,2024_07
18-320-00205,0.0,2024_07
18-300-00102,0.0,2024_07
18-304-00126,0.0,2024_07
18-307-00142,0.0,2024_07
18-320-00207,0.0,2024_07
18-301-00113,2.0,2024_07
18-756-00249,0.0,2024_07
18-319-00199,0.0,2024_07
18-313-00172,4.0,2024_07
18-319-00198,0.0,2024_07
18-310-00160,0.0,2024_07
18-321-00214,0.0,2024_07
18-301-00114,0.0,2024_07
18-306-00138,0.0,2024_07
18-303-00266,0.0,2024_07
18-325-00270,0.0,2024_07
18-311-00165,1.0,2024_07
18-313-00174,1.0,2024_07
18-307-00146,0.0,2024_07
18-306-00137,2.0,2024_07
18-308-00150,1.0,2024_07
18-305-00133,0.0,2024_07
18-301-00112,0.0,2024_07
18-310-00159,1.0,2024_07
18-310-00158,0.0,2024_07
18-757-00253,0.0,2024_07
18-309-00155,3.0,2024_07
18-300-00103,0.0,2024_07
18-302-00118,0.0,2024_07
18-308-00153,2.0,2024_07
18-756-00251,0.0,2024_07
18-313-00175,0.0,2024_07
18-816-00259,0.0,2024_07
18-321-00213,0.0,2024_07
18-300-00101,0.0,2024_07
18-318-00195,0.0,2024_07
18-321-00211,0.0,2024_07
18-756-00250,1.0,2024_07
18-326-00245,0.0,2024_07
18-757-00252,0.0,2024_07
18-308-00152,1.0,2024_07
18-312-00277,0.0,2024_07
18-312-00276,0.0,2024_07
18-307-00144,0.0,2024_07
18-326-00268,0.0,2024_07
18-303-00120,0.0,2024_07
18-305-00130,2.0,2024_07
18-321-00210,0.0,2024_07
18-305-00136,0.0,2024_07
18-317-00189,1.0,2024_07
18-316-00184,2.0,2024_07
18-318-00197,0.0,2024_07
18-313-00173,1.0,2024_07
18-300-00104,0.0,2024_07
18-304-00127,0.0,2024_07
18-316-00188,0.0,2024_07
18-302-00115,0.0,2024_07
18-318-00196,0.0,2024_07
18-757-00254,0.0,2024_07
18-755-00248,1.0,2024_07
18-760-00281,0.0,2024_07
18-325-00269,0.0,2024_07
18-319-00202,0.0,2024_07
18-309-00157,1.0,2024_07
18-302-00117,0.0,2024_07
18-304-00271,2.0,2024_07
18-310-00162,0.0,2024_07
18-304-00128,0.0,2024_07
18-313-00176,0.0,2024_07
18-306-00140,0.0,2024_07
18-305-00134,0.0,2024_07
18-321-00215,0.0,2024_07
18-310-00164,2.0,2024_07
18-307-00141,0.0,2024_07
18-311-00168,0.0,2024_07
18-317-00191,1.0,2024_07
18-307-00145,0.0,2024_07
18-321-00272,0.0,2024_07
18-323-00223,0.0,2024_07
18-317-00192,0.0,2024_07
18-314-00275,0.0,2024_07
18-305-00135,1.0,2024_07
18-321-00208,0.0,2024_07
18-302-00119,5.0,2024_07
18-309-00154,1.0,2024_07
18-305-00131,0.0,2024_07
18-755-00278,1.0,2024_07
18-303-00123,0.0,2024_07
18-313-00177,0.0,2024_07
18-320-00206,0.0,2024_07
18-316-00185,2.0,2024_07
18-325-00239,0.0,2024_07
18-308-00151,3.0,2024_07
18-311-00166,1.0,2024_07
18-316-00187,0.0,2024_07
18-755-00279,1.0,2024_07
18-319-00200,0.0,2024_07
18-307-00147,0.0,2024_07
18-816-00261,0.0,2024_07
18-310-00161,0.0,2024_07
18-312-00169,1.0,2024_07
18-306-00139,2.0,2024_07
18-323-00222,0.0,2024_07
18-310-00163,0.0,2024_07
18-309-00156,0.0,2024_07
18-312-00170,0.0,2024_07
18-316-00186,0.0,2024_07
18-760-00280,0.0,2024_07
18-303-00122,0.0,2024_08
18-313-00172,0.0,2024_08
18-319-00198,0.0,2024_08
18-311-00165,1.0,2024_08
18-313-00174,0.0,2024_08
18-308-00150,0.0,2024_08
18-308-00153,0.0,2024_08
18-313-00175,2.0,2024_08
18-816-00259,0.0,2024_08
18-318-00195,0.0,2024_08
18-326-00245,0.0,2024_08
18-308-00152,0.0,2024_08
18-312-00276,0.0,2024_08
18-326-00268,0.0,2024_08
18-305-00130,0.0,2024_08
18-305-00136,0.0,2024_08
18-317-00189,0.0,2024_08
18-313-00173,0.0,2024_08
18-302-00115,0.0,2024_08
18-318-00196,0.0,2024_08
18-755-00248,5.0,2024_08
18-325-00269,0.0,2024_08
18-302-00117,0.0,2024_08
18-326-00247,0.0,2024_08
18-310-00162,0.0,2024_08
18-313-00176,1.0,2024_08
18-310-00164,0.0,2024_08
18-311-00168,0.0,2024_08
18-317-00191,0.0,2024_08
18-317-00192,0.0,2024_08
18-314-00275,0.0,2024_08
18-305-00131,0.0,2024_08
18-755-00278,0.0,2024_08
18-313-00177,0.0,2024_08
18-308-00151,0.0,2024_08
18-311-00166,0.0,2024_08
18-755-00279,0.0,2024_08
18-310-00161,0.0,2024_08
18-310-00163,1.0,2024_08
18-312-00170,0.0,2024_08
18-311-00165,0.0,2024_09
18-308-00150,0.0,2024_09
18-757-00253,0.0,2024_09
18-308-00153,0.0,2024_09
18-313-00175,0.0,2024_09
18-757-00252,0.0,2024_09
18-308-00152,0.0,2024_09
18-757-00254,0.0,2024_09
18-307-00141,0.0,2024_09
18-317-00192,0.0,2024_09
18-311-00166,0.0,2024_09
