object_id,sum_young_population,timeperiod
18-300-00101,35079.25,2016
18-321-00216,3982.150000000001,2016
18-321-00217,1047.85,2016
18-321-00218,2425.52,2016
18-322-00219,32481.99,2016
18-322-00220,4728.62,2016
18-322-00221,1946.01,2016
18-323-00222,4265.54,2016
18-323-00223,2552.89,2016
18-321-00215,9392.41,2016
18-323-00224,16547.0,2016
18-323-00226,7625.93,2016
18-323-00227,1347.58,2016
18-323-00228,9472.22,2016
18-324-00260,2700.09,2016
18-323-00230,488.51,2016
18-324-00231,7765.84,2016
18-324-00232,4336.54,2016
18-324-00233,5034.360000000001,2016
18-323-00225,7255.01,2016
18-321-00214,16882.89,2016
18-321-00213,10277.73,2016
18-321-00212,6964.65,2016
18-317-00193,35853.43,2016
18-318-00194,7567.73,2016
18-318-00195,11125.75,2016
18-318-00196,18596.97,2016
18-318-00197,19686.73,2016
18-319-00198,6050.960000000001,2016
18-319-00199,10165.52,2016
18-319-00200,35439.68,2016
18-319-00201,8231.43,2016
18-319-00202,6304.41,2016
18-320-00203,1080.94,2016
18-320-00204,1433.85,2016
18-320-00205,13091.37,2016
18-320-00206,10964.96,2016
18-320-00207,35986.990000000005,2016
18-321-00208,8964.02,2016
18-321-00209,3101.82,2016
18-321-00210,11081.929999999998,2016
18-321-00211,3915.22,2016
18-324-00234,4511.299999999999,2016
18-816-00236,373.02,2016
18-325-00237,1648.77,2016
18-325-00238,5137.62,2016
18-324-00263,3608.67,2016
18-303-00264,15893.89,2016
18-799-00265,12347.5,2016
18-303-00266,17390.56,2016
18-322-00267,25486.5,2016
18-326-00268,3332.4,2016
18-325-00269,21421.84,2016
18-325-00270,58173.86,2016
18-304-00271,29368.74,2016
18-321-00272,12870.14,2016
18-321-00273,15740.29,2016
18-301-00274,1048.84,2016
18-312-00276,18737.51,2016
18-312-00277,6699.33,2016
18-755-00278,7616.48,2016
18-755-00279,6142.29,2016
18-760-00280,3944.58,2016
18-760-00281,4770.389999999999,2016
18-314-00275,29822.91,2016
18-324-00262,11078.94,2016
18-317-00192,40725.05,2016
18-816-00261,20644.13,2016
18-816-00258,1117.35,2016
18-325-00239,19527.7,2016
18-326-00240,1675.42,2016
18-326-00241,7651.23,2016
18-326-00242,0.92,2016
18-326-00243,250.31,2016
18-326-00244,3604.99,2016
18-326-00245,19260.59,2016
18-326-00246,23257.74,2016
18-326-00247,9960.15,2016
18-755-00248,8634.39,2016
18-756-00249,36409.44,2016
18-756-00250,7333.549999999999,2016
18-756-00251,11258.91,2016
18-757-00252,15694.96,2016
18-757-00253,21888.06,2016
18-757-00254,48515.42,2016
18-759-00255,52425.93,2016
18-758-00256,4033.42,2016
18-758-00257,51488.36,2016
18-816-00259,9038.18,2016
18-317-00191,26726.230000000003,2016
18-816-00235,339.56000000000006,2016
18-317-00189,35897.81,2016
18-799-00125,1672.64,2016
18-304-00126,11873.59,2016
18-304-00127,9505.45,2016
18-304-00128,16936.17,2016
18-304-00129,16883.17,2016
18-305-00130,25377.63,2016
18-305-00131,32938.93,2016
18-305-00132,29886.57,2016
18-305-00133,28575.38,2016
18-305-00134,21293.09,2016
18-305-00135,12858.43,2016
18-305-00136,29295.99,2016
18-306-00137,47468.2,2016
18-306-00138,28528.33,2016
18-306-00139,17766.510000000002,2016
18-306-00140,21046.81,2016
18-307-00141,7842.49,2016
18-307-00142,27150.4,2016
18-307-00143,16449.25,2016
18-303-00123,13854.86,2016
18-307-00144,6582.1,2016
18-303-00122,32487.36,2016
18-303-00120,17682.89,2016
18-317-00190,16641.27,2016
18-300-00102,2591.8500000000004,2016
18-300-00103,15324.85,2016
18-300-00104,39072.01,2016
18-300-00105,8708.08,2016
18-300-00106,5844.51,2016
18-300-00107,2585.44,2016
18-300-00108,13119.65,2016
18-301-00109,14692.53,2016
18-301-00110,9392.52,2016
18-301-00111,20508.27,2016
18-301-00112,35128.16,2016
18-301-00113,17701.480000000003,2016
18-301-00114,1979.83,2016
18-302-00115,28538.95,2016
18-302-00116,21129.160000000003,2016
18-302-00117,38791.37,2016
18-302-00118,5377.59,2016
18-302-00119,13410.93,2016
18-303-00121,36374.12,2016
18-307-00145,28786.95,2016
18-799-00124,10092.6,2016
18-316-00188,34219.97,2016
18-312-00169,10107.56,2016
18-312-00170,14008.83,2016
18-312-00171,11732.4,2016
18-313-00172,17983.8,2016
18-313-00173,12816.98,2016
18-313-00174,12564.03,2016
18-313-00175,37764.64,2016
18-313-00177,19384.29,2016
18-314-00178,39793.53,2016
18-314-00179,10245.54,2016
18-315-00180,8125.74,2016
18-315-00181,6243.41,2016
18-315-00182,4251.780000000001,2016
18-315-00183,6128.4400000000005,2016
18-316-00184,25407.78,2016
18-316-00185,72816.39,2016
18-316-00186,16552.34,2016
18-316-00187,30116.870000000003,2016
18-307-00146,10233.26,2016
18-311-00168,19571.72,2016
18-311-00167,12080.079999999998,2016
18-313-00176,6213.61,2016
18-307-00147,7931.7,2016
18-311-00166,18771.34,2016
18-308-00148,139.91000000000005,2016
18-308-00149,517.5799999999999,2016
18-308-00150,12897.97,2016
18-308-00151,24315.120000000003,2016
18-308-00152,14231.330000000002,2016
18-309-00154,14029.54,2016
18-309-00155,40975.06,2016
18-309-00156,48111.47,2016
18-308-00153,10057.01,2016
18-310-00158,15178.6,2016
18-311-00165,9724.53,2016
18-309-00157,35393.42,2016
18-310-00163,12616.54,2016
18-310-00162,11911.39,2016
18-310-00164,22956.410000000003,2016
18-310-00160,11648.18,2016
18-310-00159,20547.15,2016
18-310-00161,5697.75,2016
18-323-00223,2580.4,2017
18-321-00216,3839.96,2017
18-321-00217,1029.93,2017
18-321-00218,2332.18,2017
18-322-00219,31120.81,2017
18-322-00220,4713.81,2017
18-322-00221,1954.94,2017
18-323-00222,4054.74,2017
18-323-00224,16183.03,2017
18-324-00234,4244.25,2017
18-323-00226,7418.639999999999,2017
18-323-00227,1301.51,2017
18-323-00228,9475.4,2017
18-324-00260,2627.8500000000004,2017
18-323-00230,482.5,2017
18-324-00231,7658.33,2017
18-324-00232,4233.63,2017
18-324-00233,4926.98,2017
18-321-00215,9461.38,2017
18-323-00225,7309.610000000001,2017
18-321-00214,16854.22,2017
18-317-00193,36175.83,2017
18-321-00212,7073.21,2017
18-816-00235,331.16,2017
18-318-00194,7645.46,2017
18-318-00195,11255.54,2017
18-318-00196,18974.57,2017
18-318-00197,19291.88,2017
18-319-00198,5760.1900000000005,2017
18-319-00199,9877.21,2017
18-319-00200,35262.26,2017
18-319-00201,8108.68,2017
18-319-00202,6155.93,2017
18-320-00203,975.18,2017
18-320-00204,1362.39,2017
18-320-00205,12928.16,2017
18-320-00206,10776.71,2017
18-320-00207,35496.31,2017
18-321-00208,8534.67,2017
18-321-00209,3124.41,2017
18-321-00210,10807.12,2017
18-321-00211,3954.08,2017
18-321-00213,10173.22,2017
18-816-00236,372.69,2017
18-314-00275,29457.25,2017
18-325-00238,4940.98,2017
18-324-00263,3662.12,2017
18-303-00264,15736.64,2017
18-799-00265,11547.88,2017
18-303-00266,16403.620000000003,2017
18-322-00267,25088.18,2017
18-326-00268,3220.54,2017
18-325-00269,20822.15,2017
18-325-00270,58149.740000000005,2017
18-304-00271,29079.41,2017
18-321-00272,12548.14,2017
18-321-00273,15575.38,2017
18-301-00274,1029.19,2017
18-312-00276,17931.760000000002,2017
18-312-00277,6423.889999999999,2017
18-755-00278,7507.68,2017
18-755-00279,6118.629999999999,2017
18-760-00280,3801.38,2017
18-760-00281,4743.85,2017
18-317-00192,40071.52,2017
18-324-00262,10747.25,2017
18-325-00237,1687.86,2017
18-816-00261,20339.4,2017
18-816-00258,1063.55,2017
18-325-00239,19346.27,2017
18-326-00240,1635.53,2017
18-326-00241,7684.639999999999,2017
18-326-00242,0.99,2017
18-326-00243,250.78,2017
18-326-00244,3634.54,2017
18-326-00245,18820.31,2017
18-326-00246,22800.47,2017
18-326-00247,9778.32,2017
18-755-00248,8617.66,2017
18-756-00249,35722.59,2017
18-756-00250,7146.9800000000005,2017
18-756-00251,10983.36,2017
18-757-00252,15397.62,2017
18-757-00253,21415.06,2017
18-757-00254,47885.05,2017
18-759-00255,51540.15,2017
18-758-00256,3887.19,2017
18-758-00257,51135.82,2017
18-816-00259,8801.66,2017
18-317-00191,26858.49,2017
18-307-00145,28542.72,2017
18-317-00189,35842.61,2017
18-799-00124,9931.41,2017
18-799-00125,1769.94,2017
18-304-00126,11686.61,2017
18-304-00127,9181.47,2017
18-304-00128,16908.36,2017
18-304-00129,16679.85,2017
18-305-00130,24730.09,2017
18-305-00131,32566.64,2017
18-305-00132,30124.53,2017
18-305-00133,28150.14,2017
18-305-00134,21168.53,2017
18-305-00135,12518.31,2017
18-305-00136,29101.34,2017
18-306-00137,46660.93,2017
18-306-00138,28222.64,2017
18-306-00139,17659.800000000003,2017
18-306-00140,20832.84,2017
18-307-00141,7743.25,2017
18-307-00142,26746.58,2017
18-303-00122,31267.39,2017
18-307-00143,16569.55,2017
18-303-00121,35791.98,2017
18-302-00119,13162.76,2017
18-317-00190,16625.31,2017
18-300-00101,34579.81,2017
18-300-00102,2405.81,2017
18-300-00103,14800.009999999998,2017
18-300-00104,38374.89,2017
18-300-00105,8379.83,2017
18-300-00106,5878.41,2017
18-300-00107,2630.26,2017
18-300-00108,12913.77,2017
18-301-00109,14399.15,2017
18-301-00110,9279.39,2017
18-301-00111,20458.18,2017
18-301-00112,34868.21,2017
18-301-00113,17765.98,2017
18-301-00114,2037.07,2017
18-302-00115,28314.56,2017
18-302-00116,20561.25,2017
18-302-00117,38053.37,2017
18-302-00118,4937.1900000000005,2017
18-303-00120,17480.02,2017
18-307-00144,6519.35,2017
18-303-00123,14106.53,2017
18-307-00146,10099.8,2017
18-312-00169,9693.52,2017
18-312-00170,13605.48,2017
18-312-00171,11609.79,2017
18-313-00172,17614.54,2017
18-313-00173,12917.11,2017
18-313-00174,12278.72,2017
18-313-00175,36974.85,2017
18-313-00176,6157.530000000001,2017
18-313-00177,18957.15,2017
18-314-00178,39750.02,2017
18-314-00179,10205.009999999998,2017
18-315-00180,8093.96,2017
18-315-00181,6199.6900000000005,2017
18-315-00182,4150.72,2017
18-315-00183,6037.04,2017
18-316-00184,25359.7,2017
18-316-00185,71607.73000000001,2017
18-316-00186,16363.22,2017
18-316-00187,29798.24,2017
18-311-00168,18980.93,2017
18-311-00167,11940.71,2017
18-316-00188,34024.17,2017
18-308-00152,13787.14,2017
18-307-00147,7820.32,2017
18-308-00148,138.12,2017
18-308-00149,523.35,2017
18-308-00150,12610.04,2017
18-308-00151,23961.73,2017
18-311-00166,18233.34,2017
18-308-00153,9899.94,2017
18-309-00154,13845.94,2017
18-309-00156,47976.66,2017
18-309-00155,40310.63,2017
18-310-00158,14878.76,2017
18-310-00159,20058.79,2017
18-310-00160,11549.15,2017
18-310-00161,5502.08,2017
18-310-00162,11492.68,2017
18-310-00163,12420.78,2017
18-310-00164,22517.91,2017
18-311-00165,9515.86,2017
18-309-00157,34076.04,2017
18-300-00101,34444.846999999994,2025
18-300-00102,2141.4869999999937,2025
18-300-00103,14400.832000000024,2025
18-300-00104,38055.89300000001,2025
18-300-00105,8427.133999999998,2025
18-300-00106,6914.180999999982,2025
18-300-00107,3183.947999999975,2025
18-300-00108,14498.483000000007,2025
18-301-00109,16966.523000000045,2025
18-301-00110,10271.857000000018,2025
18-301-00111,23118.01800000004,2025
18-301-00112,38598.70499999996,2025
18-301-00113,20489.935000000056,2025
18-301-00114,2186.354000000006,2025
18-301-00274,1121.2870000000005,2025
18-302-00115,30898.548000000068,2025
18-302-00116,21246.283,2025
18-302-00117,41036.33100000012,2025
18-302-00118,4965.432000000001,2025
18-302-00119,14145.806999999972,2025
18-303-00120,18732.551999999967,2025
18-303-00121,40165.29000000004,2025
18-303-00122,32055.601,2025
18-303-00123,16031.831999999997,2025
18-303-00264,17087.482000000018,2025
18-303-00266,17209.79599999999,2025
18-304-00126,12177.921000000002,2025
18-304-00127,11459.532999999996,2025
18-304-00128,18910.87300000002,2025
18-304-00129,18209.079000000027,2025
18-304-00271,31735.418000000063,2025
18-305-00130,25238.671,2025
18-305-00131,36851.49800000014,2025
18-305-00132,32438.77600000007,2025
18-305-00133,30513.364,2025
18-305-00134,24476.50900000008,2025
18-305-00135,14134.357000000018,2025
18-305-00136,31653.713000000105,2025
18-306-00137,48272.69200000001,2025
18-306-00138,30096.79999999999,2025
18-306-00139,23222.40699999989,2025
18-306-00140,21283.19799999999,2025
18-307-00141,8100.116999999998,2025
18-307-00142,27503.636999999988,2025
18-307-00143,16936.410000000018,2025
18-307-00144,7051.937000000005,2025
18-307-00145,30233.92799999996,2025
18-307-00146,10395.021999999995,2025
18-307-00147,8400.758999999991,2025
18-308-00148,138.2569999999999,2025
18-308-00149,593.780999999999,2025
18-308-00150,13448.476999999984,2025
18-308-00151,25635.76700000005,2025
18-308-00152,14667.915000000008,2025
18-308-00153,10389.013999999996,2025
18-309-00154,14465.482000000004,2025
18-309-00155,41304.205000000016,2025
18-309-00156,50835.35199999996,2025
18-309-00157,35319.883,2025
18-310-00158,14831.940000000002,2025
18-310-00159,20248.327,2025
18-310-00160,11994.148,2025
18-310-00161,5400.139000000003,2025
18-310-00162,11247.133000000016,2025
18-310-00163,12363.740000000002,2025
18-310-00164,22604.162999999997,2025
18-311-00165,9640.975999999995,2025
18-311-00166,17656.494000000006,2025
18-311-00167,11809.424999999996,2025
18-311-00168,18627.073999999997,2025
18-312-00169,9406.455999999993,2025
18-312-00170,13137.809000000008,2025
18-312-00171,11542.707999999997,2025
18-312-00276,16640.631999999983,2025
18-312-00277,5997.932000000001,2025
18-313-00172,18619.769,2025
18-313-00173,14557.093000000052,2025
18-313-00174,12270.948000000004,2025
18-313-00175,36986.314,2025
18-313-00176,6506.695000000007,2025
18-313-00177,18765.435,2025
18-314-00178,43143.978,2025
18-314-00179,10709.511,2025
18-314-00275,32251.929000000004,2025
18-315-00180,8750.640000000014,2025
18-315-00181,7058.712,2025
18-315-00182,4249.979999999999,2025
18-315-00183,6296.019,2025
18-316-00184,27303.78899999999,2025
18-316-00185,76174.11099999992,2025
18-316-00186,17773.36499999999,2025
18-316-00187,32676.549,2025
18-316-00188,36647.47600000002,2025
18-317-00189,38609.58700000006,2025
18-317-00190,18452.652,2025
18-317-00191,29695.343999999925,2025
18-317-00192,43549.40700000001,2025
18-317-00193,40272.742000000086,2025
18-318-00194,8737.935999999987,2025
18-318-00195,13029.40499999997,2025
18-318-00196,21183.75800000003,2025
18-318-00197,20814.857000000015,2025
18-319-00198,5746.072,2025
18-319-00199,10298.331999999997,2025
18-319-00200,39047.73599999992,2025
18-319-00201,8499.458999999995,2025
18-319-00202,6663.588999999993,2025
18-320-00203,774.7480000000069,2025
18-320-00204,1252.774000000005,2025
18-320-00205,13625.978999999992,2025
18-320-00206,11021.218999999996,2025
18-320-00207,36410.78999999998,2025
18-321-00208,8247.641000000003,2025
18-321-00209,3139.9120000000003,2025
18-321-00210,10582.159999999987,2025
18-321-00211,3913.1730000000007,2025
18-321-00212,7664.904999999999,2025
18-321-00213,10781.71699999999,2025
18-321-00214,17649.612999999983,2025
18-321-00215,10241.84599999999,2025
18-321-00216,3743.5679999999993,2025
18-321-00217,1130.0160000000033,2025
18-321-00218,2520.765999999996,2025
18-321-00272,13048.048000000004,2025
18-321-00273,16723.462,2025
18-322-00219,31744.105999999992,2025
18-322-00220,4827.393999999997,2025
18-322-00221,2003.8369999999995,2025
18-322-00267,26397.570000000007,2025
18-323-00222,4059.999,2025
18-323-00223,2747.488000000005,2025
18-323-00224,16350.958,2025
18-323-00225,7772.295000000013,2025
18-323-00226,6575.84599999999,2025
18-323-00227,1275.1949999999997,2025
18-323-00228,10864.939000000011,2025
18-323-00230,477.2360000000001,2025
18-324-00231,7579.700000000001,2025
18-324-00232,4325.652,2025
18-324-00233,5046.910999999996,2025
18-324-00234,3958.754000000001,2025
18-324-00260,2650.778,2025
18-324-00262,10409.405999999988,2025
18-324-00263,3722.561999999998,2025
18-325-00237,1850.7769999999944,2025
18-325-00238,4412.606,2025
18-325-00239,21150.71400000004,2025
18-325-00269,23529.228000000003,2025
18-325-00270,64686.7640000002,2025
18-326-00240,1610.594000000001,2025
18-326-00241,8228.693999999989,2025
18-326-00242,1.2039999999999864,2025
18-326-00243,284.5609999999997,2025
18-326-00244,3536.038000000004,2025
18-326-00245,19020.52700000001,2025
18-326-00246,23023.445,2025
18-326-00247,10041.765,2025
18-326-00268,2789.252000000008,2025
18-755-00248,8673.225000000002,2025
18-755-00278,7778.451000000001,2025
18-755-00279,6106.2840000000015,2025
18-756-00249,37204.13600000003,2025
18-756-00250,7145.304999999997,2025
18-756-00251,11050.488000000005,2025
18-757-00252,17341.126000000047,2025
18-757-00253,23648.435000000056,2025
18-757-00254,52971.81499999994,2025
18-758-00256,4653.657999999996,2025
18-758-00257,55963.13399999996,2025
18-759-00255,56406.59000000008,2025
18-760-00280,3561.8989999999903,2025
18-760-00281,5304.950000000012,2025
18-799-00124,10648.561999999976,2025
18-799-00125,2028.231,2025
18-799-00265,11475.357000000018,2025
18-816-00235,288.3820000000014,2025
18-816-00236,349.20700000000033,2025
18-816-00258,1041.3550000000014,2025
18-816-00259,8686.000000000007,2025
18-816-00261,21050.243999999977,2025
18-323-00222,4230.63,2019
18-321-00216,3964.78,2019
18-321-00217,1027.57,2019
18-321-00218,2384.3,2019
18-322-00219,32199.11,2019
18-322-00220,4790.73,2019
18-322-00221,2000.79,2019
18-323-00223,2590.5200000000004,2019
18-324-00233,4940.129999999999,2019
18-323-00225,7233.360000000001,2019
18-323-00226,7450.66,2019
18-323-00227,1318.58,2019
18-323-00228,9616.93,2019
18-324-00260,2653.91,2019
18-323-00230,476.24,2019
18-324-00231,7620.59,2019
18-324-00232,4310.83,2019
18-321-00215,9521.08,2019
18-323-00224,16437.21,2019
18-321-00214,17118.97,2019
18-317-00193,37069.83,2019
18-321-00212,7001.48,2019
18-324-00234,4340.21,2019
18-318-00194,7804.24,2019
18-318-00195,11485.57,2019
18-318-00196,19204.69,2019
18-318-00197,19865.69,2019
18-319-00198,5941.91,2019
18-319-00199,10262.59,2019
18-319-00200,36283.2,2019
18-319-00201,8339.85,2019
18-319-00202,6518.200000000001,2019
18-320-00203,1011.12,2019
18-320-00204,1427.53,2019
18-320-00205,13246.53,2019
18-320-00206,10660.72,2019
18-320-00207,36092.87,2019
18-321-00208,8860.96,2019
18-321-00209,3132.37,2019
18-321-00210,11117.28,2019
18-321-00211,3999.11,2019
18-321-00213,10219.73,2019
18-816-00235,319.98,2019
18-816-00258,1068.1,2019
18-325-00238,5137.200000000001,2019
18-303-00264,15994.1,2019
18-799-00265,12287.17,2019
18-303-00266,17506.44,2019
18-322-00267,25686.94,2019
18-326-00268,3246.16,2019
18-325-00269,21763.83,2019
18-325-00270,59435.68,2019
18-304-00271,29884.67,2019
18-321-00272,12832.42,2019
18-321-00273,15976.14,2019
18-301-00274,1079.02,2019
18-312-00276,17954.58,2019
18-312-00277,6485.55,2019
18-755-00278,7495.65,2019
18-755-00279,6102.09,2019
18-760-00280,3796.09,2019
18-760-00281,5089.11,2019
18-314-00275,30215.120000000003,2019
18-317-00192,41230.01,2019
18-324-00263,3587.58,2019
18-325-00237,1723.91,2019
18-324-00262,10973.45,2019
18-816-00259,8928.02,2019
18-325-00239,19849.55,2019
18-326-00240,1658.0700000000002,2019
18-326-00241,7707.559999999999,2019
18-326-00242,0.97,2019
18-326-00243,261.07,2019
18-326-00244,3615.76,2019
18-326-00245,19045.980000000003,2019
18-326-00246,23004.74,2019
18-326-00247,9871.31,2019
18-755-00248,8563.830000000002,2019
18-756-00249,36540.27,2019
18-756-00250,7342.23,2019
18-756-00251,11180.3,2019
18-757-00252,16048.34,2019
18-757-00253,22100.25,2019
18-757-00254,49169.22,2019
18-759-00255,52968.09,2019
18-758-00256,4252.77,2019
18-758-00257,52957.36,2019
18-816-00261,20488.0,2019
18-317-00191,27432.79,2019
18-816-00236,377.3200000000001,2019
18-317-00189,36559.16,2019
18-799-00124,10316.41,2019
18-799-00125,1738.87,2019
18-304-00126,12256.88,2019
18-304-00127,9706.34,2019
18-304-00128,17451.15,2019
18-304-00129,17202.14,2019
18-305-00130,25861.7,2019
18-305-00131,33401.98,2019
18-305-00132,30478.39,2019
18-305-00133,28910.12,2019
18-305-00134,21789.36,2019
18-305-00135,13014.06,2019
18-305-00136,29827.77,2019
18-306-00137,47654.27,2019
18-306-00138,28595.980000000003,2019
18-306-00139,19484.230000000003,2019
18-306-00140,20957.84,2019
18-307-00141,7885.92,2019
18-307-00142,27319.45,2019
18-303-00123,14172.19,2019
18-307-00143,16511.690000000002,2019
18-303-00122,32747.18,2019
18-303-00120,17913.199999999997,2019
18-317-00190,17085.23,2019
18-300-00102,2467.68,2019
18-300-00103,14808.27,2019
18-300-00104,38909.6,2019
18-300-00105,8763.25,2019
18-300-00106,6048.400000000001,2019
18-300-00107,2736.28,2019
18-300-00108,13385.68,2019
18-301-00109,15101.86,2019
18-301-00110,9581.94,2019
18-301-00111,21127.56,2019
18-301-00112,35978.020000000004,2019
18-301-00113,18098.89,2019
18-301-00114,2029.33,2019
18-302-00115,29368.76,2019
18-302-00116,21595.86,2019
18-302-00117,39510.12,2019
18-302-00118,5404.71,2019
18-302-00119,13635.71,2019
18-303-00121,37285.0,2019
18-307-00144,6652.98,2019
18-300-00101,34497.84,2019
18-307-00145,29054.02,2019
18-312-00169,9869.92,2019
18-312-00170,13720.41,2019
18-312-00171,11640.97,2019
18-313-00172,18008.05,2019
18-313-00173,12991.0,2019
18-313-00174,12376.66,2019
18-313-00175,37375.07,2019
18-313-00177,19166.28,2019
18-314-00178,40771.66,2019
18-314-00179,10384.14,2019
18-315-00180,8278.24,2019
18-315-00181,6339.75,2019
18-315-00182,4234.74,2019
18-315-00183,6130.469999999999,2019
18-316-00184,25788.39,2019
18-316-00185,73641.22,2019
18-316-00186,16931.23,2019
18-316-00187,30758.39,2019
18-316-00188,34606.55,2019
18-311-00168,19139.95,2019
18-311-00167,11878.72,2019
18-313-00176,6236.9400000000005,2019
18-311-00165,9618.66,2019
18-311-00166,18350.36,2019
18-307-00147,8059.789999999999,2019
18-308-00148,142.25,2019
18-308-00149,522.3,2019
18-308-00150,13023.39,2019
18-308-00151,24566.28,2019
18-308-00152,14267.79,2019
18-308-00153,10161.420000000002,2019
18-309-00154,14043.34,2019
18-309-00155,41027.34,2019
18-307-00146,10186.16,2019
18-309-00157,35350.55,2019
18-309-00156,48466.92,2019
18-310-00163,12444.920000000002,2019
18-310-00162,11667.23,2019
18-310-00161,5552.709999999999,2019
18-310-00164,22733.42,2019
18-310-00159,20365.36,2019
18-310-00158,15013.34,2019
18-310-00160,11685.45,2019
18-323-00222,4127.29,2018
18-323-00223,2590.84,2018
18-322-00221,1974.32,2018
18-816-00235,336.38,2018
18-322-00219,31856.1,2018
18-321-00218,2296.69,2018
18-321-00217,1042.98,2018
18-322-00220,4706.37,2018
18-323-00224,16169.08,2018
18-324-00234,4428.610000000001,2018
18-323-00226,7404.16,2018
18-323-00227,1308.1,2018
18-323-00228,9544.33,2018
18-324-00260,2610.74,2018
18-323-00230,484.33,2018
18-324-00231,7622.469999999999,2018
18-324-00232,4231.320000000001,2018
18-324-00233,4908.38,2018
18-321-00216,3911.69,2018
18-323-00225,7280.48,2018
18-321-00215,9410.6,2018
18-320-00204,1445.62,2018
18-321-00213,10204.03,2018
18-317-00193,36609.07,2018
18-318-00194,7679.59,2018
18-318-00195,11410.35,2018
18-318-00196,18897.37,2018
18-318-00197,19534.92,2018
18-319-00198,5832.72,2018
18-319-00199,10099.99,2018
18-319-00200,35781.369999999995,2018
18-319-00201,8287.69,2018
18-319-00202,6347.610000000001,2018
18-320-00203,1067.13,2018
18-320-00205,13036.65,2018
18-320-00206,10680.71,2018
18-320-00207,35801.31,2018
18-321-00208,8802.2,2018
18-321-00209,3133.6000000000004,2018
18-321-00210,11038.259999999998,2018
18-321-00211,3831.19,2018
18-321-00212,6800.870000000001,2018
18-321-00214,16934.63,2018
18-816-00236,377.78,2018
18-314-00275,29878.75,2018
18-325-00238,5040.92,2018
18-324-00263,3567.2200000000003,2018
18-303-00264,15872.26,2018
18-799-00265,12181.54,2018
18-303-00266,17217.05,2018
18-322-00267,25208.55,2018
18-326-00268,3143.9700000000003,2018
18-325-00269,21293.8,2018
18-325-00270,58522.850000000006,2018
18-304-00271,29382.48,2018
18-321-00272,12897.94,2018
18-321-00273,15776.55,2018
18-301-00274,1048.3,2018
18-312-00276,18161.21,2018
18-312-00277,6491.11,2018
18-755-00278,7469.27,2018
18-755-00279,6075.13,2018
18-760-00280,3825.62,2018
18-760-00281,5010.84,2018
18-317-00192,40537.01,2018
18-324-00262,10892.43,2018
18-325-00237,1751.36,2018
18-816-00261,20280.1,2018
18-816-00258,1070.58,2018
18-325-00239,19500.55,2018
18-326-00240,1647.8000000000002,2018
18-326-00241,7754.27,2018
18-326-00242,0.93,2018
18-326-00243,267.76,2018
18-326-00244,3711.32,2018
18-326-00245,18861.08,2018
18-326-00246,22765.51,2018
18-326-00247,9772.39,2018
18-755-00248,8620.099999999999,2018
18-756-00249,36258.66,2018
18-756-00250,7290.52,2018
18-756-00251,11129.43,2018
18-757-00252,15849.67,2018
18-757-00253,21828.26,2018
18-757-00254,48377.130000000005,2018
18-759-00255,52370.26,2018
18-758-00256,3918.44,2018
18-758-00257,52122.54,2018
18-816-00259,8852.18,2018
18-317-00191,27041.25,2018
18-317-00190,16754.7,2018
18-317-00189,36224.14,2018
18-799-00125,1749.49,2018
18-304-00126,11907.63,2018
18-304-00127,9335.669999999998,2018
18-304-00128,17117.79,2018
18-304-00129,17027.93,2018
18-305-00130,25464.55,2018
18-305-00131,33001.72,2018
18-305-00132,29942.67,2018
18-799-00124,10106.29,2018
18-305-00133,28497.15,2018
18-305-00135,12655.03,2018
18-305-00136,29494.17,2018
18-306-00137,47048.69,2018
18-306-00138,28349.31,2018
18-306-00139,18819.0,2018
18-306-00140,20745.87,2018
18-307-00141,7852.290000000001,2018
18-307-00142,26997.59,2018
18-305-00134,21461.01,2018
18-303-00123,14070.99,2018
18-303-00122,32341.05,2018
18-303-00121,36297.98,2018
18-300-00102,2479.06,2018
18-300-00103,14914.71,2018
18-300-00104,38771.47,2018
18-300-00105,8712.22,2018
18-300-00106,5853.869999999999,2018
18-300-00107,2627.09,2018
18-300-00108,13084.06,2018
18-301-00109,14404.82,2018
18-301-00110,9484.55,2018
18-301-00111,20858.26,2018
18-301-00112,35049.28,2018
18-301-00113,17925.14,2018
18-301-00114,1964.0,2018
18-302-00115,28928.38,2018
18-302-00116,21434.61,2018
18-302-00117,38944.240000000005,2018
18-302-00118,5306.24,2018
18-302-00119,13476.740000000002,2018
18-303-00120,17769.55,2018
18-307-00143,16475.7,2018
18-307-00144,6605.85,2018
18-300-00101,34328.1,2018
18-307-00146,10112.93,2018
18-312-00170,13649.56,2018
18-312-00171,11658.85,2018
18-313-00172,17669.21,2018
18-313-00173,12771.82,2018
18-313-00174,12368.03,2018
18-313-00175,37140.8,2018
18-313-00176,6202.01,2018
18-314-00178,40052.37,2018
18-314-00179,10279.009999999998,2018
18-315-00180,8049.58,2018
18-315-00181,6267.57,2018
18-315-00182,4192.01,2018
18-315-00183,6100.7,2018
18-316-00184,25491.2,2018
18-316-00185,72538.97,2018
18-316-00186,16900.699999999997,2018
18-316-00187,30283.77,2018
18-316-00188,34503.990000000005,2018
18-307-00145,28732.25,2018
18-312-00169,9862.64,2018
18-311-00168,19068.0,2018
18-313-00177,19193.69,2018
18-311-00166,18241.08,2018
18-311-00167,11759.14,2018
18-308-00148,142.16,2018
18-308-00149,518.81,2018
18-308-00150,12800.93,2018
18-308-00151,24347.94,2018
18-308-00152,14165.71,2018
18-309-00154,13906.55,2018
18-309-00155,40809.81,2018
18-309-00156,47884.81,2018
18-308-00153,9999.63,2018
18-310-00158,14983.37,2018
18-311-00165,9617.9,2018
18-309-00157,34862.72,2018
18-310-00163,12274.87,2018
18-310-00162,11621.97,2018
18-310-00164,22655.26,2018
18-310-00160,11604.81,2018
18-310-00159,20175.79,2018
18-307-00147,7978.860000000001,2018
18-310-00161,5487.360000000001,2018
18-300-00101,34479.372,2024
18-300-00102,2186.433999999994,2024
18-300-00103,14479.94200000001,2024
18-300-00104,38147.22200000001,2024
18-300-00105,8450.735999999997,2024
18-300-00106,6784.525999999954,2024
18-300-00107,3113.7419999999984,2024
18-300-00108,14320.843999999985,2024
18-301-00109,16669.195999999996,2024
18-301-00110,10162.366000000007,2024
18-301-00111,22806.41200000001,2024
18-301-00112,38163.79000000004,2024
18-301-00113,20154.35600000003,2024
18-301-00114,2162.908000000003,2024
18-301-00274,1111.8580000000002,2024
18-302-00115,30615.29200000013,2024
18-302-00116,21223.816,2024
18-302-00117,40740.84200000006,2024
18-302-00118,4998.991999999998,2024
18-302-00119,14049.09599999999,2024
18-303-00120,18598.782000000007,2024
18-303-00121,39679.04599999997,2024
18-303-00122,32063.412,2024
18-303-00123,15778.517999999982,2024
18-303-00264,16933.097999999998,2024
18-303-00266,17192.491999999995,2024
18-304-00126,12138.509999999997,2024
18-304-00127,11201.390000000014,2024
18-304-00128,18673.97000000003,2024
18-304-00129,18043.322000000044,2024
18-304-00271,31435.52600000007,2024
18-305-00130,25239.982000000004,2024
18-305-00131,36355.82400000014,2024
18-305-00132,32137.47400000005,2024
18-305-00133,30257.397999999983,2024
18-305-00134,24084.31200000003,2024
18-305-00135,13958.972000000009,2024
18-305-00136,31363.300000000047,2024
18-306-00137,48133.69599999997,2024
18-306-00138,29885.647999999983,2024
18-306-00139,22584.20200000005,2024
18-306-00140,21236.98999999999,2024
18-307-00141,8064.979999999996,2024
18-307-00142,27442.632,2024
18-307-00143,16881.468000000008,2024
18-307-00144,6992.334000000003,2024
18-307-00145,30045.86799999996,2024
18-307-00146,10366.199999999995,2024
18-307-00147,8340.729999999996,2024
18-308-00148,138.4819999999999,2024
18-308-00149,584.5619999999981,2024
18-308-00150,13368.008000000002,2024
18-308-00151,25461.39400000003,2024
18-308-00152,14595.50000000003,2024
18-308-00153,10341.493999999992,2024
18-309-00154,14401.20199999999,2024
18-309-00155,41234.668000000005,2024
18-309-00156,50488.58799999999,2024
18-309-00157,35265.869999999995,2024
18-310-00158,14857.082000000002,2024
18-310-00159,20255.81,2024
18-310-00160,11946.570000000009,2024
18-310-00161,5422.93,2024
18-310-00162,11304.17600000002,2024
18-310-00163,12377.312000000002,2024
18-310-00164,22621.433999999997,2024
18-311-00165,9639.605999999996,2024
18-311-00166,17757.156000000017,2024
18-311-00167,11827.489999999998,2024
18-311-00168,18705.00999999998,2024
18-312-00169,9469.474000000002,2024
18-312-00170,13218.974000000017,2024
18-312-00171,11558.839999999997,2024
18-312-00276,16848.331999999995,2024
18-312-00277,6067.399999999994,2024
18-313-00172,18518.864,2024
18-313-00173,14344.380000000005,2024
18-313-00174,12289.642000000007,2024
18-313-00175,37033.522,2024
18-313-00176,6467.958000000013,2024
18-313-00177,18819.284,2024
18-314-00178,42742.23800000001,2024
18-314-00179,10652.563999999998,2024
18-314-00275,31940.88799999992,2024
18-315-00180,8671.338000000018,2024
18-315-00181,6956.9679999999935,2024
18-315-00182,4244.707999999998,2024
18-315-00183,6270.976000000002,2024
18-316-00184,27071.82799999998,2024
18-316-00185,75712.446,2024
18-316-00186,17627.090000000026,2024
18-316-00187,32356.832000000053,2024
18-316-00188,36348.628000000026,2024
18-317-00189,38284.96999999997,2024
18-317-00190,18234.016000000003,2024
18-317-00191,29345.87199999997,2024
18-317-00192,43173.466000000015,2024
18-317-00193,39766.51400000008,2024
18-318-00194,8600.32799999998,2024
18-318-00195,12807.928000000014,2024
18-318-00196,20889.675999999978,2024
18-318-00197,20657.476000000024,2024
18-319-00198,5766.459999999999,2024
18-319-00199,10270.494,2024
18-319-00200,38609.16200000001,2024
18-319-00201,8464.113999999994,2024
18-319-00202,6616.875999999989,2024
18-320-00203,807.8380000000034,2024
18-320-00204,1272.9440000000031,2024
18-320-00205,13553.603999999992,2024
18-320-00206,10996.218,2024
18-320-00207,36336.09599999999,2024
18-321-00208,8315.754000000015,2024
18-321-00209,3137.174,2024
18-321-00210,10633.675999999992,2024
18-321-00211,3913.8340000000007,2024
18-321-00212,7577.809999999998,2024
18-321-00213,10712.231999999976,2024
18-321-00214,17556.94199999998,2024
18-321-00215,10140.315999999992,2024
18-321-00216,3766.0800000000017,2024
18-321-00217,1118.698000000004,2024
18-321-00218,2501.623999999996,2024
18-321-00272,13013.958000000006,2024
18-321-00273,16598.236000000004,2024
18-322-00219,31766.114,2024
18-322-00220,4814.711999999996,2024
18-322-00221,1998.3359999999996,2024
18-322-00267,26264.305999999982,2024
18-323-00222,4073.894,2024
18-323-00223,2725.6140000000014,2024
18-323-00224,16350.994,2024
18-323-00225,7710.04800000001,2024
18-323-00226,6691.597999999998,2024
18-323-00227,1281.166000000001,2024
18-323-00228,10694.580000000016,2024
18-323-00230,478.162,2024
18-324-00231,7593.536,2024
18-324-00232,4320.201999999999,2024
18-324-00233,5036.987999999998,2024
18-324-00234,4013.601999999999,2024
18-324-00260,2651.422,2024
18-324-00262,10474.677999999984,2024
18-324-00263,3709.029999999999,2024
18-325-00237,1830.4959999999992,2024
18-325-00238,4493.435999999987,2024
18-325-00239,20944.378000000022,2024
18-325-00269,23244.39000000001,2024
18-325-00270,63896.24400000018,2024
18-326-00240,1616.294,2024
18-326-00241,8161.043999999994,2024
18-326-00242,1.17199999999999,2024
18-326-00243,280.8680000000004,2024
18-326-00244,3548.558000000001,2024
18-326-00245,19021.354000000007,2024
18-326-00246,23020.116,2024
18-326-00247,10018.940000000002,2024
18-326-00268,2847.1619999999966,2024
18-755-00248,8666.504,2024
18-755-00278,7748.934000000001,2024
18-755-00279,6107.716000000001,2024
18-756-00249,37076.908000000025,2024
18-756-00250,7160.871999999996,2024
18-756-00251,11061.988000000005,2024
18-757-00252,17132.48999999999,2024
18-757-00253,23411.80800000002,2024
18-757-00254,52395.841999999946,2024
18-758-00256,4570.512000000017,2024
18-758-00257,55424.7840000001,2024
18-759-00255,55881.17599999998,2024
18-760-00280,3599.534,2024
18-760-00281,5247.130000000005,2024
18-799-00124,10576.161999999982,2024
18-799-00125,1990.179999999993,2024
18-799-00265,11549.486000000004,2024
18-816-00235,294.14000000000124,2024
18-816-00236,352.34400000000005,2024
18-816-00258,1047.0519999999997,2024
18-816-00259,8715.126000000004,2024
18-816-00261,20976.99999999997,2024
18-300-00101,34513.897,2023
18-300-00102,2231.380999999994,2023
18-300-00103,14559.052000000023,2023
18-300-00104,38238.55100000001,2023
18-300-00105,8474.337999999996,2023
18-300-00106,6654.870999999985,2023
18-300-00107,3043.535999999993,2023
18-300-00108,14143.205000000016,2023
18-301-00109,16371.868999999948,2023
18-301-00110,10052.87500000003,2023
18-301-00111,22494.805999999982,2023
18-301-00112,37728.875,2023
18-301-00113,19818.777,2023
18-301-00114,2139.462000000007,2023
18-301-00274,1102.429,2023
18-302-00115,30332.03600000008,2023
18-302-00116,21201.348999999995,2023
18-302-00117,40445.35300000012,2023
18-302-00118,5032.551999999996,2023
18-302-00119,13952.38499999998,2023
18-303-00120,18465.011999999988,2023
18-303-00121,39192.802000000025,2023
18-303-00122,32071.223,2023
18-303-00123,15525.204000000029,2023
18-303-00264,16778.713999999978,2023
18-303-00266,17175.18799999999,2023
18-304-00126,12099.099000000002,2023
18-304-00127,10943.246999999974,2023
18-304-00128,18437.06700000004,2023
18-304-00129,17877.56500000006,2023
18-304-00271,31135.63400000008,2023
18-305-00130,25241.293,2023
18-305-00131,35860.15000000014,2023
18-305-00132,31836.17200000002,2023
18-305-00133,30001.43199999997,2023
18-305-00134,23692.11499999999,2023
18-305-00135,13783.587,2023
18-305-00136,31072.887000000104,2023
18-306-00137,47994.69999999998,2023
18-306-00138,29674.495999999985,2023
18-306-00139,21945.99699999997,2023
18-306-00140,21190.781999999992,2023
18-307-00141,8029.8429999999935,2023
18-307-00142,27381.626999999997,2023
18-307-00143,16826.526000000013,2023
18-307-00144,6932.731,2023
18-307-00145,29857.80799999996,2023
18-307-00146,10337.377999999995,2023
18-307-00147,8280.701000000001,2023
18-308-00148,138.70699999999994,2023
18-308-00149,575.3429999999971,2023
18-308-00150,13287.53899999999,2023
18-308-00151,25287.021000000062,2023
18-308-00152,14523.08500000002,2023
18-308-00153,10293.974000000002,2023
18-309-00154,14336.921999999991,2023
18-309-00155,41165.131,2023
18-309-00156,50141.82400000002,2023
18-309-00157,35211.857,2023
18-310-00158,14882.224000000002,2023
18-310-00159,20263.293,2023
18-310-00160,11898.991999999998,2023
18-310-00161,5445.720999999998,2023
18-310-00162,11361.219000000012,2023
18-310-00163,12390.884000000002,2023
18-310-00164,22638.70499999999,2023
18-311-00165,9638.235999999995,2023
18-311-00166,17857.818,2023
18-311-00167,11845.555,2023
18-311-00168,18782.946,2023
18-312-00169,9532.491999999998,2023
18-312-00170,13300.139000000025,2023
18-312-00171,11574.971999999994,2023
18-312-00276,17056.032000000007,2023
18-312-00277,6136.868000000017,2023
18-313-00172,18417.959000000003,2023
18-313-00173,14131.667000000016,2023
18-313-00174,12308.336000000005,2023
18-313-00175,37080.73,2023
18-313-00176,6429.221000000005,2023
18-313-00177,18873.133,2023
18-314-00178,42340.49800000002,2023
18-314-00179,10595.616999999998,2023
18-314-00275,31629.84699999995,2023
18-315-00180,8592.035999999993,2023
18-315-00181,6855.223999999987,2023
18-315-00182,4239.435999999999,2023
18-315-00183,6245.9330000000045,2023
18-316-00184,26839.86699999997,2023
18-316-00185,75250.78099999996,2023
18-316-00186,17480.815000000002,2023
18-316-00187,32037.115000000107,2023
18-316-00188,36049.78000000003,2023
18-317-00189,37960.353,2023
18-317-00190,18015.380000000005,2023
18-317-00191,28996.400000000023,2023
18-317-00192,42797.52500000002,2023
18-317-00193,39260.28600000008,2023
18-318-00194,8462.719999999972,2023
18-318-00195,12586.451,2023
18-318-00196,20595.593999999925,2023
18-318-00197,20500.09500000003,2023
18-319-00198,5786.847999999998,2023
18-319-00199,10242.655999999995,2023
18-319-00200,38170.58799999999,2023
18-319-00201,8428.768999999993,2023
18-319-00202,6570.1630000000005,2023
18-320-00203,840.9279999999999,2023
18-320-00204,1293.1140000000014,2023
18-320-00205,13481.228999999992,2023
18-320-00206,10971.216999999995,2023
18-320-00207,36261.402,2023
18-321-00208,8383.867000000027,2023
18-321-00209,3134.436,2023
18-321-00210,10685.191999999995,2023
18-321-00211,3914.495,2023
18-321-00212,7490.7149999999965,2023
18-321-00213,10642.746999999988,2023
18-321-00214,17464.27099999998,2023
18-321-00215,10038.785999999993,2023
18-321-00216,3788.591999999997,2023
18-321-00217,1107.380000000001,2023
18-321-00218,2482.4819999999963,2023
18-321-00272,12979.867999999997,2023
18-321-00273,16473.01000000001,2023
18-322-00219,31788.122,2023
18-322-00220,4802.029999999999,2023
18-322-00221,1992.8349999999991,2023
18-322-00267,26131.042000000016,2023
18-323-00222,4087.7890000000007,2023
18-323-00223,2703.740000000005,2023
18-323-00224,16351.03,2023
18-323-00225,7647.801000000007,2023
18-323-00226,6807.349999999977,2023
18-323-00227,1287.1370000000006,2023
18-323-00228,10524.22100000002,2023
18-323-00230,479.0880000000002,2023
18-324-00231,7607.371999999999,2023
18-324-00232,4314.752,2023
18-324-00233,5027.064999999999,2023
18-324-00234,4068.449999999997,2023
18-324-00260,2652.066,2023
18-324-00262,10539.950000000012,2023
18-324-00263,3695.498,2023
18-325-00237,1810.2149999999965,2023
18-325-00238,4574.266000000003,2023
18-325-00239,20738.042000000016,2023
18-325-00269,22959.552000000025,2023
18-325-00270,63105.72400000016,2023
18-326-00240,1621.9940000000006,2023
18-326-00241,8093.394,2023
18-326-00242,1.1399999999999937,2023
18-326-00243,277.1750000000002,2023
18-326-00244,3561.0780000000013,2023
18-326-00245,19022.181000000004,2023
18-326-00246,23016.787,2023
18-326-00247,9996.114999999998,2023
18-326-00268,2905.072,2023
18-755-00248,8659.783000000001,2023
18-755-00278,7719.417000000001,2023
18-755-00279,6109.148000000001,2023
18-756-00249,36949.68000000002,2023
18-756-00250,7176.438999999999,2023
18-756-00251,11073.488000000005,2023
18-757-00252,16923.853999999992,2023
18-757-00253,23175.18100000004,2023
18-757-00254,51819.86899999995,2023
18-758-00256,4487.366000000009,2023
18-758-00257,54886.43400000001,2023
18-759-00255,55355.76199999987,2023
18-760-00280,3637.1689999999935,2023
18-760-00281,5189.310000000012,2023
18-799-00124,10503.761999999988,2023
18-799-00125,1952.1290000000008,2023
18-799-00265,11623.61500000002,2023
18-816-00235,299.89800000000105,2023
18-816-00236,355.48099999999977,2023
18-816-00258,1052.7489999999998,2023
18-816-00259,8744.252000000008,2023
18-816-00261,20903.756,2023
18-300-00101,34548.42199999999,2022
18-300-00102,2276.327999999994,2022
18-300-00103,14638.162000000011,2022
18-300-00104,38329.880000000005,2022
18-300-00105,8497.939999999995,2022
18-300-00106,6525.215999999957,2022
18-300-00107,2973.329999999987,2022
18-300-00108,13965.565999999992,2022
18-301-00109,16074.542000000016,2022
18-301-00110,9943.38400000002,2022
18-301-00111,22183.199999999957,2022
18-301-00112,37293.95999999996,2022
18-301-00113,19483.19799999997,2022
18-301-00114,2116.0160000000037,2022
18-301-00274,1093.0,2022
18-302-00115,30048.780000000144,2022
18-302-00116,21178.882,2022
18-302-00117,40149.86400000006,2022
18-302-00118,5066.111999999994,2022
18-302-00119,13855.67399999997,2022
18-303-00120,18331.24199999997,2022
18-303-00121,38706.55799999996,2022
18-303-00122,32079.034,2022
18-303-00123,15271.890000000014,2022
18-303-00264,16624.330000000016,2022
18-303-00266,17157.883999999995,2022
18-304-00126,12059.687999999996,2022
18-304-00127,10685.103999999992,2022
18-304-00128,18200.164000000048,2022
18-304-00129,17711.808000000077,2022
18-304-00271,30835.74199999997,2022
18-305-00130,25242.604000000003,2022
18-305-00131,35364.476000000024,2022
18-305-00132,31534.87000000011,2022
18-305-00133,29745.46600000001,2022
18-305-00134,23299.918000000063,2022
18-305-00135,13608.20199999999,2022
18-305-00136,30782.47400000005,2022
18-306-00137,47855.704,2022
18-306-00138,29463.343999999983,2022
18-306-00139,21307.7919999999,2022
18-306-00140,21144.573999999997,2022
18-307-00141,7994.705999999991,2022
18-307-00142,27320.62199999999,2022
18-307-00143,16771.584000000017,2022
18-307-00144,6873.127999999997,2022
18-307-00145,29669.747999999963,2022
18-307-00146,10308.555999999997,2022
18-307-00147,8220.671999999991,2022
18-308-00148,138.93199999999996,2022
18-308-00149,566.1239999999998,2022
18-308-00150,13207.070000000009,2022
18-308-00151,25112.648000000045,2022
18-308-00152,14450.670000000013,2022
18-308-00153,10246.453999999998,2022
18-309-00154,14272.641999999993,2022
18-309-00155,41095.59400000001,2022
18-309-00156,49795.060000000056,2022
18-309-00157,35157.844,2022
18-310-00158,14907.366000000002,2022
18-310-00159,20270.776,2022
18-310-00160,11851.414000000004,2022
18-310-00161,5468.512000000002,2022
18-310-00162,11418.262000000015,2022
18-310-00163,12404.456000000002,2022
18-310-00164,22655.975999999995,2022
18-311-00165,9636.865999999998,2022
18-311-00166,17958.48000000001,2022
18-311-00167,11863.619999999995,2022
18-311-00168,18860.881999999983,2022
18-312-00169,9595.509999999997,2022
18-312-00170,13381.304000000033,2022
18-312-00171,11591.103999999996,2022
18-312-00276,17263.732000000018,2022
18-312-00277,6206.33600000001,2022
18-313-00172,18317.054000000004,2022
18-313-00173,13918.954000000029,2022
18-313-00174,12327.030000000006,2022
18-313-00175,37127.938,2022
18-313-00176,6390.484000000011,2022
18-313-00177,18926.98199999999,2022
18-314-00178,41938.75800000003,2022
18-314-00179,10538.669999999998,2022
18-314-00275,31318.805999999982,2022
18-315-00180,8512.733999999997,2022
18-315-00181,6753.4800000000105,2022
18-315-00182,4234.163999999998,2022
18-315-00183,6220.890000000007,2022
18-316-00184,26607.90599999996,2022
18-316-00185,74789.11599999992,2022
18-316-00186,17334.53999999998,2022
18-316-00187,31717.398000000045,2022
18-316-00188,35750.93200000003,2022
18-317-00189,37635.73600000003,2022
18-317-00190,17796.744000000006,2022
18-317-00191,28646.92799999996,2022
18-317-00192,42421.58400000003,2022
18-317-00193,38754.05800000008,2022
18-318-00194,8325.111999999965,2022
18-318-00195,12364.973999999987,2022
18-318-00196,20301.511999999988,2022
18-318-00197,20342.713999999974,2022
18-319-00198,5807.236000000004,2022
18-319-00199,10214.818,2022
18-319-00200,37732.01399999997,2022
18-319-00201,8393.423999999992,2022
18-319-00202,6523.449999999997,2022
18-320-00203,874.0179999999964,2022
18-320-00204,1313.2839999999997,2022
18-320-00205,13408.853999999992,2022
18-320-00206,10946.216,2022
18-320-00207,36186.707999999984,2022
18-321-00208,8451.98000000001,2022
18-321-00209,3131.6980000000003,2022
18-321-00210,10736.708,2022
18-321-00211,3915.156,2022
18-321-00212,7403.619999999995,2022
18-321-00213,10573.261999999972,2022
18-321-00214,17371.599999999977,2022
18-321-00215,9937.255999999994,2022
18-321-00216,3811.104,2022
18-321-00217,1096.0620000000015,2022
18-321-00218,2463.3399999999965,2022
18-321-00272,12945.777999999998,2022
18-321-00273,16347.784000000014,2022
18-322-00219,31810.13,2022
18-322-00220,4789.347999999998,2022
18-322-00221,1987.333999999999,2022
18-322-00267,25997.77799999999,2022
18-323-00222,4101.6839999999975,2022
18-323-00223,2681.866000000002,2022
18-323-00224,16351.066,2022
18-323-00225,7585.554000000018,2022
18-323-00226,6923.101999999984,2022
18-323-00227,1293.1080000000002,2022
18-323-00228,10353.861999999965,2022
18-323-00230,480.0140000000001,2022
18-324-00231,7621.207999999999,2022
18-324-00232,4309.302,2022
18-324-00233,5017.142,2022
18-324-00234,4123.297999999995,2022
18-324-00260,2652.71,2022
18-324-00262,10605.222000000009,2022
18-324-00263,3681.966,2022
18-325-00237,1789.9339999999938,2022
18-325-00238,4655.09599999999,2022
18-325-00239,20531.706000000064,2022
18-325-00269,22674.71400000004,2022
18-325-00270,62315.20400000014,2022
18-326-00240,1627.6939999999995,2022
18-326-00241,8025.744000000006,2022
18-326-00242,1.107999999999997,2022
18-326-00243,273.482,2022
18-326-00244,3573.598000000002,2022
18-326-00245,19023.008000000005,2022
18-326-00246,23013.458,2022
18-326-00247,9973.29,2022
18-326-00268,2962.982000000004,2022
18-755-00248,8653.062000000002,2022
18-755-00278,7689.9000000000015,2022
18-755-00279,6110.580000000001,2022
18-756-00249,36822.45200000002,2022
18-756-00250,7192.005999999998,2022
18-756-00251,11084.988000000005,2022
18-757-00252,16715.217999999993,2022
18-757-00253,22938.554000000066,2022
18-757-00254,51243.89599999995,2022
18-758-00256,4404.220000000001,2022
18-758-00257,54348.08399999992,2022
18-759-00255,54830.348,2022
18-760-00280,3674.803999999989,2022
18-760-00281,5131.490000000005,2022
18-799-00124,10431.361999999994,2022
18-799-00125,1914.077999999994,2022
18-799-00265,11697.744000000006,2022
18-816-00235,305.65600000000086,2022
18-816-00236,358.6180000000004,2022
18-816-00258,1058.446,2022
18-816-00259,8773.378000000004,2022
18-816-00261,20830.511999999988,2022
18-323-00223,2657.2,2020
18-321-00217,1105.62,2020
18-321-00218,2495.17,2020
18-322-00219,31832.800000000003,2020
18-322-00220,4753.57,2020
18-322-00221,1950.59,2020
18-321-00216,3807.18,2020
18-323-00222,4108.120000000001,2020
18-323-00224,16419.73,2020
18-323-00228,10253.25,2020
18-323-00226,7031.16,2020
18-323-00227,1309.19,2020
18-324-00260,2683.84,2020
18-323-00230,487.01,2020
18-324-00231,7715.53,2020
18-324-00232,4325.1900000000005,2020
18-324-00233,5077.4,2020
18-321-00215,9870.21,2020
18-323-00225,7604.37,2020
18-321-00214,17213.870000000003,2020
18-317-00192,42025.51,2020
18-321-00212,7435.990000000001,2020
18-317-00193,37937.57,2020
18-318-00194,8176.379999999999,2020
18-318-00195,12118.12,2020
18-318-00196,19952.32,2020
18-318-00197,20186.73,2020
18-319-00198,5858.16,2020
18-319-00199,10112.02,2020
18-319-00200,37122.08,2020
18-319-00201,8292.57,2020
18-319-00202,6356.84,2020
18-320-00203,897.52,2020
18-320-00204,1300.4299999999998,2020
18-320-00205,13294.06,2020
18-320-00206,11147.96,2020
18-320-00207,36062.18,2020
18-321-00208,8460.310000000001,2020
18-321-00209,3111.53,2020
18-321-00210,10669.27,2020
18-321-00211,3889.4,2020
18-321-00213,10601.9,2020
18-324-00234,4189.08,2020
18-759-00255,54339.03,2020
18-816-00236,355.02,2020
18-816-00261,20936.05,2020
18-324-00262,10639.48,2020
18-324-00263,3713.6,2020
18-303-00264,16537.08,2020
18-799-00265,11607.21,2020
18-303-00266,16925.67,2020
18-322-00267,25853.44,2020
18-326-00268,3030.04,2020
18-325-00269,22375.19,2020
18-325-00270,61483.490000000005,2020
18-304-00271,30465.57,2020
18-321-00272,12898.45,2020
18-321-00273,16166.04,2020
18-301-00274,1071.0700000000002,2020
18-312-00276,17687.6,2020
18-312-00277,6321.16,2020
18-755-00278,7770.08,2020
18-755-00279,6143.4,2020
18-317-00191,28186.44,2020
18-816-00259,8829.369999999999,2020
18-816-00235,316.36,2020
18-816-00258,1086.59,2020
18-758-00256,4266.36,2020
18-325-00237,1732.15,2020
18-325-00238,4635.36,2020
18-325-00239,20307.74,2020
18-326-00240,1635.65,2020
18-326-00241,7978.02,2020
18-326-00242,1.09,2020
18-326-00243,263.63,2020
18-326-00244,3551.78,2020
18-326-00245,19143.620000000003,2020
18-326-00246,23172.25,2020
18-326-00247,10027.78,2020
18-755-00248,8694.91,2020
18-756-00249,36636.740000000005,2020
18-756-00250,7158.09,2020
18-756-00251,11102.94,2020
18-757-00252,16412.78,2020
18-757-00253,22728.6,2020
18-757-00254,50753.2,2020
18-760-00280,3759.05,2020
18-758-00257,53269.34,2020
18-317-00190,17504.489999999998,2020
18-307-00145,29471.6,2020
18-316-00188,35423.02,2020
18-303-00123,15088.6,2020
18-799-00124,10262.1,2020
18-799-00125,1878.43,2020
18-304-00126,11785.51,2020
18-304-00127,10533.73,2020
18-304-00128,17849.29,2020
18-304-00129,17450.809999999998,2020
18-305-00130,24805.27,2020
18-303-00122,31708.41,2020
18-305-00131,34999.630000000005,2020
18-305-00133,29475.22,2020
18-305-00134,22943.66,2020
18-305-00135,13487.48,2020
18-305-00136,30384.84,2020
18-306-00137,47666.51,2020
18-306-00138,29397.42,2020
18-306-00139,20045.32,2020
18-306-00140,21215.35,2020
18-305-00132,31216.15,2020
18-303-00121,38058.83,2020
18-303-00120,18135.15,2020
18-302-00119,13658.01,2020
18-760-00281,4886.860000000001,2020
18-300-00101,34947.61,2020
18-300-00102,2336.1800000000003,2020
18-300-00103,14925.17,2020
18-300-00104,38348.01,2020
18-300-00105,8398.36,2020
18-300-00106,6407.790000000001,2020
18-300-00107,2883.46,2020
18-300-00108,13771.89,2020
18-301-00109,15827.81,2020
18-301-00110,9788.7,2020
18-301-00111,21731.61,2020
18-301-00112,36747.83,2020
18-301-00113,19212.92,2020
18-301-00114,2100.9300000000003,2020
18-302-00115,29428.13,2020
18-302-00116,20724.19,2020
18-302-00117,39540.44,2020
18-302-00118,4976.030000000001,2020
18-307-00141,7946.84,2020
18-307-00142,27168.99,2020
18-307-00143,16752.89,2020
18-307-00144,6813.3,2020
18-312-00169,9704.27,2020
18-312-00170,13545.54,2020
18-312-00171,11636.15,2020
18-313-00172,18291.57,2020
18-313-00173,13843.6,2020
18-313-00174,12421.59,2020
18-313-00175,37328.490000000005,2020
18-313-00176,6367.59,2020
18-313-00177,19010.48,2020
18-314-00178,41291.41,2020
18-314-00179,10440.71,2020
18-315-00180,8430.11,2020
18-315-00181,6682.099999999999,2020
18-315-00182,4236.13,2020
18-315-00183,6206.9400000000005,2020
18-316-00184,26353.24,2020
18-316-00185,74107.97,2020
18-316-00186,16999.71,2020
18-316-00187,31235.38,2020
18-311-00168,19102.53,2020
18-317-00189,37162.62,2020
18-311-00167,12020.75,2020
18-311-00165,9679.98,2020
18-307-00146,10334.19,2020
18-307-00147,8112.11,2020
18-308-00148,136.72,2020
18-308-00149,564.2,2020
18-308-00150,13093.64,2020
18-308-00151,24884.71,2020
18-308-00152,14353.080000000002,2020
18-308-00153,10163.87,2020
18-309-00154,14252.24,2020
18-309-00155,40964.39,2020
18-309-00156,49600.16,2020
18-309-00157,35026.23,2020
18-310-00158,14985.6,2020
18-310-00159,20356.45,2020
18-310-00160,11817.920000000002,2020
18-310-00161,5558.48,2020
18-310-00162,11538.9,2020
18-310-00163,12536.61,2020
18-310-00164,22762.300000000003,2020
18-311-00166,18209.52,2020
18-314-00275,30999.18,2020
18-300-00101,34582.947,2021
18-300-00102,2321.274999999994,2021
18-300-00103,14717.272000000026,2021
18-300-00104,38421.209,2021
18-300-00105,8521.541999999994,2021
18-300-00106,6395.560999999987,2021
18-300-00107,2903.1239999999816,2021
18-300-00108,13787.926999999969,2021
18-301-00109,15777.214999999967,2021
18-301-00110,9833.893000000013,2021
18-301-00111,21871.59400000004,2021
18-301-00112,36859.04500000004,2021
18-301-00113,19147.618999999948,2021
18-301-00114,2092.570000000007,2021
18-301-00274,1083.571,2021
18-302-00115,29765.52400000009,2021
18-302-00116,21156.415,2021
18-302-00117,39854.37500000012,2021
18-302-00118,5099.671999999991,2021
18-302-00119,13758.962999999989,2021
18-303-00120,18197.47200000001,2021
18-303-00121,38220.31400000001,2021
18-303-00122,32086.845,2021
18-303-00123,15018.576,2021
18-303-00264,16469.945999999996,2021
18-303-00266,17140.579999999998,2021
18-304-00126,12020.277000000002,2021
18-304-00127,10426.96100000001,2021
18-304-00128,17963.261000000057,2021
18-304-00129,17546.051000000036,2021
18-304-00271,30535.849999999977,2021
18-305-00130,25243.915,2021
18-305-00131,34868.802000000025,2021
18-305-00132,31233.568000000087,2021
18-305-00133,29489.5,2021
18-305-00134,22907.72100000002,2021
18-305-00135,13432.81699999998,2021
18-305-00136,30492.061000000103,2021
18-306-00137,47716.70800000001,2021
18-306-00138,29252.19199999998,2021
18-306-00139,20669.587000000058,2021
18-306-00140,21098.365999999995,2021
18-307-00141,7959.568999999989,2021
18-307-00142,27259.617,2021
18-307-00143,16716.642000000007,2021
18-307-00144,6813.524999999994,2021
18-307-00145,29481.68799999997,2021
18-307-00146,10279.733999999997,2021
18-307-00147,8160.642999999996,2021
18-308-00148,139.15699999999998,2021
18-308-00149,556.9049999999988,2021
18-308-00150,13126.600999999995,2021
18-308-00151,24938.275000000023,2021
18-308-00152,14378.255000000005,2021
18-308-00153,10198.933999999994,2021
18-309-00154,14208.361999999994,2021
18-309-00155,41026.057,2021
18-309-00156,49448.29599999997,2021
18-309-00157,35103.83099999999,2021
18-310-00158,14932.508000000002,2021
18-310-00159,20278.259,2021
18-310-00160,11803.835999999996,2021
18-310-00161,5491.303,2021
18-310-00162,11475.305000000022,2021
18-310-00163,12418.028000000002,2021
18-310-00164,22673.247,2021
18-311-00165,9635.495999999996,2021
18-311-00166,18059.14200000002,2021
18-311-00167,11881.684999999998,2021
18-311-00168,18938.818,2021
18-312-00169,9658.527999999991,2021
18-312-00170,13462.469000000012,2021
18-312-00171,11607.235999999995,2021
18-312-00276,17471.43200000003,2021
18-312-00277,6275.804000000004,2021
18-313-00172,18216.149000000005,2021
18-313-00173,13706.241000000038,2021
18-313-00174,12345.72400000001,2021
18-313-00175,37175.14599999999,2021
18-313-00176,6351.747000000003,2021
18-313-00177,18980.83099999999,2021
18-314-00178,41537.01799999992,2021
18-314-00179,10481.722999999998,2021
18-314-00275,31007.76500000001,2021
18-315-00180,8433.432,2021
18-315-00181,6651.736000000004,2021
18-315-00182,4228.891999999999,2021
18-315-00183,6195.847000000002,2021
18-316-00184,26375.945000000007,2021
18-316-00185,74327.451,2021
18-316-00186,17188.265000000014,2021
18-316-00187,31397.6810000001,2021
18-316-00188,35452.08400000003,2021
18-317-00189,37311.119000000064,2021
18-317-00190,17578.108000000007,2021
18-317-00191,28297.45600000001,2021
18-317-00192,42045.64300000004,2021
18-317-00193,38247.83000000008,2021
18-318-00194,8187.503999999957,2021
18-318-00195,12143.496999999974,2021
18-318-00196,20007.42999999993,2021
18-318-00197,20185.332999999984,2021
18-319-00198,5827.624000000003,2021
18-319-00199,10186.979999999996,2021
18-319-00200,37293.43999999994,2021
18-319-00201,8358.07899999999,2021
18-319-00202,6476.736999999994,2021
18-320-00203,907.1079999999928,2021
18-320-00204,1333.4540000000052,2021
18-320-00205,13336.478999999992,2021
18-320-00206,10921.214999999997,2021
18-320-00207,36112.014,2021
18-321-00208,8520.093000000023,2021
18-321-00209,3128.96,2021
18-321-00210,10788.223999999987,2021
18-321-00211,3915.817,2021
18-321-00212,7316.524999999994,2021
18-321-00213,10503.776999999987,2021
18-321-00214,17278.928999999975,2021
18-321-00215,9835.725999999995,2021
18-321-00216,3833.616000000002,2021
18-321-00217,1084.7440000000024,2021
18-321-00218,2444.1979999999967,2021
18-321-00272,12911.688000000002,2021
18-321-00273,16222.55799999999,2021
18-322-00219,31832.13799999999,2021
18-322-00220,4776.665999999997,2021
18-322-00221,1981.8329999999987,2021
18-322-00267,25864.514000000025,2021
18-323-00222,4115.578999999998,2021
18-323-00223,2659.9920000000056,2021
18-323-00224,16351.102,2021
18-323-00225,7523.307000000015,2021
18-323-00226,7038.853999999992,2021
18-323-00227,1299.0789999999995,2021
18-323-00228,10183.502999999968,2021
18-323-00230,480.94000000000005,2021
18-324-00231,7635.043999999998,2021
18-324-00232,4303.851999999999,2021
18-324-00233,5007.218999999997,2021
18-324-00234,4178.145999999993,2021
18-324-00260,2653.354,2021
18-324-00262,10670.494000000006,2021
18-324-00263,3668.434000000001,2021
18-325-00237,1769.6529999999984,2021
18-325-00238,4735.926000000007,2021
18-325-00239,20325.370000000057,2021
18-325-00269,22389.87599999993,2021
18-325-00270,61524.684000000125,2021
18-326-00240,1633.3940000000002,2021
18-326-00241,7958.094000000012,2021
18-326-00242,1.0759999999999863,2021
18-326-00243,269.78899999999976,2021
18-326-00244,3586.118000000002,2021
18-326-00245,19023.835000000006,2021
18-326-00246,23010.129,2021
18-326-00247,9950.465000000004,2021
18-326-00268,3020.892000000007,2021
18-755-00248,8646.341,2021
18-755-00278,7660.383000000002,2021
18-755-00279,6112.012000000001,2021
18-756-00249,36695.22400000002,2021
18-756-00250,7207.572999999997,2021
18-756-00251,11096.488000000005,2021
18-757-00252,16506.581999999995,2021
18-757-00253,22701.927000000025,2021
18-757-00254,50667.92299999995,2021
18-758-00256,4321.073999999993,2021
18-758-00257,53809.734000000055,2021
18-759-00255,54304.93399999989,2021
18-760-00280,3712.4389999999994,2021
18-760-00281,5073.670000000013,2021
18-799-00124,10358.962,2021
18-799-00125,1876.0270000000016,2021
18-799-00265,11771.87300000002,2021
18-816-00235,311.41400000000067,2021
18-816-00236,361.7550000000001,2021
18-816-00258,1064.143,2021
18-816-00259,8802.504000000008,2021
18-816-00261,20757.267999999985,2021
