Tender ID,tender_externalreference,tender_title,Work Description,Tender Category,Tender Type,Form of contract,Product Category,Is Multi Currency Allowed For BOQ,Allow Two Stage Bidding,Independent External Monitor/Remarks,Published Date,Pre Bid Meeting Date,Bid Validity(Days),Should Allow NDA Tender,Allow Preferential Bidder,Payment Mode,Bid Opening Date,Organisation Chain,location,Pincode,No of Bids Received,Tender Value in ₹,Bidder Name,Awarded Value,Status,Contract Date :,Department,is_flood_tender,positive_keywords_dict,negative_keywords_dict,Season,Scheme,Erosion,Roads_Bridges_Embkt,Response Type,Flood Response - Subhead
2026_BoTC_50128_20,SE(RB)/20-21/Pt-III/24,Package No.204_20,"Recovery and Reconstruction of Owabari Jaoliabari Road under NDRF(PDNA-2022) for the year 2025-26 of Kokrajhar District, Assam (Road Works and Embankment Protection works).",Works,Open Tender,Item Rate,Civil Works – Roads,No,No,NA ,09-Jan-2026 06:00 PM,NA ,180.0,No ,No,Online,30-Jan-2026 01:30 PM,Bodoland Territorial Council||PWD-BTC,Kokrajhar district,783376.0,2.0,"75,00,000",JAYANTA BASUMATARY,"7,499,000",Accepted-AOC,05-Mar-2026,Bodoland Territorial Council||PWD-BTC,True,"{'Flood': 0, 'Embankment': 1, 'embkt': 0, 'Relief': 0, 'Erosion': 0, 'SDRF': 0, 'Inundation': 0, 'Hydrology': 0, 'Silt': 0, 'Siltation': 0, 'Bund': 0, 'Trench': 0, 'Breach': 0, 'Culvert': 0, 'Sluice': 0, 'Dyke': 0, 'Storm water drain': 0, 'Emergency': 0, 'Immediate': 0, 'IM': 0, 'AE': 0, 'A E': 0, 'AAPDA MITRA': 0}","{'Floodlight': 0, 'Flood Light': 0, 'GAS': 0, 'FIFA': 0, 'pipe': 0, 'pipes': 0, 'covid': 0}",Pre-Monsoon,,False,True,Repair and Restoration,{'reconstruction': 1}
2026_SCD_51146_1,Tender/NIT/Pt-I/2025-26/8011,"Mitigation of Flash Flood by Reducing Sediment and Water Yield at Salbari, Bhawanipur in Sunsali Hill Watershed through Ecological Management Practices (EMPs) under SDMF during 2024-25.","Mitigation of Flash Flood by Reducing Sediment and Water Yield at Salbari, Bhawanipur in Sunsali Hill Watershed through Ecological Management Practices (EMPs) under SDMF during 2024-25.",Works,Open Tender,Works,Civil Works,No,No,NA ,13-Feb-2026 06:00 PM,18-Feb-2026 02:00 PM ,180.0,No ,No,Online,26-Feb-2026 03:00 PM,Soil Conservation Department||Director - SCD,"Sunsali Hills, Kamrup (Metro)",781020.0,2.0,"3,87,52,500",ABDUL HASIM,"38,721,518",Accepted-AOC,13-Mar-2026,Soil Conservation Department||Director - SCD,True,"{'Flood': 2, 'Embankment': 0, 'embkt': 0, 'Relief': 0, 'Erosion': 0, 'SDRF': 0, 'Inundation': 0, 'Hydrology': 0, 'Silt': 0, 'Siltation': 0, 'Bund': 0, 'Trench': 0, 'Breach': 0, 'Culvert': 0, 'Sluice': 0, 'Dyke': 0, 'Storm water drain': 0, 'Emergency': 0, 'Immediate': 0, 'IM': 0, 'AE': 0, 'A E': 0, 'AAPDA MITRA': 0}","{'Floodlight': 0, 'Flood Light': 0, 'GAS': 0, 'FIFA': 0, 'pipe': 0, 'pipes': 0, 'covid': 0}",Pre-Monsoon,,False,False,Others,
2025_DoWR_49557_1,BISWANATH/2025-26/ PDNA/SUPPLY/I,Restoration of damage embankment at different reaches during the flood of 2022. (Procurement of supply materials). Package 1,Restoration of damage embankment at different reaches during the flood of 2022. (Procurement of supply materials). Package 1,Goods,Open Tender,Supply,Supply of Materials,No,No,NA ,22-Dec-2025 09:00 AM,NA ,180.0,No ,No,Online,05-Jan-2026 03:00 PM,Department of Water Resources||Chief Engineer - DoWR,BISWANATH,784176.0,2.0,"73,35,290",SMILE NONWOVENS PVT. LTD.,"7,330,253.64",Accepted-AOC,26-Mar-2026,Department of Water Resources||Chief Engineer - DoWR,True,"{'Flood': 2, 'Embankment': 2, 'embkt': 0, 'Relief': 0, 'Erosion': 0, 'SDRF': 0, 'Inundation': 0, 'Hydrology': 0, 'Silt': 0, 'Siltation': 0, 'Bund': 0, 'Trench': 0, 'Breach': 0, 'Culvert': 0, 'Sluice': 0, 'Dyke': 0, 'Storm water drain': 0, 'Emergency': 0, 'Immediate': 0, 'IM': 0, 'AE': 0, 'A E': 0, 'AAPDA MITRA': 0}","{'Floodlight': 0, 'Flood Light': 0, 'GAS': 0, 'FIFA': 0, 'pipe': 0, 'pipes': 0, 'covid': 0}",Post-Monsoon,,False,True,Repair and Restoration,{'restoration': 2}
2025_DoWR_49555_1,WEST KARBI ANGLONG/2025-26/PDNA/SUPPLY/I,Restoration of damaged embankment during the 2022 flood (Procurement or Supply of Materials) in West Karbi Anglong District.,Restoration of damaged embankment during the 2022 flood (Procurement or Supply of Materials) in West Karbi Anglong District.,Goods,Open Tender,Supply,Supply of Materials,No,No,NA ,22-Dec-2025 09:00 AM,NA ,180.0,No ,No,Online,05-Jan-2026 03:00 PM,Department of Water Resources||Chief Engineer - DoWR,WEST KARBI ANGLONG,782485.0,2.0,"2,22,18,489",SMILE NONWOVENS PVT. LTD.,"22,211,383.04",Accepted-AOC,10-Mar-2026,Department of Water Resources||Chief Engineer - DoWR,True,"{'Flood': 2, 'Embankment': 2, 'embkt': 0, 'Relief': 0, 'Erosion': 0, 'SDRF': 0, 'Inundation': 0, 'Hydrology': 0, 'Silt': 0, 'Siltation': 0, 'Bund': 0, 'Trench': 0, 'Breach': 0, 'Culvert': 0, 'Sluice': 0, 'Dyke': 0, 'Storm water drain': 0, 'Emergency': 0, 'Immediate': 0, 'IM': 0, 'AE': 0, 'A E': 0, 'AAPDA MITRA': 0}","{'Floodlight': 0, 'Flood Light': 0, 'GAS': 0, 'FIFA': 0, 'pipe': 0, 'pipes': 0, 'covid': 0}",Post-Monsoon,,False,True,Repair and Restoration,{'restoration': 2}
2025_SCD_49657_1,Tender/NIT/Pt-I/2025-26/5725,Construction of Embankment at Kalanadi River Adjacent Xxoxan Ghat Dimakuchi under RIDF-XXXI,Construction of Embankment at Kalanadi River Adjacent Xxoxan Ghat Dimakuchi under RIDF-XXXI,Works,Open Tender,Item Rate,Civil Works,No,No,NA ,26-Dec-2025 10:00 AM,07-Jan-2026 12:00 PM ,180.0,No ,No,Online,19-Jan-2026 02:00 PM,Soil Conservation Department||Director - SCD,Udalguri S. C. Division,784509.0,2.0,"34,81,120",Arijit Roy,"3,063,378",Accepted-AOC,13-Mar-2026,Soil Conservation Department||Director - SCD,True,"{'Flood': 0, 'Embankment': 2, 'embkt': 0, 'Relief': 0, 'Erosion': 0, 'SDRF': 0, 'Inundation': 0, 'Hydrology': 0, 'Silt': 0, 'Siltation': 0, 'Bund': 0, 'Trench': 0, 'Breach': 0, 'Culvert': 0, 'Sluice': 0, 'Dyke': 0, 'Storm water drain': 0, 'Emergency': 0, 'Immediate': 0, 'IM': 0, 'AE': 0, 'A E': 0, 'AAPDA MITRA': 0}","{'Floodlight': 0, 'Flood Light': 0, 'GAS': 0, 'FIFA': 0, 'pipe': 0, 'pipes': 0, 'covid': 0}",Post-Monsoon,RIDF,False,True,Others,
2025_PWD_46196_29,CE/DEV/TB/122/2025-26/06 Dated. 04-08-2025,BTR_SOPD_G_25_26_32 Construction of (1) RCC Box Cell Culvert (3 cell 3.0 x 3.0m) at Dolongghat to Doloipara Road (2) RCC Box Cell Culvert (3 cell 3.0 x 3.0m) at Dolongghat to Bezbhagawati (Jengerajhar) (3) RCC Box Cell Culvert (5 cell 3.0 x 3.0m) at,BTR_SOPD_G_25_26_32 Construction of (1) RCC Box Cell Culvert (3 cell 3.0 x 3.0m) at Dolongghat to Doloipara Road (2) RCC Box Cell Culvert (3 cell 3.0 x 3.0m) at Dolongghat to Bezbhagawati (Jengerajhar) (3) RCC Box Cell Culvert (5 cell 3.0 x 3.0m) at,Works,Open Tender,Item Rate,Civil Works – Roads,No,No,NA ,07-Aug-2025 03:00 PM,11-Aug-2025 12:00 PM ,180.0,No ,No,Online,14-Aug-2025 02:30 PM,Public Works Roads Department,Tangla,784521.0,2.0,"1,35,00,000",Pabitra Boro,"13,500,000",Accepted-AOC,30-Mar-2026,Public Works Roads Department,True,"{'Flood': 0, 'Embankment': 0, 'embkt': 0, 'Relief': 0, 'Erosion': 0, 'SDRF': 0, 'Inundation': 0, 'Hydrology': 0, 'Silt': 0, 'Siltation': 0, 'Bund': 0, 'Trench': 0, 'Breach': 0, 'Culvert': 6, 'Sluice': 0, 'Dyke': 0, 'Storm water drain': 0, 'Emergency': 0, 'Immediate': 0, 'IM': 0, 'AE': 0, 'A E': 0, 'AAPDA MITRA': 0}","{'Floodlight': 0, 'Flood Light': 0, 'GAS': 0, 'FIFA': 0, 'pipe': 0, 'pipes': 0, 'covid': 0}",Monsoon,SOPD,False,True,Others,
2025_DoWR_49160_1,SIVASAGAR/2025-26/SOPD-G/III,Anti-Ertosion measures to protect Garukhuti area of Dehing bund L/Bank from Joongaon to Laibeel.,Anti-Ertosion measures to protect Garukhuti area of Dehing bund L/Bank from Joongaon to Laibeel.,Works,Open Tender,Works,Civil Works,No,No,NA ,10-Dec-2025 06:00 PM,NA ,180.0,No ,No,Online,30-Dec-2025 03:00 PM,Department of Water Resources||Chief Engineer - DoWR,Sivasagar,785640.0,2.0,"4,44,33,066",LILAJYOTI PHUKAN,"44,425,858.2",Accepted-AOC,12-Mar-2026,Department of Water Resources||Chief Engineer - DoWR,True,"{'Flood': 0, 'Embankment': 0, 'embkt': 0, 'Relief': 0, 'Erosion': 0, 'SDRF': 0, 'Inundation': 0, 'Hydrology': 0, 'Silt': 0, 'Siltation': 0, 'Bund': 2, 'Trench': 0, 'Breach': 0, 'Culvert': 0, 'Sluice': 0, 'Dyke': 0, 'Storm water drain': 0, 'Emergency': 0, 'Immediate': 0, 'IM': 0, 'AE': 0, 'A E': 0, 'AAPDA MITRA': 0}","{'Floodlight': 0, 'Flood Light': 0, 'GAS': 0, 'FIFA': 0, 'pipe': 0, 'pipes': 0, 'covid': 0}",Post-Monsoon,SOPD,False,True,Others,
2025_DoWR_49005_1,DHAKUAKHANA/2025-26/SOPD-G/III,Protection of Abhoypur Lasongaon from the flood devastation of river Charikoria on its L/B.,Protection of Abhoypur Lasongaon from the flood devastation of river Charikoria on its L/B.,Works,Open Tender,Works,Civil Works,No,No,NA ,02-Dec-2025 06:55 PM,NA ,180.0,No ,No,Online,22-Dec-2025 03:00 PM,Department of Water Resources||Chief Engineer - DoWR,DHAKUAKHANA,787055.0,2.0,"49,34,851",PRADIP DOLEY,"4,934,813.52",Accepted-AOC,24-Mar-2026,Department of Water Resources||Chief Engineer - DoWR,True,"{'Flood': 2, 'Embankment': 0, 'embkt': 0, 'Relief': 0, 'Erosion': 0, 'SDRF': 0, 'Inundation': 0, 'Hydrology': 0, 'Silt': 0, 'Siltation': 0, 'Bund': 0, 'Trench': 0, 'Breach': 0, 'Culvert': 0, 'Sluice': 0, 'Dyke': 0, 'Storm water drain': 0, 'Emergency': 0, 'Immediate': 0, 'IM': 0, 'AE': 0, 'A E': 0, 'AAPDA MITRA': 0}","{'Floodlight': 0, 'Flood Light': 0, 'GAS': 0, 'FIFA': 0, 'pipe': 0, 'pipes': 0, 'covid': 0}",Post-Monsoon,SOPD,False,False,Others,
2025_DoWR_47499_1,MAJULI/2025-26/RIDF/II,"Construction of new embankment at R/B of river Brahmaputra from Pohumara to charigharia Tiniali, Package 2.","Construction of new embankment at R/B of river Brahmaputra from Pohumara to charigharia Tiniali, Package 2.",Works,Open Tender,Works,Civil Works,No,No,NA ,13-Sep-2025 06:55 PM,NA ,180.0,No ,No,Online,07-Oct-2025 03:00 PM,Department of Water Resources||Chief Engineer - DoWR,MAJULI,785110.0,2.0,"3,80,97,824",Pradip Kumar Agarwalla,"38,089,128",Accepted-AOC,17-Mar-2026,Department of Water Resources||Chief Engineer - DoWR,True,"{'Flood': 0, 'Embankment': 2, 'embkt': 0, 'Relief': 0, 'Erosion': 0, 'SDRF': 0, 'Inundation': 0, 'Hydrology': 0, 'Silt': 0, 'Siltation': 0, 'Bund': 0, 'Trench': 0, 'Breach': 0, 'Culvert': 0, 'Sluice': 0, 'Dyke': 0, 'Storm water drain': 0, 'Emergency': 0, 'Immediate': 0, 'IM': 0, 'AE': 0, 'A E': 0, 'AAPDA MITRA': 0}","{'Floodlight': 0, 'Flood Light': 0, 'GAS': 0, 'FIFA': 0, 'pipe': 0, 'pipes': 0, 'covid': 0}",Monsoon,RIDF,False,True,Immediate Measures,{'package': 2}
2026_BoTC_50028_31,SE(R/B)/20-21/Pt-III/15,Package No.202_31,Recovery and Restoration of RCC Slab Culvert on Andherighat Harisinga Road at 2nd KM near Barnadijhar under NDRF(PDNA-2022) in Udalguri District for the year 2025-26,Works,Open Tender,Item Rate,Civil Works – Roads,No,No,NA ,07-Jan-2026 06:00 PM,NA ,180.0,No ,No,Online,27-Jan-2026 01:30 PM,Bodoland Territorial Council||PWD-BTC,Udalguri dist,784509.0,2.0,"32,66,721",BHABA DEV MAHANTA,"3,266,700",Accepted-AOC,16-Mar-2026,Bodoland Territorial Council||PWD-BTC,True,"{'Flood': 0, 'Embankment': 0, 'embkt': 0, 'Relief': 0, 'Erosion': 0, 'SDRF': 0, 'Inundation': 0, 'Hydrology': 0, 'Silt': 0, 'Siltation': 0, 'Bund': 0, 'Trench': 0, 'Breach': 0, 'Culvert': 1, 'Sluice': 0, 'Dyke': 0, 'Storm water drain': 0, 'Emergency': 0, 'Immediate': 0, 'IM': 0, 'AE': 0, 'A E': 0, 'AAPDA MITRA': 0}","{'Floodlight': 0, 'Flood Light': 0, 'GAS': 0, 'FIFA': 0, 'pipe': 0, 'pipes': 0, 'covid': 0}",Pre-Monsoon,,False,True,Repair and Restoration,{'restoration': 1}
2025_SCD_49657_6,Tender/NIT/Pt-I/2025-26/5725,Construction of Guide Bund With Boulder Protection From Ouguri To Bourisuti River RCC Bridge under RIDF-XXXI,Construction of Guide Bund With Boulder Protection From Ouguri To Bourisuti River RCC Bridge under RIDF-XXXI,Works,Open Tender,Item Rate,Civil Works,No,No,NA ,26-Dec-2025 10:10 AM,07-Jan-2026 12:00 PM ,180.0,No ,No,Online,19-Jan-2026 02:00 PM,Soil Conservation Department||Director - SCD,Dhemaji Jonai S. C. Division,787059.0,2.0,"49,76,250",BABUL RAMCHIARY,"4,951,368",Accepted-AOC,10-Mar-2026,Soil Conservation Department||Director - SCD,True,"{'Flood': 0, 'Embankment': 0, 'embkt': 0, 'Relief': 0, 'Erosion': 0, 'SDRF': 0, 'Inundation': 0, 'Hydrology': 0, 'Silt': 0, 'Siltation': 0, 'Bund': 2, 'Trench': 0, 'Breach': 0, 'Culvert': 0, 'Sluice': 0, 'Dyke': 0, 'Storm water drain': 0, 'Emergency': 0, 'Immediate': 0, 'IM': 0, 'AE': 0, 'A E': 0, 'AAPDA MITRA': 0}","{'Floodlight': 0, 'Flood Light': 0, 'GAS': 0, 'FIFA': 0, 'pipe': 0, 'pipes': 0, 'covid': 0}",Post-Monsoon,RIDF,False,True,Others,
2025_PWD_45926_180,CE/DEV/TB/60/2025-26/06 Dtd- 14.07.2025,MMPPNA_RIDF_XXXI_25_26_324 Construction of road (1) 1 No Hasang ME School to Titkuri (Tainur Alis house near Puthimari Embankment (2) Maranjana to Komartola LP School near Puthimari Embankment via Lessakona and (3) Hasang Chowk (2 No Hasang) to Upen,MMPPNA_RIDF_XXXI_25_26_324 Construction of road (1) 1 No Hasang ME School to Titkuri (Tainur Alis house near Puthimari Embankment (2) Maranjana to Komartola LP School near Puthimari Embankment via Lessakona and (3) Hasang Chowk (2 No Hasang) to Upen,Works,Open Tender,Item Rate,Civil Works – Roads,No,No,NA ,02-Aug-2025 06:55 PM,04-Aug-2025 12:00 PM ,180.0,No ,No,Online,14-Aug-2025 02:30 PM,Public Works Roads Department,Rangia,781354.0,2.0,"4,32,87,000",AKHILANANDA BHATTACHARJYA,"43,285,856",Accepted-AOC,13-Mar-2026,Public Works Roads Department,True,"{'Flood': 0, 'Embankment': 4, 'embkt': 0, 'Relief': 0, 'Erosion': 0, 'SDRF': 0, 'Inundation': 0, 'Hydrology': 0, 'Silt': 0, 'Siltation': 0, 'Bund': 0, 'Trench': 0, 'Breach': 0, 'Culvert': 0, 'Sluice': 0, 'Dyke': 0, 'Storm water drain': 0, 'Emergency': 0, 'Immediate': 0, 'IM': 0, 'AE': 0, 'A E': 0, 'AAPDA MITRA': 0}","{'Floodlight': 0, 'Flood Light': 0, 'GAS': 0, 'FIFA': 0, 'pipe': 0, 'pipes': 0, 'covid': 0}",Monsoon,RIDF,False,True,Others,
2025_DoWR_49161_1,SIVASAGAR/2025-26/SOPD-G/IV,Anti-Erosion measures to protect Desang bund left bank from Rajgarh to Pathaligarh at Likomia Tipomia area.,Anti-Erosion measures to protect Desang bund left bank from Rajgarh to Pathaligarh at Likomia Tipomia area.,Works,Open Tender,Works,Civil Works,No,No,NA ,10-Dec-2025 06:00 PM,NA ,180.0,No ,No,Online,30-Dec-2025 03:00 PM,Department of Water Resources||Chief Engineer - DoWR,Sivasagar,785640.0,2.0,"2,98,09,672",LILAJYOTI PHUKAN,"29,799,356.28",Accepted-AOC,17-Mar-2026,Department of Water Resources||Chief Engineer - DoWR,True,"{'Flood': 0, 'Embankment': 0, 'embkt': 0, 'Relief': 0, 'Erosion': 2, 'SDRF': 0, 'Inundation': 0, 'Hydrology': 0, 'Silt': 0, 'Siltation': 0, 'Bund': 2, 'Trench': 0, 'Breach': 0, 'Culvert': 0, 'Sluice': 0, 'Dyke': 0, 'Storm water drain': 0, 'Emergency': 0, 'Immediate': 0, 'IM': 0, 'AE': 0, 'A E': 0, 'AAPDA MITRA': 0}","{'Floodlight': 0, 'Flood Light': 0, 'GAS': 0, 'FIFA': 0, 'pipe': 0, 'pipes': 0, 'covid': 0}",Post-Monsoon,SOPD,True,True,Others,
2026_SCD_50305_3,Tender/NIT/Pt-I/2025-26/7296,Erosion Protection of Tipkai River Beside Khangkhuraibari village under RIDF-XXXI,Erosion Protection of Tipkai River Beside Khangkhuraibari village under RIDF-XXXI,Works,Open Tender,Item Rate,Civil Works,No,No,NA ,17-Jan-2026 02:15 PM,22-Jan-2026 12:00 PM ,180.0,No ,No,Online,09-Feb-2026 03:00 PM,Soil Conservation Department||Director - SCD,Kokrajhar Soil Conservation Division,783370.0,2.0,"44,78,625",DILIP KUMAR BRAHMA,"4,478,000",Accepted-AOC,13-Mar-2026,Soil Conservation Department||Director - SCD,True,"{'Flood': 0, 'Embankment': 0, 'embkt': 0, 'Relief': 0, 'Erosion': 2, 'SDRF': 0, 'Inundation': 0, 'Hydrology': 0, 'Silt': 0, 'Siltation': 0, 'Bund': 0, 'Trench': 0, 'Breach': 0, 'Culvert': 0, 'Sluice': 0, 'Dyke': 0, 'Storm water drain': 0, 'Emergency': 0, 'Immediate': 0, 'IM': 0, 'AE': 0, 'A E': 0, 'AAPDA MITRA': 0}","{'Floodlight': 0, 'Flood Light': 0, 'GAS': 0, 'FIFA': 0, 'pipe': 0, 'pipes': 0, 'covid': 0}",Pre-Monsoon,RIDF,True,False,Others,
2025_DMEAP_48438_1,IN-ASDMA-522115-CW-RFB,Procurement of Civil Works for existing flood shelters at two locations in Lakhimpur District of Assam under Assam Integrated River Basin Management Project,Procurement of Civil Works for existing flood shelters at two locations in Lakhimpur District of Assam under Assam Integrated River Basin Management Project,Works,Open Tender,Item Rate,Civil Works - Building,No,No,NA ,06-Nov-2025 03:00 PM,15-Nov-2025 11:00 AM ,120.0,No ,No,Online,06-Dec-2025 11:00 AM,Assam State Disaster Management Authority- Externally Aided Project||Assam State Disaster Management Authority- World Bank Funded Tenders||Assam Integrated River Basin Management Programme,Works,781006.0,2.0,"4,86,66,702",KUSHAL KONWAR,"45,902,519",Accepted-AOC,11-Mar-2026,Assam State Disaster Management Authority- Externally Aided Project||Assam State Disaster Management Authority- World Bank Funded Tenders||Assam Integrated River Basin Management Programme,True,"{'Flood': 2, 'Embankment': 0, 'embkt': 0, 'Relief': 0, 'Erosion': 0, 'SDRF': 0, 'Inundation': 0, 'Hydrology': 0, 'Silt': 0, 'Siltation': 0, 'Bund': 0, 'Trench': 0, 'Breach': 0, 'Culvert': 0, 'Sluice': 0, 'Dyke': 0, 'Storm water drain': 0, 'Emergency': 0, 'Immediate': 0, 'IM': 0, 'AE': 0, 'A E': 0, 'AAPDA MITRA': 0}","{'Floodlight': 0, 'Flood Light': 0, 'GAS': 0, 'FIFA': 0, 'pipe': 0, 'pipes': 0, 'covid': 0}",Post-Monsoon,,False,False,Preparedness Measures,{'shelters': 2}
2026_SCD_49976_1,Tender/NIT/Pt-I/2025-26/5924,Erosion Protection of Huma Paddy Field from the erosion of Goramari River at Chetnaguri village under Simbargaon VCDC under RIDF-XXXI,Erosion Protection of Huma Paddy Field from the erosion of Goramari River at Chetnaguri village under Simbargaon VCDC under RIDF-XXXI,Works,Open Tender,Item Rate,Civil Works,No,No,NA ,06-Jan-2026 02:00 PM,12-Jan-2026 12:00 PM ,180.0,No ,No,Online,28-Jan-2026 03:00 PM,Soil Conservation Department||Director - SCD,Kokrajhar Soil Conservation Division,783370.0,2.0,"49,76,250",Jamidar Narzary,"4,973,762",Accepted-AOC,10-Mar-2026,Soil Conservation Department||Director - SCD,True,"{'Flood': 0, 'Embankment': 0, 'embkt': 0, 'Relief': 0, 'Erosion': 4, 'SDRF': 0, 'Inundation': 0, 'Hydrology': 0, 'Silt': 0, 'Siltation': 0, 'Bund': 0, 'Trench': 0, 'Breach': 0, 'Culvert': 0, 'Sluice': 0, 'Dyke': 0, 'Storm water drain': 0, 'Emergency': 0, 'Immediate': 0, 'IM': 0, 'AE': 0, 'A E': 0, 'AAPDA MITRA': 0}","{'Floodlight': 0, 'Flood Light': 0, 'GAS': 0, 'FIFA': 0, 'pipe': 0, 'pipes': 0, 'covid': 0}",Pre-Monsoon,RIDF,True,False,Others,
2026_BoTC_50147_1,TECH-28/SE(RB)/2019-20/03,Recovery and Reconstruction of Sidli Nalbari Village Road under NDRF (PDNA-2022) for the year 2025-26 (Embankment Protection Work). TN-385-9.,Recovery and Reconstruction of Sidli Nalbari Village Road under NDRF (PDNA-2022) for the year 2025-26 (Embankment Protection Work). TN-385-9.,Works,Open Tender,Works,Civil Works – Roads,No,No,NA ,09-Jan-2026 06:00 PM,NA ,180.0,No ,No,Online,30-Jan-2026 02:00 PM,Bodoland Territorial Council||PWD-BTC,Chirang,783385.0,2.0,"24,97,501",M/S R Mucha Enterprise,"2,491,424.4",Accepted-AOC,25-Mar-2026,Bodoland Territorial Council||PWD-BTC,True,"{'Flood': 0, 'Embankment': 2, 'embkt': 0, 'Relief': 0, 'Erosion': 0, 'SDRF': 0, 'Inundation': 0, 'Hydrology': 0, 'Silt': 0, 'Siltation': 0, 'Bund': 0, 'Trench': 0, 'Breach': 0, 'Culvert': 0, 'Sluice': 0, 'Dyke': 0, 'Storm water drain': 0, 'Emergency': 0, 'Immediate': 0, 'IM': 0, 'AE': 0, 'A E': 0, 'AAPDA MITRA': 0}","{'Floodlight': 0, 'Flood Light': 0, 'GAS': 0, 'FIFA': 0, 'pipe': 0, 'pipes': 0, 'covid': 0}",Pre-Monsoon,,False,True,Repair and Restoration,{'reconstruction': 2}
2025_DoWR_49653_1,JORHAT/2025-26/PDNA/SUPPLY/I,"Restoration of flood damage for PDNA 2022 - Procurement of GeoTube, Porcupine members, Geo Bag Type A,Geo Bag Type B, Geo Sheet, Wir eNetting Boxes, Sewing Thread under Jorhat W.R. Division. Package 2","Restoration of flood damage for PDNA 2022 - Procurement of GeoTube, Porcupine members, Geo Bag Type A,Geo Bag Type B, Geo Sheet, Wire Netting Boxes, Sewing Thread under Jorhat W.R. Division. Package 2",Goods,Open Tender,Supply,Supply of Materials,No,No,NA ,26-Dec-2025 09:00 AM,NA ,180.0,No ,No,Online,07-Jan-2026 03:00 PM,Department of Water Resources||Chief Engineer - DoWR,JORHAT,785001.0,2.0,"1,99,32,078",SMILE NONWOVENS PVT. LTD.,"19,923,214.55",Accepted-AOC,26-Mar-2026,Department of Water Resources||Chief Engineer - DoWR,True,"{'Flood': 2, 'Embankment': 0, 'embkt': 0, 'Relief': 0, 'Erosion': 0, 'SDRF': 0, 'Inundation': 0, 'Hydrology': 0, 'Silt': 0, 'Siltation': 0, 'Bund': 0, 'Trench': 0, 'Breach': 0, 'Culvert': 0, 'Sluice': 0, 'Dyke': 0, 'Storm water drain': 0, 'Emergency': 0, 'Immediate': 0, 'IM': 0, 'AE': 0, 'A E': 0, 'AAPDA MITRA': 0}","{'Floodlight': 0, 'Flood Light': 0, 'GAS': 0, 'FIFA': 0, 'pipe': 0, 'pipes': 0, 'covid': 0}",Post-Monsoon,,False,False,Repair and Restoration,{'restoration': 2}
2026_PWD_50058_19,PRTRD/RKN/PDNA/ET/2026/1302,PRTRD_PDNA_ET_25_26_19 Recovery and reconstruction of culvert at RK Nagar Town on Bhanga Anipur NEC road in Ramkrishna Nagar LAC under NDRF (PDNA 2022) for the year 2025_26.,PRTRD_PDNA_ET_25_26_19 Recovery and reconstruction of culvert at RK Nagar Town on Bhanga Anipur NEC road in Ramkrishna Nagar LAC under NDRF (PDNA 2022) for the year 2025_26.,Works,Open Tender,Item Rate,Civil Works,No,No,NA ,09-Jan-2026 02:00 PM,12-Jan-2026 12:00 PM ,180.0,No ,No,Online,28-Jan-2026 11:00 AM,Public Works Roads Department,RK Nagar,788166.0,2.0,"48,98,643",Joydeep Nandi,"4,896,949",Accepted-AOC,31-Mar-2026,Public Works Roads Department,True,"{'Flood': 0, 'Embankment': 0, 'embkt': 0, 'Relief': 0, 'Erosion': 0, 'SDRF': 0, 'Inundation': 0, 'Hydrology': 0, 'Silt': 0, 'Siltation': 0, 'Bund': 0, 'Trench': 0, 'Breach': 0, 'Culvert': 2, 'Sluice': 0, 'Dyke': 0, 'Storm water drain': 0, 'Emergency': 0, 'Immediate': 0, 'IM': 0, 'AE': 0, 'A E': 0, 'AAPDA MITRA': 0}","{'Floodlight': 0, 'Flood Light': 0, 'GAS': 0, 'FIFA': 0, 'pipe': 0, 'pipes': 0, 'covid': 0}",Pre-Monsoon,,False,True,Repair and Restoration,{'reconstruction': 2}
2025_SCD_49475_5,Tender/NIT/Pt-I/2025-26/5606,Construction of Bund and Brick Canal at North Sonapur Village under RIDF XXXI,Construction of Bund and Brick Canal at North Sonapur Village under RIDF XXXI,Works,Open Tender,Item Rate,Civil Works,No,No,NA ,19-Dec-2025 01:00 PM,29-Dec-2025 12:00 PM ,180.0,No ,No,Online,09-Jan-2026 02:00 PM,Soil Conservation Department||Director - SCD,Kokrajhar Soil Conservation Division,783370.0,2.0,"39,81,000",BISTI MUSHAHARY,"3,979,116",Accepted-AOC,10-Mar-2026,Soil Conservation Department||Director - SCD,True,"{'Flood': 0, 'Embankment': 0, 'embkt': 0, 'Relief': 0, 'Erosion': 0, 'SDRF': 0, 'Inundation': 0, 'Hydrology': 0, 'Silt': 0, 'Siltation': 0, 'Bund': 2, 'Trench': 0, 'Breach': 0, 'Culvert': 0, 'Sluice': 0, 'Dyke': 0, 'Storm water drain': 0, 'Emergency': 0, 'Immediate': 0, 'IM': 0, 'AE': 0, 'A E': 0, 'AAPDA MITRA': 0}","{'Floodlight': 0, 'Flood Light': 0, 'GAS': 0, 'FIFA': 0, 'pipe': 0, 'pipes': 0, 'covid': 0}",Post-Monsoon,RIDF,False,True,Others,
2026_BoTC_51556_1,SE(RB)/20-21/Pt-III/55/202_5,Package No.202_5,"Recovery and Re-construction of 4.00 M span RCC Slab Culvert at Sonai Khourang via Serfang at 1st KM road under PWD Udalguri Rural Road Sub-Division, Udalguri under NDRF(PDNA-2022) in Udalguri District for the year 2025-26",Works,Open Tender,Item Rate,Civil Works – Roads,No,No,NA ,26-Feb-2026 05:00 PM,NA ,180.0,No ,No,Online,04-Mar-2026 01:30 PM,Bodoland Territorial Council||PWD-BTC,Udalguri dist,784509.0,2.0,"23,22,830",Ajit Daimari,"2,322,000",Accepted-AOC,13-Mar-2026,Bodoland Territorial Council||PWD-BTC,True,"{'Flood': 0, 'Embankment': 0, 'embkt': 0, 'Relief': 0, 'Erosion': 0, 'SDRF': 0, 'Inundation': 0, 'Hydrology': 0, 'Silt': 0, 'Siltation': 0, 'Bund': 0, 'Trench': 0, 'Breach': 0, 'Culvert': 1, 'Sluice': 0, 'Dyke': 0, 'Storm water drain': 0, 'Emergency': 0, 'Immediate': 0, 'IM': 0, 'AE': 0, 'A E': 0, 'AAPDA MITRA': 0}","{'Floodlight': 0, 'Flood Light': 0, 'GAS': 0, 'FIFA': 0, 'pipe': 0, 'pipes': 0, 'covid': 0}",Pre-Monsoon,,False,True,Immediate Measures,{'package': 1}
2026_DoWR_49972_1,DHEMAJI/2025-26/PDNA/WORK/III,Restoration of damaged section of Silley Right Bank Embankment from Ch. 0 m to 3500 m and from Ch. 4600m to 8100 m during the flood of 2022.,Restoration of damaged section of Silley Right Bank Embankment from Ch. 0 m to 3500 m and from Ch. 4600m to 8100 m during the flood of 2022.,Works,Open Tender,Works,Civil Works,No,No,NA ,06-Jan-2026 09:00 AM,NA ,180.0,No ,No,Online,16-Jan-2026 03:00 PM,Department of Water Resources||Chief Engineer - DoWR,DHEMAJI,787057.0,2.0,"5,34,82,537",SRINATH BUILDERS & HOUSING CO. PVT LTD.,"53,474,634",Accepted-AOC,20-Mar-2026,Department of Water Resources||Chief Engineer - DoWR,True,"{'Flood': 2, 'Embankment': 2, 'embkt': 0, 'Relief': 0, 'Erosion': 0, 'SDRF': 0, 'Inundation': 0, 'Hydrology': 0, 'Silt': 0, 'Siltation': 0, 'Bund': 0, 'Trench': 0, 'Breach': 0, 'Culvert': 0, 'Sluice': 0, 'Dyke': 0, 'Storm water drain': 0, 'Emergency': 0, 'Immediate': 0, 'IM': 0, 'AE': 0, 'A E': 0, 'AAPDA MITRA': 0}","{'Floodlight': 0, 'Flood Light': 0, 'GAS': 0, 'FIFA': 0, 'pipe': 0, 'pipes': 0, 'covid': 0}",Pre-Monsoon,,False,True,Repair and Restoration,{'restoration': 2}
2026_PWD_50261_1,BDTRD/NDRF/PDNA/25-26/04,Recovery and Reconstruction of Balijan Kachari to Singri via Natun Jamuguri Road (Culvert No- 2/1) under NDRF (PDNA-2022) for the year 2025-26,Recovery and Reconstruction of Balijan Kachari to Singri via Natun Jamuguri Road (Culvert No- 2/1) under NDRF (PDNA-2022) for the year 2025-26,Works,Open Tender,Item Rate,Civil Works,No,No,NA ,16-Jan-2026 02:00 PM,NA ,180.0,No ,No,Online,28-Jan-2026 02:00 PM,Public Works Roads Department,Dhekiajuli,784110.0,2.0,"23,80,000",M/s Sujashree Enterprise,"2,379,939",Accepted-AOC,10-Mar-2026,Public Works Roads Department,True,"{'Flood': 0, 'Embankment': 0, 'embkt': 0, 'Relief': 0, 'Erosion': 0, 'SDRF': 0, 'Inundation': 0, 'Hydrology': 0, 'Silt': 0, 'Siltation': 0, 'Bund': 0, 'Trench': 0, 'Breach': 0, 'Culvert': 2, 'Sluice': 0, 'Dyke': 0, 'Storm water drain': 0, 'Emergency': 0, 'Immediate': 0, 'IM': 0, 'AE': 0, 'A E': 0, 'AAPDA MITRA': 0}","{'Floodlight': 0, 'Flood Light': 0, 'GAS': 0, 'FIFA': 0, 'pipe': 0, 'pipes': 0, 'covid': 0}",Pre-Monsoon,,False,True,Repair and Restoration,{'reconstruction': 2}
2025_PWD_45827_4,CE/MAINT/SOPDG/01/2025-26/02,MAINT/SOPD-G/2025-26/14,MAINT/SOPD-G/2025-26/14_Reconstruction of road from Bhandara-3 to NH-31 (Shilghagri) road along with RCC Box Cell Culvert under Mukhya Mantirir Path Nabikaran Aachani (MMPNA) under SOPD_G for the year 2025_26,Works,Open Tender,Item Rate,Civil Works – Roads,No,No,NA ,22-Jul-2025 12:00 PM,24-Jul-2025 12:00 PM ,180.0,No ,No,Online,14-Aug-2025 11:00 AM,Public Works Roads Department,Bongaigaon,783380.0,2.0,"58,08,000",NEWTECH GROUP OF CONSTRUCTION,"5,804,011",Accepted-AOC,12-Mar-2026,Public Works Roads Department,True,"{'Flood': 0, 'Embankment': 0, 'embkt': 0, 'Relief': 0, 'Erosion': 0, 'SDRF': 0, 'Inundation': 0, 'Hydrology': 0, 'Silt': 0, 'Siltation': 0, 'Bund': 0, 'Trench': 0, 'Breach': 0, 'Culvert': 1, 'Sluice': 0, 'Dyke': 0, 'Storm water drain': 0, 'Emergency': 0, 'Immediate': 0, 'IM': 0, 'AE': 0, 'A E': 0, 'AAPDA MITRA': 0}","{'Floodlight': 0, 'Flood Light': 0, 'GAS': 0, 'FIFA': 0, 'pipe': 0, 'pipes': 0, 'covid': 0}",Monsoon,SOPD,False,True,Repair and Restoration,{'reconstruction': 1}
2025_DoWR_49533_1,BAKSA/2025-26/PDNA/SUPPLY/I,Restoration of damaged embankment of river Pagladia and Morapagladia during the flood of 2022 (Procurement of supply materials).,Restoration of damaged embankment of river Pagladia and Morapagladia during the flood of 2022 (Procurement of supply materials).,Goods,Open Tender,Supply,Supply of Materials,No,No,NA ,20-Dec-2025 06:55 PM,NA ,180.0,No ,No,Online,02-Jan-2026 03:00 PM,Department of Water Resources||Chief Engineer - DoWR,BAKSA,781367.0,2.0,"3,34,87,196",SMILE NONWOVENS PVT. LTD.,"33,480,266.4",Accepted-AOC,26-Mar-2026,Department of Water Resources||Chief Engineer - DoWR,True,"{'Flood': 2, 'Embankment': 2, 'embkt': 0, 'Relief': 0, 'Erosion': 0, 'SDRF': 0, 'Inundation': 0, 'Hydrology': 0, 'Silt': 0, 'Siltation': 0, 'Bund': 0, 'Trench': 0, 'Breach': 0, 'Culvert': 0, 'Sluice': 0, 'Dyke': 0, 'Storm water drain': 0, 'Emergency': 0, 'Immediate': 0, 'IM': 0, 'AE': 0, 'A E': 0, 'AAPDA MITRA': 0}","{'Floodlight': 0, 'Flood Light': 0, 'GAS': 0, 'FIFA': 0, 'pipe': 0, 'pipes': 0, 'covid': 0}",Post-Monsoon,,False,True,Repair and Restoration,{'restoration': 2}
2026_BoTC_50028_9,SE(R/B)/20-21/Pt-III/15,Package No.202_9,Recovery and Restoration of Hahaini village on Alikash No.1 to Phutkubari road by providing 8m Slab culvert under PWD Tangla RR Sub-Division under NDRF (PDNA-2022) in Udalguri District for the year 2025-26.,Works,Open Tender,Item Rate,Civil Works – Roads,No,No,NA ,07-Jan-2026 04:00 PM,NA ,180.0,No ,No,Online,27-Jan-2026 01:30 PM,Bodoland Territorial Council||PWD-BTC,Udalguri dist,784509.0,2.0,"30,00,000",KHAULA DAIMARI,"2,997,904",Accepted-AOC,13-Mar-2026,Bodoland Territorial Council||PWD-BTC,True,"{'Flood': 0, 'Embankment': 0, 'embkt': 0, 'Relief': 0, 'Erosion': 0, 'SDRF': 0, 'Inundation': 0, 'Hydrology': 0, 'Silt': 0, 'Siltation': 0, 'Bund': 0, 'Trench': 0, 'Breach': 0, 'Culvert': 1, 'Sluice': 0, 'Dyke': 0, 'Storm water drain': 0, 'Emergency': 0, 'Immediate': 0, 'IM': 0, 'AE': 0, 'A E': 0, 'AAPDA MITRA': 0}","{'Floodlight': 0, 'Flood Light': 0, 'GAS': 0, 'FIFA': 0, 'pipe': 0, 'pipes': 0, 'covid': 0}",Pre-Monsoon,,False,True,Repair and Restoration,{'restoration': 1}
2025_DoWR_49549_1,DARRANG/2025-26/PDNA/SUPPLY/I,"Restoration of R/B embankment of Noanadi river from Garubandha to Borkumarpara and L/B from Bezpara to Kamarpara village. (Procurement of Geo-Tube, Geo-bag type A, Geo-fabric sheet and PSC Porcupine). Package 1","Restoration of R/B embankment of Noanadi river from Garubandha to Borkumarpara and L/B from Bezpara to Kamarpara village. (Procurement of Geo-Tube, Geo-bag type A, Geo-fabric sheet and PSC Porcupine). Package 1",Goods,Open Tender,Supply,Supply of Materials,No,No,NA ,22-Dec-2025 09:00 AM,NA ,180.0,No ,No,Online,05-Jan-2026 03:00 PM,Department of Water Resources||Chief Engineer - DoWR,DARRANG,784145.0,2.0,"8,23,68,643",SMILE NONWOVENS PVT. LTD.,"82,358,383.28",Accepted-AOC,07-Mar-2026,Department of Water Resources||Chief Engineer - DoWR,True,"{'Flood': 0, 'Embankment': 2, 'embkt': 0, 'Relief': 0, 'Erosion': 0, 'SDRF': 0, 'Inundation': 0, 'Hydrology': 0, 'Silt': 0, 'Siltation': 0, 'Bund': 0, 'Trench': 0, 'Breach': 0, 'Culvert': 0, 'Sluice': 0, 'Dyke': 0, 'Storm water drain': 0, 'Emergency': 0, 'Immediate': 0, 'IM': 0, 'AE': 0, 'A E': 0, 'AAPDA MITRA': 0}","{'Floodlight': 0, 'Flood Light': 0, 'GAS': 0, 'FIFA': 0, 'pipe': 0, 'pipes': 0, 'covid': 0}",Post-Monsoon,,False,True,Repair and Restoration,{'restoration': 2}
2026_DoWR_49970_1,DHEMAJI/2025-26/PDNA/WORK/I,Restoration of damaged section of Kumatiya Left Bank Embankment from Ch. 10700 m to 11825 m during the flood of 2022.,Restoration of damaged section of Kumatiya Left Bank Embankment from Ch. 10700 m to 11825 m during the flood of 2022.,Works,Open Tender,Works,Civil Works,No,No,NA ,06-Jan-2026 09:00 AM,NA ,180.0,No ,No,Online,16-Jan-2026 03:00 PM,Department of Water Resources||Chief Engineer - DoWR,DHEMAJI,787057.0,2.0,"86,44,889",PRADIP GOGOI,"8,644,888.38",Accepted-AOC,20-Mar-2026,Department of Water Resources||Chief Engineer - DoWR,True,"{'Flood': 2, 'Embankment': 2, 'embkt': 0, 'Relief': 0, 'Erosion': 0, 'SDRF': 0, 'Inundation': 0, 'Hydrology': 0, 'Silt': 0, 'Siltation': 0, 'Bund': 0, 'Trench': 0, 'Breach': 0, 'Culvert': 0, 'Sluice': 0, 'Dyke': 0, 'Storm water drain': 0, 'Emergency': 0, 'Immediate': 0, 'IM': 0, 'AE': 0, 'A E': 0, 'AAPDA MITRA': 0}","{'Floodlight': 0, 'Flood Light': 0, 'GAS': 0, 'FIFA': 0, 'pipe': 0, 'pipes': 0, 'covid': 0}",Pre-Monsoon,,False,True,Repair and Restoration,{'restoration': 2}
2025_PWD_44769_2,CE/DEV/TB/235/2024-25/31 Dated 03-06-2025,SOPD_G_24_25_42 Construction of Road Cum Embankment on Left Bank of Dikrong River (NH-15 at Bahanibari to Sissapathar Bridge Approach) (Part -3. from Ch. 15140.00 to 18400.00m) including approach roads under SOPD-G for the year 2024-25,SOPD_G_24_25_42 Construction of Road Cum Embankment on Left Bank of Dikrong River (NH-15 at Bahanibari to Sissapathar Bridge Approach) (Part -3. from Ch. 15140.00 to 18400.00m) including approach roads under SOPD-G for the year 2024-25,Works,Open Tender,Item Rate,Civil Works – Roads,No,No,NA ,06-Jun-2025 02:00 PM,16-Jun-2025 12:00 PM ,180.0,No ,No,Online,27-Jun-2025 02:30 PM,Public Works Roads Department,Lakhimpur,787001.0,2.0,"5,15,60,000",DEEPAK CHETRY,"45,372,800",Accepted-AOC,31-Mar-2026,Public Works Roads Department,True,"{'Flood': 0, 'Embankment': 2, 'embkt': 0, 'Relief': 0, 'Erosion': 0, 'SDRF': 0, 'Inundation': 0, 'Hydrology': 0, 'Silt': 0, 'Siltation': 0, 'Bund': 0, 'Trench': 0, 'Breach': 0, 'Culvert': 0, 'Sluice': 0, 'Dyke': 0, 'Storm water drain': 0, 'Emergency': 0, 'Immediate': 0, 'IM': 0, 'AE': 0, 'A E': 0, 'AAPDA MITRA': 0}","{'Floodlight': 0, 'Flood Light': 0, 'GAS': 0, 'FIFA': 0, 'pipe': 0, 'pipes': 0, 'covid': 0}",Monsoon,SOPD,False,True,Others,
2025_PWD_47172_3,CE/STBR/SOPD G/NIT/07/2025-26/16 Dated 18-08-2025,"STBR/SOPD-G/ Diphu-02/03 Construction of road from (i) Chapong to Upper Chapong Irrigation Sluice Gate. (L 0.73 Km) under Mukhya Mantrir Pakipath Nirman Achani under SOPD-G for the year 2025-26, (ii) Construction of road from Johoi Terang Gaon to S","STBR/SOPD-G/ Diphu-02/03 Construction of road from (i) Chapong to Upper Chapong Irrigation Sluice Gate. (L 0.73 Km) under Mukhya Mantrir Pakipath Nirman Achani under SOPD-G for the year 2025-26, (ii) Construction of road from Johoi Terang Gaon to S",Works,Open Tender,Item Rate,Civil Works – Roads,No,No,NA ,03-Sep-2025 09:00 AM,08-Sep-2025 11:00 AM ,180.0,No ,No,Online,19-Sep-2025 11:00 AM,Public Works Roads Department,Diphu,782460.0,2.0,"2,71,00,000",Sampri Bey,"27,100,000",Accepted-AOC,02-Mar-2026,Public Works Roads Department,True,"{'Flood': 0, 'Embankment': 0, 'embkt': 0, 'Relief': 0, 'Erosion': 0, 'SDRF': 0, 'Inundation': 0, 'Hydrology': 0, 'Silt': 0, 'Siltation': 0, 'Bund': 0, 'Trench': 0, 'Breach': 0, 'Culvert': 0, 'Sluice': 2, 'Dyke': 0, 'Storm water drain': 0, 'Emergency': 0, 'Immediate': 0, 'IM': 0, 'AE': 0, 'A E': 0, 'AAPDA MITRA': 0}","{'Floodlight': 0, 'Flood Light': 0, 'GAS': 0, 'FIFA': 0, 'pipe': 0, 'pipes': 0, 'covid': 0}",Monsoon,SOPD,False,True,Others,
2026_BoTC_50028_8,SE(R/B)/20-21/Pt-III/15,Package No.202_8,Recovery and Restoration of Khokhabasti Kathalguri road (Construction of 4mx4mx2 cell box culvert) under PWD Tangla RR Sub-Division under NDRF (PDNA-2022) in Udalguri District for the year 2025-26.,Works,Open Tender,Item Rate,Civil Works – Roads,No,No,NA ,07-Jan-2026 03:00 PM,NA ,180.0,No ,No,Online,27-Jan-2026 01:30 PM,Bodoland Territorial Council||PWD-BTC,Udalguri dist,784509.0,2.0,"25,73,818",KHAULA DAIMARI,"2,566,849",Accepted-AOC,13-Mar-2026,Bodoland Territorial Council||PWD-BTC,True,"{'Flood': 0, 'Embankment': 0, 'embkt': 0, 'Relief': 0, 'Erosion': 0, 'SDRF': 0, 'Inundation': 0, 'Hydrology': 0, 'Silt': 0, 'Siltation': 0, 'Bund': 0, 'Trench': 0, 'Breach': 0, 'Culvert': 1, 'Sluice': 0, 'Dyke': 0, 'Storm water drain': 0, 'Emergency': 0, 'Immediate': 0, 'IM': 0, 'AE': 0, 'A E': 0, 'AAPDA MITRA': 0}","{'Floodlight': 0, 'Flood Light': 0, 'GAS': 0, 'FIFA': 0, 'pipe': 0, 'pipes': 0, 'covid': 0}",Pre-Monsoon,,False,True,Repair and Restoration,{'restoration': 1}
2025_PWD_49682_11,CE/DEV/TB/60/2025-26/62 Dtd- 23.12.2025,MMPPNA_RIDF_XXXI_25_26_484 Improvement of Road from (1) Sissiborgaon-Sumoni road to Sissiborgaon Amguri raod Via Chakamara and Borchuk (2) NH-15 at Moridhal to Borachira including RCC Box Culvert at Juktali Tiniali to Bhutarbari Road and Kanibil Naga,MMPPNA_RIDF_XXXI_25_26_484 Improvement of Road from (1) Sissiborgaon-Sumoni road to Sissiborgaon Amguri raod Via Chakamara and Borchuk (2) NH-15 at Moridhal to Borachira including RCC Box Culvert at Juktali Tiniali to Bhutarbari Road and Kanibil Naga,Works,Open Tender,Item Rate,Civil Works – Roads,No,No,NA ,27-Dec-2025 09:00 AM,29-Dec-2025 02:30 PM ,180.0,No ,No,Online,05-Jan-2026 02:30 PM,Public Works Roads Department,Sissiborgaon,787110.0,2.0,"2,26,75,000",Prafulla Hazarika,"22,675,000",Accepted-AOC,02-Mar-2026,Public Works Roads Department,True,"{'Flood': 0, 'Embankment': 0, 'embkt': 0, 'Relief': 0, 'Erosion': 0, 'SDRF': 0, 'Inundation': 0, 'Hydrology': 0, 'Silt': 0, 'Siltation': 0, 'Bund': 0, 'Trench': 0, 'Breach': 0, 'Culvert': 2, 'Sluice': 0, 'Dyke': 0, 'Storm water drain': 0, 'Emergency': 0, 'Immediate': 0, 'IM': 0, 'AE': 0, 'A E': 0, 'AAPDA MITRA': 0}","{'Floodlight': 0, 'Flood Light': 0, 'GAS': 0, 'FIFA': 0, 'pipe': 0, 'pipes': 0, 'covid': 0}",Post-Monsoon,RIDF,False,True,Repair and Restoration,{'improvement': 2}
2025_PWD_45926_149,CE/DEV/TB/60/2025-26/06 Dtd- 14.07.2025,MMPPNA_RIDF_XXXI_25_26_334 Construction of (1) Chamuapara Village App Road via Dakhin Kalitapara Krishna Mandir and (2) KachariJhar LP school to Brahmaputra River Embankment via Debananda Mothoni Khola Road at Hazarikapara (L 2.470 Km)under Mukhya Ma,MMPPNA_RIDF_XXXI_25_26_334 Construction of (1) Chamuapara Village App Road via Dakhin Kalitapara Krishna Mandir and (2) KachariJhar LP school to Brahmaputra River Embankment via Debananda Mothoni Khola Road at Hazarikapara (L 2.470 Km)under Mukhya Ma,Works,Open Tender,Item Rate,Civil Works – Roads,No,No,NA ,01-Aug-2025 06:00 PM,04-Aug-2025 12:00 PM ,180.0,No ,No,Online,14-Aug-2025 02:30 PM,Public Works Roads Department,Sipajhar,784145.0,2.0,"2,18,91,000",narayan Deka,"21,886,000",Accepted-AOC,16-Mar-2026,Public Works Roads Department,True,"{'Flood': 0, 'Embankment': 2, 'embkt': 0, 'Relief': 0, 'Erosion': 0, 'SDRF': 0, 'Inundation': 0, 'Hydrology': 0, 'Silt': 0, 'Siltation': 0, 'Bund': 0, 'Trench': 0, 'Breach': 0, 'Culvert': 0, 'Sluice': 0, 'Dyke': 0, 'Storm water drain': 0, 'Emergency': 0, 'Immediate': 0, 'IM': 0, 'AE': 0, 'A E': 0, 'AAPDA MITRA': 0}","{'Floodlight': 0, 'Flood Light': 0, 'GAS': 0, 'FIFA': 0, 'pipe': 0, 'pipes': 0, 'covid': 0}",Monsoon,RIDF,False,True,Others,
2026_BoTC_50028_7,SE(R/B)/20-21/Pt-III/15,Package No.202_7,"Recovery and Re-construction of Road and Embankment at Jhargaon Chowk to Khathorbari road at Habigaon under PWD Udalguri Rural Road Sub-Division, Udalguri under NDRF(PDNA-2022) in Udalguri District for the year 2025-26.",Works,Open Tender,Item Rate,Civil Works – Roads,No,No,NA ,07-Jan-2026 03:00 PM,NA ,180.0,No ,No,Online,27-Jan-2026 01:30 PM,Bodoland Territorial Council||PWD-BTC,Udalguri dist,784509.0,2.0,"22,88,000",MEERA DAIMARI,"2,285,882",Accepted-AOC,11-Mar-2026,Bodoland Territorial Council||PWD-BTC,True,"{'Flood': 0, 'Embankment': 1, 'embkt': 0, 'Relief': 0, 'Erosion': 0, 'SDRF': 0, 'Inundation': 0, 'Hydrology': 0, 'Silt': 0, 'Siltation': 0, 'Bund': 0, 'Trench': 0, 'Breach': 0, 'Culvert': 0, 'Sluice': 0, 'Dyke': 0, 'Storm water drain': 0, 'Emergency': 0, 'Immediate': 0, 'IM': 0, 'AE': 0, 'A E': 0, 'AAPDA MITRA': 0}","{'Floodlight': 0, 'Flood Light': 0, 'GAS': 0, 'FIFA': 0, 'pipe': 0, 'pipes': 0, 'covid': 0}",Pre-Monsoon,,False,True,Immediate Measures,{'package': 1}
2025_PWD_45820_18,CE/STBR/SOPD-G/NIT/07/2025 26/1 Dated 26-06-2025,"STBR/SOPD-G/Dhekiajuli-03/115 Construction of RCC Box culvert at (1) Bhotpara To Sopai TE. ( Culvert No. 13/1, 3cell, 3mx3m ) (2) at Doomdooma HS School to Bhoiraguri Pathar, (3cell, 3mx3m) (3) at Mazgaonpathar to Posabasti via Dipabasti (Culver","STBR/SOPD-G/Dhekiajuli-03/115 Construction of RCC Box culvert at (1) Bhotpara To Sopai TE. ( Culvert No. 13/1, 3cell, 3mx3m ) (2) at Doomdooma HS School to Bhoiraguri Pathar, (3cell, 3mx3m) (3) at Mazgaonpathar to Posabasti via Dipabasti (Culver",Works,Open Tender,Item Rate,Civil Works – Roads,No,No,NA ,22-Jul-2025 04:00 PM,30-Jul-2025 11:00 AM ,180.0,No ,No,Online,11-Aug-2025 11:00 AM,Public Works Roads Department,Dhekiajuli,784110.0,2.0,"2,08,75,000",DEEPAK KUMAR BUCHA,"20,874,998",Accepted-AOC,06-Mar-2026,Public Works Roads Department,True,"{'Flood': 0, 'Embankment': 0, 'embkt': 0, 'Relief': 0, 'Erosion': 0, 'SDRF': 0, 'Inundation': 0, 'Hydrology': 0, 'Silt': 0, 'Siltation': 0, 'Bund': 0, 'Trench': 0, 'Breach': 0, 'Culvert': 4, 'Sluice': 0, 'Dyke': 0, 'Storm water drain': 0, 'Emergency': 0, 'Immediate': 0, 'IM': 0, 'AE': 0, 'A E': 0, 'AAPDA MITRA': 0}","{'Floodlight': 0, 'Flood Light': 0, 'GAS': 0, 'FIFA': 0, 'pipe': 0, 'pipes': 0, 'covid': 0}",Monsoon,SOPD,False,True,Others,
2026_BoTC_50028_2,SE(R/B)/20-21/Pt-III/15,Package No.202_2,"Recovery and Re-construction of 6.00 M span RCC Slab Culvert at Sandyabari to Harisinga Road under PWD Udalguri Rural Road Sub-Division, Udalguri under NDRF(PDNA-2022) in Udalguri District for the year 2025-26.",Works,Open Tender,Item Rate,Civil Works – Roads,No,No,NA ,07-Jan-2026 02:00 PM,NA ,180.0,No ,No,Online,27-Jan-2026 01:30 PM,Bodoland Territorial Council||PWD-BTC,Udalguri dist,784509.0,2.0,"33,55,000",BHABA DEV MAHANTA,"3,353,999",Accepted-AOC,13-Mar-2026,Bodoland Territorial Council||PWD-BTC,True,"{'Flood': 0, 'Embankment': 0, 'embkt': 0, 'Relief': 0, 'Erosion': 0, 'SDRF': 0, 'Inundation': 0, 'Hydrology': 0, 'Silt': 0, 'Siltation': 0, 'Bund': 0, 'Trench': 0, 'Breach': 0, 'Culvert': 1, 'Sluice': 0, 'Dyke': 0, 'Storm water drain': 0, 'Emergency': 0, 'Immediate': 0, 'IM': 0, 'AE': 0, 'A E': 0, 'AAPDA MITRA': 0}","{'Floodlight': 0, 'Flood Light': 0, 'GAS': 0, 'FIFA': 0, 'pipe': 0, 'pipes': 0, 'covid': 0}",Pre-Monsoon,,False,True,Immediate Measures,{'package': 1}
2025_DoWR_48008_1,DIBRUGARH/2025-26/NDMF/I,"Flood Management by Capacity Augmentation of Maijan Wetland Upstream of Dibrugarh Town, Package 1.","Flood Management by Capacity Augmentation of Maijan Wetland Upstream of Dibrugarh Town, Package 1.",Works,Open Tender,Works,Civil Works,No,No,NA ,13-Oct-2025 06:55 PM,NA ,180.0,No ,No,Online,03-Nov-2025 03:00 PM,Department of Water Resources||Chief Engineer - DoWR,Dibrugarh,786001.0,2.0,"24,68,16,198",ABHIJIT PATOWARY,"246,368,230.59",Accepted-AOC,31-Jan-2026,Department of Water Resources||Chief Engineer - DoWR,True,"{'Flood': 2, 'Embankment': 0, 'embkt': 0, 'Relief': 0, 'Erosion': 0, 'SDRF': 0, 'Inundation': 0, 'Hydrology': 0, 'Silt': 0, 'Siltation': 0, 'Bund': 0, 'Trench': 0, 'Breach': 0, 'Culvert': 0, 'Sluice': 0, 'Dyke': 0, 'Storm water drain': 0, 'Emergency': 0, 'Immediate': 0, 'IM': 0, 'AE': 0, 'A E': 0, 'AAPDA MITRA': 0}","{'Floodlight': 0, 'Flood Light': 0, 'GAS': 0, 'FIFA': 0, 'pipe': 0, 'pipes': 0, 'covid': 0}",Monsoon,,False,False,Immediate Measures,{'package': 2}
2026_ID_50853_1,"SEDC/IRRIG/T-6/2024/25, Date-05.02.2026",Erosion mitigation Gauripur ELIS (Jamduar Pt) under SDMF for the year 2023-24,Erosion mitigation Gauripur ELIS (Jamduar Pt) under SDMF for the year 2023-24,Works,Open Tender,Item Rate,Civil Works - Others,No,No,NA ,06-Feb-2026 02:00 PM,12-Feb-2026 02:00 PM ,180.0,No ,No,Online,02-Mar-2026 02:30 PM,Irrigation Department||Chief Engineer(Major)-Irrigation Dept||Dhrubri Circle,Jamduar,783348.0,2.0,"31,21,884",PANKAJ SARMA,"3,121,872",Accepted-AOC,12-Mar-2026,Irrigation Department||Chief Engineer(Major)-Irrigation Dept||Dhrubri Circle,True,"{'Flood': 0, 'Embankment': 0, 'embkt': 0, 'Relief': 0, 'Erosion': 2, 'SDRF': 0, 'Inundation': 0, 'Hydrology': 0, 'Silt': 0, 'Siltation': 0, 'Bund': 0, 'Trench': 0, 'Breach': 0, 'Culvert': 0, 'Sluice': 0, 'Dyke': 0, 'Storm water drain': 0, 'Emergency': 0, 'Immediate': 0, 'IM': 0, 'AE': 0, 'A E': 0, 'AAPDA MITRA': 0}","{'Floodlight': 0, 'Flood Light': 0, 'GAS': 0, 'FIFA': 0, 'pipe': 0, 'pipes': 0, 'covid': 0}",Pre-Monsoon,,True,False,Others,
2026_BoTC_50028_1,SE(R/B)/20-21/Pt-III/15,Package No.202_1,"Recovery and Re-construction of 4.00 M span RCC Slab Culvert at Kathorbari Road under PWD Udalguri Rural Road Sub-Division, Udalguri under NDRF(PDNA-2022) in Udalguri District for the year 2025-26.",Works,Open Tender,Item Rate,Civil Works – Roads,No,No,NA ,07-Jan-2026 02:00 PM,NA ,180.0,No ,No,Online,27-Jan-2026 01:30 PM,Bodoland Territorial Council||PWD-BTC,Udalguri dist,784509.0,2.0,"23,50,919",BIMAL BORGOYARI,"2,348,635",Accepted-AOC,13-Mar-2026,Bodoland Territorial Council||PWD-BTC,True,"{'Flood': 0, 'Embankment': 0, 'embkt': 0, 'Relief': 0, 'Erosion': 0, 'SDRF': 0, 'Inundation': 0, 'Hydrology': 0, 'Silt': 0, 'Siltation': 0, 'Bund': 0, 'Trench': 0, 'Breach': 0, 'Culvert': 1, 'Sluice': 0, 'Dyke': 0, 'Storm water drain': 0, 'Emergency': 0, 'Immediate': 0, 'IM': 0, 'AE': 0, 'A E': 0, 'AAPDA MITRA': 0}","{'Floodlight': 0, 'Flood Light': 0, 'GAS': 0, 'FIFA': 0, 'pipe': 0, 'pipes': 0, 'covid': 0}",Pre-Monsoon,,False,True,Immediate Measures,{'package': 1}
2025_DoWR_49647_1,DHEMAJI/2025-26/PDNA/SUPPLY/I,Restoration of Flood damaged section of different embankment ( Procurement of Geo Tube ).,Restoration of Flood damaged section of different embankment ( Procurement of Geo Tube ).,Goods,Open Tender,Supply,Supply of Materials,No,No,NA ,26-Dec-2025 09:00 AM,NA ,180.0,No ,No,Online,07-Jan-2026 03:00 PM,Department of Water Resources||Chief Engineer - DoWR,DHEMAJI,787057.0,2.0,"2,94,55,183",SMILE NONWOVENS PVT. LTD.,"29,447,214",Accepted-AOC,10-Mar-2026,Department of Water Resources||Chief Engineer - DoWR,True,"{'Flood': 2, 'Embankment': 2, 'embkt': 0, 'Relief': 0, 'Erosion': 0, 'SDRF': 0, 'Inundation': 0, 'Hydrology': 0, 'Silt': 0, 'Siltation': 0, 'Bund': 0, 'Trench': 0, 'Breach': 0, 'Culvert': 0, 'Sluice': 0, 'Dyke': 0, 'Storm water drain': 0, 'Emergency': 0, 'Immediate': 0, 'IM': 0, 'AE': 0, 'A E': 0, 'AAPDA MITRA': 0}","{'Floodlight': 0, 'Flood Light': 0, 'GAS': 0, 'FIFA': 0, 'pipe': 0, 'pipes': 0, 'covid': 0}",Post-Monsoon,,False,True,Repair and Restoration,{'restoration': 2}
2026_PWD_50310_1,EE/LKH/ NDRF (PDNA 2022)/2025-26/10,Recovery and Re-construction of Bordol to Salhana LP School road under NDRF (PDNA 2022) for the year 2025-26 (Protection of Existing damaged embankment with Geo Bags and earthwork in Stretches) of Goalpara District (13-Goalpara West) Package No EE/LK,Recovery and Re-construction of Bordol to Salhana LP School road under NDRF (PDNA 2022) for the year 2025-26 (Protection of Existing damaged embankment with Geo Bags and earthwork in Stretches) of Goalpara District (13-Goalpara West) Package No EE/LK,Works,Open Tender,Item Rate,Civil Works – Roads,No,No,NA ,17-Jan-2026 04:00 PM,NA ,180.0,No ,No,Online,02-Feb-2026 02:00 PM,Public Works Roads Department,Lakhipur Goalpara,783129.0,2.0,"20,99,646",Dark Knight Consultancy & Research,"1,616,723.63",Accepted-AOC,15-Mar-2026,Public Works Roads Department,True,"{'Flood': 0, 'Embankment': 2, 'embkt': 0, 'Relief': 0, 'Erosion': 0, 'SDRF': 0, 'Inundation': 0, 'Hydrology': 0, 'Silt': 0, 'Siltation': 0, 'Bund': 0, 'Trench': 0, 'Breach': 0, 'Culvert': 0, 'Sluice': 0, 'Dyke': 0, 'Storm water drain': 0, 'Emergency': 0, 'Immediate': 0, 'IM': 0, 'AE': 0, 'A E': 0, 'AAPDA MITRA': 0}","{'Floodlight': 0, 'Flood Light': 0, 'GAS': 0, 'FIFA': 0, 'pipe': 0, 'pipes': 0, 'covid': 0}",Pre-Monsoon,,False,True,Immediate Measures,{'package': 2}
2025_BoTC_48964_8,ACE/CHDI/10/2025/18 dated 01/12/2025,Construction of Guide Bund and Afflux Bund at Muthra FIS under PMKSY (HKKP) for the year 2021-2022,Construction of Guide Bund and Afflux Bund at Muthra FIS under PMKSY (HKKP) for the year 2021-2022,Works,Open Tender,Works,Civil Works,No,No,NA ,02-Dec-2025 04:00 PM,08-Dec-2025 02:00 PM ,180.0,No ,No,Online,24-Dec-2025 11:00 AM,Bodoland Territorial Council||Irrigation-BTC,Suklai,781366.0,2.0,"55,15,543",DIKHITA CONSTRUCTION PRIVATE LIMITED JV,"4,963,988.7",Accepted-AOC,14-Mar-2026,Bodoland Territorial Council||Irrigation-BTC,True,"{'Flood': 0, 'Embankment': 0, 'embkt': 0, 'Relief': 0, 'Erosion': 0, 'SDRF': 0, 'Inundation': 0, 'Hydrology': 0, 'Silt': 0, 'Siltation': 0, 'Bund': 4, 'Trench': 0, 'Breach': 0, 'Culvert': 0, 'Sluice': 0, 'Dyke': 0, 'Storm water drain': 0, 'Emergency': 0, 'Immediate': 0, 'IM': 0, 'AE': 0, 'A E': 0, 'AAPDA MITRA': 0}","{'Floodlight': 0, 'Flood Light': 0, 'GAS': 0, 'FIFA': 0, 'pipe': 0, 'pipes': 0, 'covid': 0}",Post-Monsoon,,False,True,Others,
2025_DoWR_49645_1,DHAKUAKHANA/ 2025-26/PDNA/SUPPLY/I,Restoration of damage embankment from Mohemari Gaon to Bantow Chamuah Pathar areas from the flood devastation of river Korha during 2022-23 on L/B embankment and Restoration of Sampora L/B embankment from Gurathali Chapori to Dhakuakhana PWD Road.,Restoration of damage embankment from Mohemari Gaon to Bantow Chamuah Pathar areas from the flood devastation of river Korha during 2022-23 on L/B embankment and Restoration of Sampora L/B embankment from Gurathali Chapori to Dhakuakhana PWD Road.,Goods,Open Tender,Supply,Supply of Materials,No,No,NA ,26-Dec-2025 09:00 AM,NA ,180.0,No ,No,Online,07-Jan-2026 03:00 PM,Department of Water Resources||Chief Engineer - DoWR,DHAKUAKHANA,787055.0,2.0,"1,71,34,128",SMILE NONWOVENS PVT. LTD.,"17,125,726.52",Accepted-AOC,10-Mar-2026,Department of Water Resources||Chief Engineer - DoWR,True,"{'Flood': 2, 'Embankment': 6, 'embkt': 0, 'Relief': 0, 'Erosion': 0, 'SDRF': 0, 'Inundation': 0, 'Hydrology': 0, 'Silt': 0, 'Siltation': 0, 'Bund': 0, 'Trench': 0, 'Breach': 0, 'Culvert': 0, 'Sluice': 0, 'Dyke': 0, 'Storm water drain': 0, 'Emergency': 0, 'Immediate': 0, 'IM': 0, 'AE': 0, 'A E': 0, 'AAPDA MITRA': 0}","{'Floodlight': 0, 'Flood Light': 0, 'GAS': 0, 'FIFA': 0, 'pipe': 0, 'pipes': 0, 'covid': 0}",Post-Monsoon,,False,True,Repair and Restoration,{'restoration': 4}
2025_SCD_49475_12,Tender/NIT/Pt-I/2025-26/5606,Erosion Protection Work at Gojioli under RIDF-XXXI,Erosion Protection Work at Gojioli under RIDF-XXXI,Works,Open Tender,Item Rate,Civil Works,No,No,NA ,19-Dec-2025 01:00 PM,29-Dec-2025 12:00 PM ,180.0,No ,No,Online,09-Jan-2026 02:00 PM,Soil Conservation Department||Director - SCD,Lakhimpur Soil Conservation Division,787001.0,2.0,"49,76,250",Hemanta Saikia,"4,975,250",Accepted-AOC,13-Mar-2026,Soil Conservation Department||Director - SCD,True,"{'Flood': 0, 'Embankment': 0, 'embkt': 0, 'Relief': 0, 'Erosion': 2, 'SDRF': 0, 'Inundation': 0, 'Hydrology': 0, 'Silt': 0, 'Siltation': 0, 'Bund': 0, 'Trench': 0, 'Breach': 0, 'Culvert': 0, 'Sluice': 0, 'Dyke': 0, 'Storm water drain': 0, 'Emergency': 0, 'Immediate': 0, 'IM': 0, 'AE': 0, 'A E': 0, 'AAPDA MITRA': 0}","{'Floodlight': 0, 'Flood Light': 0, 'GAS': 0, 'FIFA': 0, 'pipe': 0, 'pipes': 0, 'covid': 0}",Post-Monsoon,RIDF,True,False,Others,
2025_DoWR_48444_1,CACHAR/2025-26/DW/I,"Flood Protection measures at Masimpur Military Station, Package 2.","Flood Protection measures at Masimpur Military Station, Package 2.",Works,Open Tender,Works,Civil Works,No,No,NA ,05-Nov-2025 06:55 PM,NA ,180.0,No ,No,Online,01-Dec-2025 03:00 PM,Department of Water Resources||Chief Engineer - DoWR,Cachar,788001.0,2.0,"40,86,40,577",D KUMAR AND COMPANY,"408,623,567.93",Accepted-AOC,12-Mar-2026,Department of Water Resources||Chief Engineer - DoWR,True,"{'Flood': 2, 'Embankment': 0, 'embkt': 0, 'Relief': 0, 'Erosion': 0, 'SDRF': 0, 'Inundation': 0, 'Hydrology': 0, 'Silt': 0, 'Siltation': 0, 'Bund': 0, 'Trench': 0, 'Breach': 0, 'Culvert': 0, 'Sluice': 0, 'Dyke': 0, 'Storm water drain': 0, 'Emergency': 0, 'Immediate': 0, 'IM': 0, 'AE': 0, 'A E': 0, 'AAPDA MITRA': 0}","{'Floodlight': 0, 'Flood Light': 0, 'GAS': 0, 'FIFA': 0, 'pipe': 0, 'pipes': 0, 'covid': 0}",Post-Monsoon,,False,False,Immediate Measures,{'package': 2}
2025_DMEAP_48437_1,IN-ASDMA-522114-CW-RFB,Procurement of Civil Works for new multi-purpose flood shelters at 1 location in Sivasagar District of Assam under Assam Integrated River Basin Management Project AIRBMP,Procurement of Civil Works for new multi-purpose flood shelters at 1 location in Sivasagar District of Assam under Assam Integrated River Basin Management Project AIRBMP,Works,Open Tender,Item Rate,Civil Works - Building,No,No,NA ,06-Nov-2025 03:00 PM,NA ,120.0,No ,No,Online,27-Nov-2025 03:00 PM,Assam State Disaster Management Authority- Externally Aided Project||Assam State Disaster Management Authority- World Bank Funded Tenders||Assam Integrated River Basin Management Programme,Works,781006.0,2.0,"8,10,84,957",M/s KBM Enterprises,"83,484,754",Accepted-AOC,11-Mar-2026,Assam State Disaster Management Authority- Externally Aided Project||Assam State Disaster Management Authority- World Bank Funded Tenders||Assam Integrated River Basin Management Programme,True,"{'Flood': 2, 'Embankment': 0, 'embkt': 0, 'Relief': 0, 'Erosion': 0, 'SDRF': 0, 'Inundation': 0, 'Hydrology': 0, 'Silt': 0, 'Siltation': 0, 'Bund': 0, 'Trench': 0, 'Breach': 0, 'Culvert': 0, 'Sluice': 0, 'Dyke': 0, 'Storm water drain': 0, 'Emergency': 0, 'Immediate': 0, 'IM': 0, 'AE': 0, 'A E': 0, 'AAPDA MITRA': 0}","{'Floodlight': 0, 'Flood Light': 0, 'GAS': 0, 'FIFA': 0, 'pipe': 0, 'pipes': 0, 'covid': 0}",Post-Monsoon,,False,False,Preparedness Measures,{'shelters': 2}
2025_SCD_49475_10,Tender/NIT/Pt-I/2025-26/5606,Excavation of Drainage Chanel alongwith Box Culvert at Ghurajan in Charaideo District under RIDF-XXXI during 2025-26,Excavation of Drainage Chanel alongwith Box Culvert at Ghurajan in Charaideo District under RIDF-XXXI during 2025-26,Works,Open Tender,Item Rate,Civil Works,No,No,NA ,19-Dec-2025 01:00 PM,29-Dec-2025 12:00 PM ,180.0,No ,No,Online,09-Jan-2026 02:00 PM,Soil Conservation Department||Director - SCD,Jorhat Soil Conservation Division,785001.0,2.0,"54,71,500",BABUL KRISHNA HANDIQUE,"4,393,614",Accepted-AOC,14-Mar-2026,Soil Conservation Department||Director - SCD,True,"{'Flood': 0, 'Embankment': 0, 'embkt': 0, 'Relief': 0, 'Erosion': 0, 'SDRF': 0, 'Inundation': 0, 'Hydrology': 0, 'Silt': 0, 'Siltation': 0, 'Bund': 0, 'Trench': 0, 'Breach': 0, 'Culvert': 2, 'Sluice': 0, 'Dyke': 0, 'Storm water drain': 0, 'Emergency': 0, 'Immediate': 0, 'IM': 0, 'AE': 0, 'A E': 0, 'AAPDA MITRA': 0}","{'Floodlight': 0, 'Flood Light': 0, 'GAS': 0, 'FIFA': 0, 'pipe': 0, 'pipes': 0, 'covid': 0}",Post-Monsoon,RIDF,False,True,Others,
2026_PWD_50704_18,GLP/EE(GE_J)/PDNA/2025-26/1969 Dated 30/01/2026,GLP/EE(GE_J)/NDRF(PDNA 2022)/2025 26/18 Recovery and Reconstruction of flood damage on Lakhipur Tulsibari Road (Approach Protection of RCC Br. No. 2/1) under NDRF (PDNA-2022) for the year 2025-26 of Goalpara District (12-Jaleswar LAC),GLP/EE(GE_J)/NDRF(PDNA 2022)/2025 26/18 Recovery and Reconstruction of flood damage on Lakhipur Tulsibari Road (Approach Protection of RCC Br. No. 2/1) under NDRF (PDNA-2022) for the year 2025-26 of Goalpara District (12-Jaleswar LAC),Works,Open Tender,Item Rate,Civil Works – Roads,No,No,NA ,03-Feb-2026 11:00 AM,05-Feb-2026 10:00 AM ,180.0,No ,No,Online,19-Feb-2026 04:00 PM,Public Works Roads Department,Goalpara,783101.0,2.0,"25,50,027",Bahadur Islam,"1,835,500",Accepted-AOC,18-Mar-2026,Public Works Roads Department,True,"{'Flood': 2, 'Embankment': 0, 'embkt': 0, 'Relief': 0, 'Erosion': 0, 'SDRF': 0, 'Inundation': 0, 'Hydrology': 0, 'Silt': 0, 'Siltation': 0, 'Bund': 0, 'Trench': 0, 'Breach': 0, 'Culvert': 0, 'Sluice': 0, 'Dyke': 0, 'Storm water drain': 0, 'Emergency': 0, 'Immediate': 0, 'IM': 0, 'AE': 0, 'A E': 0, 'AAPDA MITRA': 0}","{'Floodlight': 0, 'Flood Light': 0, 'GAS': 0, 'FIFA': 0, 'pipe': 0, 'pipes': 0, 'covid': 0}",Pre-Monsoon,,False,True,Repair and Restoration,{'reconstruction': 2}
2025_PWD_49438_2,CE/DEV/TB/122/2025-26/17 Dated 15-12-2025,BTR_SOPD_G_25_26_17 (1) Improvement of Road from Axom mala road to Fathasimulu along with Construction of RCC Boxcell culvert (2) Improvement of Road from Singlimari to Dhuboguri Road near Axom Mala (3) Repairing of Orang-Silbori Road to Rowmari (4),BTR_SOPD_G_25_26_17 (1) Improvement of Road from Axom mala road to Fathasimulu along with Construction of RCC Boxcell culvert (2) Improvement of Road from Singlimari to Dhuboguri Road near Axom Mala (3) Repairing of Orang-Silbori Road to Rowmari (4),Works,Open Tender,Item Rate,Civil Works – Roads,No,No,NA ,17-Dec-2025 06:00 PM,20-Dec-2025 12:00 PM ,180.0,No ,No,Online,30-Dec-2025 02:30 PM,Public Works Roads Department,Udalguri,784509.0,2.0,"1,84,93,000",ANIMA DAIMARI,"18,492,000",Accepted-AOC,05-Mar-2026,Public Works Roads Department,True,"{'Flood': 0, 'Embankment': 0, 'embkt': 0, 'Relief': 0, 'Erosion': 0, 'SDRF': 0, 'Inundation': 0, 'Hydrology': 0, 'Silt': 0, 'Siltation': 0, 'Bund': 0, 'Trench': 0, 'Breach': 0, 'Culvert': 2, 'Sluice': 0, 'Dyke': 0, 'Storm water drain': 0, 'Emergency': 0, 'Immediate': 0, 'IM': 0, 'AE': 0, 'A E': 0, 'AAPDA MITRA': 0}","{'Floodlight': 0, 'Flood Light': 0, 'GAS': 0, 'FIFA': 0, 'pipe': 0, 'pipes': 0, 'covid': 0}",Post-Monsoon,SOPD,False,True,Repair and Restoration,"{'improvement': 4, 'repairing': 2}"
2025_BoTC_45209_1,DPRD/BTC/15th FC/(IF)/Udl-06/2025/9,Protection of erosion with boulder revetment in Edenbari village under Interest Fund of 15th FC fund for the year of 2025-26.,DPRD/BTC/15th FC/(IF)/Udl-06/2025/9,Works,Open Tender,Item Rate,Civil Works,No,No,NA ,27-Jun-2025 10:30 AM,NA ,180.0,No ,No,Online,15-Jul-2025 02:30 PM,Bodoland Territorial Council||Panchayat and Rural Development-BTC,Udalguri,784509.0,2.0,"20,00,000",ALMA BASUMATARY,"1,999,782",Accepted-AOC,07-Aug-2025,Bodoland Territorial Council||Panchayat and Rural Development-BTC,True,"{'Flood': 0, 'Embankment': 0, 'embkt': 0, 'Relief': 0, 'Erosion': 1, 'SDRF': 0, 'Inundation': 0, 'Hydrology': 0, 'Silt': 0, 'Siltation': 0, 'Bund': 0, 'Trench': 0, 'Breach': 0, 'Culvert': 0, 'Sluice': 0, 'Dyke': 0, 'Storm water drain': 0, 'Emergency': 0, 'Immediate': 0, 'IM': 0, 'AE': 0, 'A E': 0, 'AAPDA MITRA': 0}","{'Floodlight': 0, 'Flood Light': 0, 'GAS': 0, 'FIFA': 0, 'pipe': 0, 'pipes': 0, 'covid': 0}",Monsoon,,True,False,Others,
