DISTRICT,timeperiod,SDRF funding,revenue_ci,are_new,object_id,dtcode11,matches,SDRF_RC
BAKSA,2022_01,1172820.0,Baganpara (Pt),212,18-324-00260,18-324,baksa,167545.7142857143
BAKSA,2022_01,1172820.0,Barnagar (Pt),460,18-324-00231,18-324,baksa,167545.7142857143
BAKSA,2022_01,1172820.0,Ghograpar (Pt),35,18-324-00232,18-324,baksa,167545.7142857143
BAKSA,2022_01,1172820.0,Jalah (Pt),292,18-324-00233,18-324,baksa,167545.7142857143
BAKSA,2022_01,1172820.0,Barama,96,18-324-00234,18-324,baksa,167545.7142857143
BAKSA,2022_01,1172820.0,Baksa,296,18-324-00262,18-324,baksa,167545.7142857143
BAKSA,2022_01,1172820.0,Sarupeta (Pt),135,18-324-00263,18-324,baksa,167545.7142857143
BARPETA,2022_01,5361900.0,Kalgachia,232,18-303-00120,18-303,barpeta,893650.0
BARPETA,2022_01,5361900.0,Baghbor,513,18-303-00121,18-303,barpeta,893650.0
BARPETA,2022_01,5361900.0,Barpeta,316,18-303-00122,18-303,barpeta,893650.0
BARPETA,2022_01,5361900.0,Sarthebari,262,18-303-00123,18-303,barpeta,893650.0
BARPETA,2022_01,5361900.0,Barnagar (Pt),207,18-303-00264,18-303,barpeta,893650.0
BARPETA,2022_01,5361900.0,Chenga,318,18-303-00266,18-303,barpeta,893650.0
BONGAIGAON,2022_01,33321200.0,Bongaigaon(Pt),189,18-319-00198,18-319,bongaigaon,6664240.0
BONGAIGAON,2022_01,33321200.0,Boitamari,297,18-319-00199,18-319,bongaigaon,6664240.0
BONGAIGAON,2022_01,33321200.0,Srijangram,348,18-319-00200,18-319,bongaigaon,6664240.0
BONGAIGAON,2022_01,33321200.0,Sidli (Pt-II),85,18-319-00201,18-319,bongaigaon,6664240.0
BONGAIGAON,2022_01,33321200.0,Manikpur,169,18-319-00202,18-319,bongaigaon,6664240.0
CACHAR,2022_01,8000000.0,Katigora,744,18-316-00184,18-316,cachar,1142857.142857143
CACHAR,2022_01,8000000.0,Silchar,838,18-316-00185,18-316,cachar,1142857.142857143
CACHAR,2022_01,8000000.0,Udarbond,447,18-316-00186,18-316,cachar,1142857.142857143
CACHAR,2022_01,8000000.0,Sonai,1000,18-316-00187,18-316,cachar,1142857.142857143
CACHAR,2022_01,8000000.0,Lakhipur,754,18-316-00188,18-316,cachar,1142857.142857143
CACHAR,2022_01,8000000.0,South Salmara,435,18-758-00256,18-758,cachar,1142857.142857143
CACHAR,2022_01,8000000.0,Mankachar,249,18-758-00257,18-758,cachar,1142857.142857143
CHARAIDEO,2022_01,1495000.0,Mahmora,294,18-755-00248,18-755,charaideo,498333.3333333333
CHARAIDEO,2022_01,1495000.0,Sapekhati,394,18-755-00278,18-755,charaideo,498333.3333333333
CHARAIDEO,2022_01,1495000.0,Sonari,385,18-755-00279,18-755,charaideo,498333.3333333333
DIMA HASAO,2022_01,14732000.0,Umrangso,1460,18-315-00180,18-315,dima hasao,3683000.0
DIMA HASAO,2022_01,14732000.0,Haflong,1024,18-315-00181,18-315,dima hasao,3683000.0
DIMA HASAO,2022_01,14732000.0,Mahur,568,18-315-00182,18-315,dima hasao,3683000.0
DIMA HASAO,2022_01,14732000.0,Maibong,1832,18-315-00183,18-315,dima hasao,3683000.0
GOALPARA,2022_01,32319700.0,Lakhipur,487,18-302-00115,18-302,goalpara,6463940.0
GOALPARA,2022_01,32319700.0,Balijana,541,18-302-00116,18-302,goalpara,6463940.0
GOALPARA,2022_01,32319700.0,Matia,478,18-302-00117,18-302,goalpara,6463940.0
GOALPARA,2022_01,32319700.0,Dudhnai,196,18-302-00118,18-302,goalpara,6463940.0
GOALPARA,2022_01,32319700.0,Rangjuli,277,18-302-00119,18-302,goalpara,6463940.0
KARIMGANJ,2022_01,745000.0,Karimganj,178,18-317-00189,18-317,karimganj,149000.0
KARIMGANJ,2022_01,745000.0,Badarpur,134,18-317-00190,18-317,karimganj,149000.0
KARIMGANJ,2022_01,745000.0,Nilambazar,280,18-317-00191,18-317,karimganj,149000.0
KARIMGANJ,2022_01,745000.0,Patharkandi,672,18-317-00192,18-317,karimganj,149000.0
KARIMGANJ,2022_01,745000.0,RamkrishnaNagar,575,18-317-00193,18-317,karimganj,149000.0
KOKRAJHAR,2022_01,8174000.000000001,Gossaigaon (Pt),1069,18-300-00101,18-300,kokrajhar,1021750.0000000001
KOKRAJHAR,2022_01,8174000.000000001,Bhowraguri,159,18-300-00102,18-300,kokrajhar,1021750.0000000001
KOKRAJHAR,2022_01,8174000.000000001,Dotoma,304,18-300-00103,18-300,kokrajhar,1021750.0000000001
KOKRAJHAR,2022_01,8174000.000000001,Kokrajhar (Pt),990,18-300-00104,18-300,kokrajhar,1021750.0000000001
KOKRAJHAR,2022_01,8174000.000000001,Bagribari (Pt),281,18-300-00105,18-300,kokrajhar,1021750.0000000001
KOKRAJHAR,2022_01,8174000.000000001,Golokganj (Pt),103,18-300-00106,18-300,kokrajhar,1021750.0000000001
KOKRAJHAR,2022_01,8174000.000000001,Dhubri (Pt),124,18-300-00107,18-300,kokrajhar,1021750.0000000001
KOKRAJHAR,2022_01,8174000.000000001,Chapar (Pt),101,18-300-00108,18-300,kokrajhar,1021750.0000000001
LAKHIMPUR,2022_01,11953900.0,Narayanpur,380,18-307-00141,18-307,lakhimpur,1707700.0
LAKHIMPUR,2022_01,11953900.0,Bihpuria,407,18-307-00142,18-307,lakhimpur,1707700.0
LAKHIMPUR,2022_01,11953900.0,Naobaicha,330,18-307-00143,18-307,lakhimpur,1707700.0
LAKHIMPUR,2022_01,11953900.0,Kadam,523,18-307-00144,18-307,lakhimpur,1707700.0
LAKHIMPUR,2022_01,11953900.0,North Lakhimpur,616,18-307-00145,18-307,lakhimpur,1707700.0
LAKHIMPUR,2022_01,11953900.0,Dhakuakhana (Pt-I),462,18-307-00146,18-307,lakhimpur,1707700.0
LAKHIMPUR,2022_01,11953900.0,Subansiri (Pt-I),280,18-307-00147,18-307,lakhimpur,1707700.0
MAJULI,2022_01,22435000.0,Ujani Majuli,322,18-760-00280,18-760,majuli,11217500.0
MAJULI,2022_01,22435000.0,Majuli,648,18-760-00281,18-760,majuli,11217500.0
MORIGAON,2022_01,18964900.0,Bhuragaon,219,18-304-00126,18-304,morigaon,3792980.0
MORIGAON,2022_01,18964900.0,Laharighat,233,18-304-00127,18-304,morigaon,3792980.0
MORIGAON,2022_01,18964900.0,Marigaon,390,18-304-00128,18-304,morigaon,3792980.0
MORIGAON,2022_01,18964900.0,Mikirbheta,184,18-304-00129,18-304,morigaon,3792980.0
MORIGAON,2022_01,18964900.0,Mayong,486,18-304-00271,18-304,morigaon,3792980.0
NALBARI,2022_01,7763000.0,Tihu(Pt),95,18-323-00222,18-323,nalbari,970375.0
NALBARI,2022_01,7763000.0,PachimNalbari,149,18-323-00223,18-323,nalbari,970375.0
NALBARI,2022_01,7763000.0,Barkhetri,371,18-323-00224,18-323,nalbari,970375.0
NALBARI,2022_01,7763000.0,Barbhag,82,18-323-00225,18-323,nalbari,970375.0
NALBARI,2022_01,7763000.0,Nalbari,128,18-323-00226,18-323,nalbari,970375.0
NALBARI,2022_01,7763000.0,Banekuchi,61,18-323-00227,18-323,nalbari,970375.0
NALBARI,2022_01,7763000.0,Ghograpar (Pt),131,18-323-00228,18-323,nalbari,970375.0
NALBARI,2022_01,7763000.0,Baganpara (Pt),19,18-323-00230,18-323,nalbari,970375.0
UDALGURI,2022_01,10983000.0,Dhekiajuli (Pt),41,18-326-00240,18-326,udalguri,1220333.3333333333
UDALGURI,2022_01,10983000.0,Khoirabari (Pt),163,18-326-00241,18-326,udalguri,1220333.3333333333
UDALGURI,2022_01,10983000.0,Pathorighat (Pt),2,18-326-00242,18-326,udalguri,1220333.3333333333
UDALGURI,2022_01,10983000.0,Mangaldoi (Pt),6,18-326-00243,18-326,udalguri,1220333.3333333333
UDALGURI,2022_01,10983000.0,Dalgaon (Pt),63,18-326-00244,18-326,udalguri,1220333.3333333333
UDALGURI,2022_01,10983000.0,Harisinga,626,18-326-00245,18-326,udalguri,1220333.3333333333
UDALGURI,2022_01,10983000.0,Udalguri,569,18-326-00246,18-326,udalguri,1220333.3333333333
UDALGURI,2022_01,10983000.0,Mazbat,325,18-326-00247,18-326,udalguri,1220333.3333333333
UDALGURI,2022_01,10983000.0,Kalaigaon (Pt),192,18-326-00268,18-326,udalguri,1220333.3333333333
BAKSA,2022_03,87300000.0,Baganpara (Pt),212,18-324-00260,18-324,baksa,12471428.57142857
BAKSA,2022_03,87300000.0,Barnagar (Pt),460,18-324-00231,18-324,baksa,12471428.57142857
BAKSA,2022_03,87300000.0,Ghograpar (Pt),35,18-324-00232,18-324,baksa,12471428.57142857
BAKSA,2022_03,87300000.0,Jalah (Pt),292,18-324-00233,18-324,baksa,12471428.57142857
BAKSA,2022_03,87300000.0,Barama,96,18-324-00234,18-324,baksa,12471428.57142857
BAKSA,2022_03,87300000.0,Baksa,296,18-324-00262,18-324,baksa,12471428.57142857
BAKSA,2022_03,87300000.0,Sarupeta (Pt),135,18-324-00263,18-324,baksa,12471428.57142857
BARPETA,2022_03,121736040.0,Kalgachia,232,18-303-00120,18-303,barpeta,20289340.0
BARPETA,2022_03,121736040.0,Baghbor,513,18-303-00121,18-303,barpeta,20289340.0
BARPETA,2022_03,121736040.0,Barpeta,316,18-303-00122,18-303,barpeta,20289340.0
BARPETA,2022_03,121736040.0,Sarthebari,262,18-303-00123,18-303,barpeta,20289340.0
BARPETA,2022_03,121736040.0,Barnagar (Pt),207,18-303-00264,18-303,barpeta,20289340.0
BARPETA,2022_03,121736040.0,Chenga,318,18-303-00266,18-303,barpeta,20289340.0
BISWANATH,2022_03,17000000.0,Biswanath,1042,18-756-00249,18-756,biswanath,5666666.666666667
BISWANATH,2022_03,17000000.0,Helem,427,18-756-00250,18-756,biswanath,5666666.666666667
BISWANATH,2022_03,17000000.0,Gohpur,314,18-756-00251,18-756,biswanath,5666666.666666667
BONGAIGAON,2022_03,49845720.0,Bongaigaon(Pt),189,18-319-00198,18-319,bongaigaon,9969144.0
BONGAIGAON,2022_03,49845720.0,Boitamari,297,18-319-00199,18-319,bongaigaon,9969144.0
BONGAIGAON,2022_03,49845720.0,Srijangram,348,18-319-00200,18-319,bongaigaon,9969144.0
BONGAIGAON,2022_03,49845720.0,Sidli (Pt-II),85,18-319-00201,18-319,bongaigaon,9969144.0
BONGAIGAON,2022_03,49845720.0,Manikpur,169,18-319-00202,18-319,bongaigaon,9969144.0
CACHAR,2022_03,56300000.0,Katigora,744,18-316-00184,18-316,cachar,8042857.142857143
CACHAR,2022_03,56300000.0,Silchar,838,18-316-00185,18-316,cachar,8042857.142857143
CACHAR,2022_03,56300000.0,Udarbond,447,18-316-00186,18-316,cachar,8042857.142857143
CACHAR,2022_03,56300000.0,Sonai,1000,18-316-00187,18-316,cachar,8042857.142857143
CACHAR,2022_03,56300000.0,Lakhipur,754,18-316-00188,18-316,cachar,8042857.142857143
CACHAR,2022_03,56300000.0,South Salmara,435,18-758-00256,18-758,cachar,8042857.142857143
CACHAR,2022_03,56300000.0,Mankachar,249,18-758-00257,18-758,cachar,8042857.142857143
CHARAIDEO,2022_03,8262000.0,Mahmora,294,18-755-00248,18-755,charaideo,2754000.0
CHARAIDEO,2022_03,8262000.0,Sapekhati,394,18-755-00278,18-755,charaideo,2754000.0
CHARAIDEO,2022_03,8262000.0,Sonari,385,18-755-00279,18-755,charaideo,2754000.0
CHIRANG,2022_03,128733999.99999999,Kokrajhar (Pt),13,18-320-00203,18-320,chirang,25746799.999999996
CHIRANG,2022_03,128733999.99999999,Barnagar (Pt),34,18-320-00204,18-320,chirang,25746799.999999996
CHIRANG,2022_03,128733999.99999999,Bengtal,716,18-320-00205,18-320,chirang,25746799.999999996
CHIRANG,2022_03,128733999.99999999,Sidli (Pt),229,18-320-00206,18-320,chirang,25746799.999999996
CHIRANG,2022_03,128733999.99999999,Bijni (Pt),934,18-320-00207,18-320,chirang,25746799.999999996
DARRANG,2022_03,30000000.0,Khoirabari (Pt),53,18-325-00237,18-325,darrang,6000000.0
DARRANG,2022_03,30000000.0,Pathorighat (Pt),176,18-325-00238,18-325,darrang,6000000.0
DARRANG,2022_03,30000000.0,Sipajhar,293,18-325-00239,18-325,darrang,6000000.0
DARRANG,2022_03,30000000.0,Mangaldoi (Pt),440,18-325-00269,18-325,darrang,6000000.0
DARRANG,2022_03,30000000.0,Dalgaon (Pt),649,18-325-00270,18-325,darrang,6000000.0
DHEMAJI,2022_03,98329140.0,Dhakuakhana (Pt-II),9,18-308-00148,18-308,dhemaji,16388190.0
DHEMAJI,2022_03,98329140.0,Subansiri (Pt-II),155,18-308-00149,18-308,dhemaji,16388190.0
DHEMAJI,2022_03,98329140.0,Dhemaji,396,18-308-00150,18-308,dhemaji,16388190.0
DHEMAJI,2022_03,98329140.0,Sissibargaon,746,18-308-00151,18-308,dhemaji,16388190.0
DHEMAJI,2022_03,98329140.0,Jonai,853,18-308-00152,18-308,dhemaji,16388190.0
DHEMAJI,2022_03,98329140.0,Gogamukh,324,18-308-00153,18-308,dhemaji,16388190.0
DHUBRI,2022_03,283818750.0,Bagribari (Pt),213,18-301-00109,18-301,dhubri,40545535.71428572
DHUBRI,2022_03,283818750.0,Agamoni,221,18-301-00110,18-301,dhubri,40545535.71428572
DHUBRI,2022_03,283818750.0,Golokganj (Pt),199,18-301-00111,18-301,dhubri,40545535.71428572
DHUBRI,2022_03,283818750.0,Dhubri (Pt),357,18-301-00112,18-301,dhubri,40545535.71428572
DHUBRI,2022_03,283818750.0,Bilasipara (Pt),295,18-301-00113,18-301,dhubri,40545535.71428572
DHUBRI,2022_03,283818750.0,Chapar (Pt),195,18-301-00114,18-301,dhubri,40545535.71428572
DHUBRI,2022_03,283818750.0,Gossaigaon (Pt),77,18-301-00274,18-301,dhubri,40545535.71428572
DIBRUGARH,2022_03,311694000.0,Dibrugarh West,723,18-310-00158,18-310,dibrugarh,44527714.28571428
DIBRUGARH,2022_03,311694000.0,Dibrugarh East,393,18-310-00159,18-310,dibrugarh,44527714.28571428
DIBRUGARH,2022_03,311694000.0,Chabua,658,18-310-00160,18-310,dibrugarh,44527714.28571428
DIBRUGARH,2022_03,311694000.0,Tengakhat,355,18-310-00161,18-310,dibrugarh,44527714.28571428
DIBRUGARH,2022_03,311694000.0,Moran,395,18-310-00162,18-310,dibrugarh,44527714.28571428
DIBRUGARH,2022_03,311694000.0,Tingkhong,391,18-310-00163,18-310,dibrugarh,44527714.28571428
DIBRUGARH,2022_03,311694000.0,Naharkatiya,464,18-310-00164,18-310,dibrugarh,44527714.28571428
GOALPARA,2022_03,42350000.0,Lakhipur,487,18-302-00115,18-302,goalpara,8470000.0
GOALPARA,2022_03,42350000.0,Balijana,541,18-302-00116,18-302,goalpara,8470000.0
GOALPARA,2022_03,42350000.0,Matia,478,18-302-00117,18-302,goalpara,8470000.0
GOALPARA,2022_03,42350000.0,Dudhnai,196,18-302-00118,18-302,goalpara,8470000.0
GOALPARA,2022_03,42350000.0,Rangjuli,277,18-302-00119,18-302,goalpara,8470000.0
GOLAGHAT,2022_03,35280000.0,Bokakhat,850,18-313-00172,18-313,golaghat,5880000.0
GOLAGHAT,2022_03,35280000.0,Khumtai,473,18-313-00173,18-313,golaghat,5880000.0
GOLAGHAT,2022_03,35280000.0,Dergaon,323,18-313-00174,18-313,golaghat,5880000.0
GOLAGHAT,2022_03,35280000.0,Golaghat,658,18-313-00175,18-313,golaghat,5880000.0
GOLAGHAT,2022_03,35280000.0,Morangi,319,18-313-00176,18-313,golaghat,5880000.0
GOLAGHAT,2022_03,35280000.0,Sarupathar,900,18-313-00177,18-313,golaghat,5880000.0
JORHAT,2022_03,62262000.0,Teok,450,18-312-00169,18-312,jorhat,12452400.0
JORHAT,2022_03,62262000.0,Titabor,419,18-312-00170,18-312,jorhat,12452400.0
JORHAT,2022_03,62262000.0,Mariani,437,18-312-00171,18-312,jorhat,12452400.0
JORHAT,2022_03,62262000.0,Jorhat West,364,18-312-00276,18-312,jorhat,12452400.0
JORHAT,2022_03,62262000.0,Jorhat East,195,18-312-00277,18-312,jorhat,12452400.0
KAMRUP,2022_03,78788000.0,Rangia(Pt),186,18-321-00208,18-321,kamrup,6060615.384615385
KAMRUP,2022_03,78788000.0,Koya,54,18-321-00209,18-321,kamrup,6060615.384615385
KAMRUP,2022_03,78788000.0,Kamalpur,250,18-321-00210,18-321,kamrup,6060615.384615385
KAMRUP,2022_03,78788000.0,Hajo,413,18-321-00211,18-321,kamrup,6060615.384615385
KAMRUP,2022_03,78788000.0,Chhaygaon,471,18-321-00212,18-321,kamrup,6060615.384615385
KAMRUP,2022_03,78788000.0,Goroimari,177,18-321-00213,18-321,kamrup,6060615.384615385
KAMRUP,2022_03,78788000.0,Chamaria,140,18-321-00214,18-321,kamrup,6060615.384615385
KAMRUP,2022_03,78788000.0,Nagarbera,115,18-321-00215,18-321,kamrup,6060615.384615385
KAMRUP,2022_03,78788000.0,Boko,514,18-321-00216,18-321,kamrup,6060615.384615385
KAMRUP,2022_03,78788000.0,NorthGuwahati,91,18-321-00217,18-321,kamrup,6060615.384615385
KAMRUP,2022_03,78788000.0,Jalah (Pt),56,18-321-00218,18-321,kamrup,6060615.384615385
KAMRUP,2022_03,78788000.0,Palasbari,393,18-321-00272,18-321,kamrup,6060615.384615385
KAMRUP,2022_03,78788000.0,Azara,423,18-321-00273,18-321,kamrup,6060615.384615385
KARIMGANJ,2022_03,21000000.0,Karimganj,178,18-317-00189,18-317,karimganj,4200000.0
KARIMGANJ,2022_03,21000000.0,Badarpur,134,18-317-00190,18-317,karimganj,4200000.0
KARIMGANJ,2022_03,21000000.0,Nilambazar,280,18-317-00191,18-317,karimganj,4200000.0
KARIMGANJ,2022_03,21000000.0,Patharkandi,672,18-317-00192,18-317,karimganj,4200000.0
KARIMGANJ,2022_03,21000000.0,RamkrishnaNagar,575,18-317-00193,18-317,karimganj,4200000.0
KOKRAJHAR,2022_03,355264400.0,Gossaigaon (Pt),1069,18-300-00101,18-300,kokrajhar,44408050.0
KOKRAJHAR,2022_03,355264400.0,Bhowraguri,159,18-300-00102,18-300,kokrajhar,44408050.0
KOKRAJHAR,2022_03,355264400.0,Dotoma,304,18-300-00103,18-300,kokrajhar,44408050.0
KOKRAJHAR,2022_03,355264400.0,Kokrajhar (Pt),990,18-300-00104,18-300,kokrajhar,44408050.0
KOKRAJHAR,2022_03,355264400.0,Bagribari (Pt),281,18-300-00105,18-300,kokrajhar,44408050.0
KOKRAJHAR,2022_03,355264400.0,Golokganj (Pt),103,18-300-00106,18-300,kokrajhar,44408050.0
KOKRAJHAR,2022_03,355264400.0,Dhubri (Pt),124,18-300-00107,18-300,kokrajhar,44408050.0
KOKRAJHAR,2022_03,355264400.0,Chapar (Pt),101,18-300-00108,18-300,kokrajhar,44408050.0
LAKHIMPUR,2022_03,25000000.0,Narayanpur,380,18-307-00141,18-307,lakhimpur,3571428.5714285714
LAKHIMPUR,2022_03,25000000.0,Bihpuria,407,18-307-00142,18-307,lakhimpur,3571428.5714285714
LAKHIMPUR,2022_03,25000000.0,Naobaicha,330,18-307-00143,18-307,lakhimpur,3571428.5714285714
LAKHIMPUR,2022_03,25000000.0,Kadam,523,18-307-00144,18-307,lakhimpur,3571428.5714285714
LAKHIMPUR,2022_03,25000000.0,North Lakhimpur,616,18-307-00145,18-307,lakhimpur,3571428.5714285714
LAKHIMPUR,2022_03,25000000.0,Dhakuakhana (Pt-I),462,18-307-00146,18-307,lakhimpur,3571428.5714285714
LAKHIMPUR,2022_03,25000000.0,Subansiri (Pt-I),280,18-307-00147,18-307,lakhimpur,3571428.5714285714
NAGAON,2022_03,85394000.0,Kaliabor,580,18-305-00130,18-305,nagaon,12199142.857142856
NAGAON,2022_03,85394000.0,Samaguri,342,18-305-00131,18-305,nagaon,12199142.857142856
NAGAON,2022_03,85394000.0,Rupahi,306,18-305-00132,18-305,nagaon,12199142.857142856
NAGAON,2022_03,85394000.0,Dhing,248,18-305-00133,18-305,nagaon,12199142.857142856
NAGAON,2022_03,85394000.0,Nagaon,372,18-305-00134,18-305,nagaon,12199142.857142856
NAGAON,2022_03,85394000.0,Raha,341,18-305-00135,18-305,nagaon,12199142.857142856
NAGAON,2022_03,85394000.0,Kampur,375,18-305-00136,18-305,nagaon,12199142.857142856
NALBARI,2022_03,4876000.0,Tihu(Pt),95,18-323-00222,18-323,nalbari,609500.0
NALBARI,2022_03,4876000.0,PachimNalbari,149,18-323-00223,18-323,nalbari,609500.0
NALBARI,2022_03,4876000.0,Barkhetri,371,18-323-00224,18-323,nalbari,609500.0
NALBARI,2022_03,4876000.0,Barbhag,82,18-323-00225,18-323,nalbari,609500.0
NALBARI,2022_03,4876000.0,Nalbari,128,18-323-00226,18-323,nalbari,609500.0
NALBARI,2022_03,4876000.0,Banekuchi,61,18-323-00227,18-323,nalbari,609500.0
NALBARI,2022_03,4876000.0,Ghograpar (Pt),131,18-323-00228,18-323,nalbari,609500.0
NALBARI,2022_03,4876000.0,Baganpara (Pt),19,18-323-00230,18-323,nalbari,609500.0
SONITPUR,2022_03,86779800.0,Dhekiajuli (Pt),1231,18-306-00137,18-306,sonitpur,21694950.0
SONITPUR,2022_03,86779800.0,Chariduar,1000,18-306-00138,18-306,sonitpur,21694950.0
SONITPUR,2022_03,86779800.0,Tezpur,546,18-306-00139,18-306,sonitpur,21694950.0
SONITPUR,2022_03,86779800.0,Na-Duar,668,18-306-00140,18-306,sonitpur,21694950.0
UDALGURI,2022_03,8126100.0,Dhekiajuli (Pt),41,18-326-00240,18-326,udalguri,902900.0
UDALGURI,2022_03,8126100.0,Khoirabari (Pt),163,18-326-00241,18-326,udalguri,902900.0
UDALGURI,2022_03,8126100.0,Pathorighat (Pt),2,18-326-00242,18-326,udalguri,902900.0
UDALGURI,2022_03,8126100.0,Mangaldoi (Pt),6,18-326-00243,18-326,udalguri,902900.0
UDALGURI,2022_03,8126100.0,Dalgaon (Pt),63,18-326-00244,18-326,udalguri,902900.0
UDALGURI,2022_03,8126100.0,Harisinga,626,18-326-00245,18-326,udalguri,902900.0
UDALGURI,2022_03,8126100.0,Udalguri,569,18-326-00246,18-326,udalguri,902900.0
UDALGURI,2022_03,8126100.0,Mazbat,325,18-326-00247,18-326,udalguri,902900.0
UDALGURI,2022_03,8126100.0,Kalaigaon (Pt),192,18-326-00268,18-326,udalguri,902900.0
BARPETA,2022_11,23913500.0,Kalgachia,232,18-303-00120,18-303,barpeta,3985583.3333333335
BARPETA,2022_11,23913500.0,Baghbor,513,18-303-00121,18-303,barpeta,3985583.3333333335
BARPETA,2022_11,23913500.0,Barpeta,316,18-303-00122,18-303,barpeta,3985583.3333333335
BARPETA,2022_11,23913500.0,Sarthebari,262,18-303-00123,18-303,barpeta,3985583.3333333335
BARPETA,2022_11,23913500.0,Barnagar (Pt),207,18-303-00264,18-303,barpeta,3985583.3333333335
BARPETA,2022_11,23913500.0,Chenga,318,18-303-00266,18-303,barpeta,3985583.3333333335
BONGAIGAON,2022_11,13296000.0,Bongaigaon(Pt),189,18-319-00198,18-319,bongaigaon,2659200.0
BONGAIGAON,2022_11,13296000.0,Boitamari,297,18-319-00199,18-319,bongaigaon,2659200.0
BONGAIGAON,2022_11,13296000.0,Srijangram,348,18-319-00200,18-319,bongaigaon,2659200.0
BONGAIGAON,2022_11,13296000.0,Sidli (Pt-II),85,18-319-00201,18-319,bongaigaon,2659200.0
BONGAIGAON,2022_11,13296000.0,Manikpur,169,18-319-00202,18-319,bongaigaon,2659200.0
CHIRANG,2022_11,17545000.0,Kokrajhar (Pt),13,18-320-00203,18-320,chirang,3509000.0
CHIRANG,2022_11,17545000.0,Barnagar (Pt),34,18-320-00204,18-320,chirang,3509000.0
CHIRANG,2022_11,17545000.0,Bengtal,716,18-320-00205,18-320,chirang,3509000.0
CHIRANG,2022_11,17545000.0,Sidli (Pt),229,18-320-00206,18-320,chirang,3509000.0
CHIRANG,2022_11,17545000.0,Bijni (Pt),934,18-320-00207,18-320,chirang,3509000.0
DARRANG,2022_11,7559000.0,Khoirabari (Pt),53,18-325-00237,18-325,darrang,1511800.0
DARRANG,2022_11,7559000.0,Pathorighat (Pt),176,18-325-00238,18-325,darrang,1511800.0
DARRANG,2022_11,7559000.0,Sipajhar,293,18-325-00239,18-325,darrang,1511800.0
DARRANG,2022_11,7559000.0,Mangaldoi (Pt),440,18-325-00269,18-325,darrang,1511800.0
DARRANG,2022_11,7559000.0,Dalgaon (Pt),649,18-325-00270,18-325,darrang,1511800.0
GOALPARA,2022_11,190000.0,Lakhipur,487,18-302-00115,18-302,goalpara,38000.0
GOALPARA,2022_11,190000.0,Balijana,541,18-302-00116,18-302,goalpara,38000.0
GOALPARA,2022_11,190000.0,Matia,478,18-302-00117,18-302,goalpara,38000.0
GOALPARA,2022_11,190000.0,Dudhnai,196,18-302-00118,18-302,goalpara,38000.0
GOALPARA,2022_11,190000.0,Rangjuli,277,18-302-00119,18-302,goalpara,38000.0
KAMRUP,2022_11,3560000.0,Rangia(Pt),186,18-321-00208,18-321,kamrup,273846.1538461539
KAMRUP,2022_11,3560000.0,Koya,54,18-321-00209,18-321,kamrup,273846.1538461539
KAMRUP,2022_11,3560000.0,Kamalpur,250,18-321-00210,18-321,kamrup,273846.1538461539
KAMRUP,2022_11,3560000.0,Hajo,413,18-321-00211,18-321,kamrup,273846.1538461539
KAMRUP,2022_11,3560000.0,Chhaygaon,471,18-321-00212,18-321,kamrup,273846.1538461539
KAMRUP,2022_11,3560000.0,Goroimari,177,18-321-00213,18-321,kamrup,273846.1538461539
KAMRUP,2022_11,3560000.0,Chamaria,140,18-321-00214,18-321,kamrup,273846.1538461539
KAMRUP,2022_11,3560000.0,Nagarbera,115,18-321-00215,18-321,kamrup,273846.1538461539
KAMRUP,2022_11,3560000.0,Boko,514,18-321-00216,18-321,kamrup,273846.1538461539
KAMRUP,2022_11,3560000.0,NorthGuwahati,91,18-321-00217,18-321,kamrup,273846.1538461539
KAMRUP,2022_11,3560000.0,Jalah (Pt),56,18-321-00218,18-321,kamrup,273846.1538461539
KAMRUP,2022_11,3560000.0,Palasbari,393,18-321-00272,18-321,kamrup,273846.1538461539
KAMRUP,2022_11,3560000.0,Azara,423,18-321-00273,18-321,kamrup,273846.1538461539
KOKRAJHAR,2022_11,62397000.0,Gossaigaon (Pt),1069,18-300-00101,18-300,kokrajhar,7799625.0
KOKRAJHAR,2022_11,62397000.0,Bhowraguri,159,18-300-00102,18-300,kokrajhar,7799625.0
KOKRAJHAR,2022_11,62397000.0,Dotoma,304,18-300-00103,18-300,kokrajhar,7799625.0
KOKRAJHAR,2022_11,62397000.0,Kokrajhar (Pt),990,18-300-00104,18-300,kokrajhar,7799625.0
KOKRAJHAR,2022_11,62397000.0,Bagribari (Pt),281,18-300-00105,18-300,kokrajhar,7799625.0
KOKRAJHAR,2022_11,62397000.0,Golokganj (Pt),103,18-300-00106,18-300,kokrajhar,7799625.0
KOKRAJHAR,2022_11,62397000.0,Dhubri (Pt),124,18-300-00107,18-300,kokrajhar,7799625.0
KOKRAJHAR,2022_11,62397000.0,Chapar (Pt),101,18-300-00108,18-300,kokrajhar,7799625.0
NAGAON,2022_11,43339000.0,Kaliabor,580,18-305-00130,18-305,nagaon,6191285.714285715
NAGAON,2022_11,43339000.0,Samaguri,342,18-305-00131,18-305,nagaon,6191285.714285715
NAGAON,2022_11,43339000.0,Rupahi,306,18-305-00132,18-305,nagaon,6191285.714285715
NAGAON,2022_11,43339000.0,Dhing,248,18-305-00133,18-305,nagaon,6191285.714285715
NAGAON,2022_11,43339000.0,Nagaon,372,18-305-00134,18-305,nagaon,6191285.714285715
NAGAON,2022_11,43339000.0,Raha,341,18-305-00135,18-305,nagaon,6191285.714285715
NAGAON,2022_11,43339000.0,Kampur,375,18-305-00136,18-305,nagaon,6191285.714285715
BAJALI,2023_03,123000.0,Bajali (Pt),167,18-799-00124,18-799,bajali,41000.0
BAJALI,2023_03,123000.0,Jalah (Pt),41,18-799-00125,18-799,bajali,41000.0
BAJALI,2023_03,123000.0,Sarupeta (Pt),262,18-799-00265,18-799,bajali,41000.0
BAKSA,2023_03,390500.0,Baganpara (Pt),212,18-324-00260,18-324,baksa,55785.71428571428
BAKSA,2023_03,390500.0,Barnagar (Pt),460,18-324-00231,18-324,baksa,55785.71428571428
BAKSA,2023_03,390500.0,Ghograpar (Pt),35,18-324-00232,18-324,baksa,55785.71428571428
BAKSA,2023_03,390500.0,Jalah (Pt),292,18-324-00233,18-324,baksa,55785.71428571428
BAKSA,2023_03,390500.0,Barama,96,18-324-00234,18-324,baksa,55785.71428571428
BAKSA,2023_03,390500.0,Baksa,296,18-324-00262,18-324,baksa,55785.71428571428
BAKSA,2023_03,390500.0,Sarupeta (Pt),135,18-324-00263,18-324,baksa,55785.71428571428
BARPETA,2023_03,850000.0,Kalgachia,232,18-303-00120,18-303,barpeta,141666.66666666666
BARPETA,2023_03,850000.0,Baghbor,513,18-303-00121,18-303,barpeta,141666.66666666666
BARPETA,2023_03,850000.0,Barpeta,316,18-303-00122,18-303,barpeta,141666.66666666666
BARPETA,2023_03,850000.0,Sarthebari,262,18-303-00123,18-303,barpeta,141666.66666666666
BARPETA,2023_03,850000.0,Barnagar (Pt),207,18-303-00264,18-303,barpeta,141666.66666666666
BARPETA,2023_03,850000.0,Chenga,318,18-303-00266,18-303,barpeta,141666.66666666666
BONGAIGAON,2023_03,1400000.0,Bongaigaon(Pt),189,18-319-00198,18-319,bongaigaon,280000.0
BONGAIGAON,2023_03,1400000.0,Boitamari,297,18-319-00199,18-319,bongaigaon,280000.0
BONGAIGAON,2023_03,1400000.0,Srijangram,348,18-319-00200,18-319,bongaigaon,280000.0
BONGAIGAON,2023_03,1400000.0,Sidli (Pt-II),85,18-319-00201,18-319,bongaigaon,280000.0
BONGAIGAON,2023_03,1400000.0,Manikpur,169,18-319-00202,18-319,bongaigaon,280000.0
DHUBRI,2023_03,7239000.0,Bagribari (Pt),213,18-301-00109,18-301,dhubri,1034142.8571428572
DHUBRI,2023_03,7239000.0,Agamoni,221,18-301-00110,18-301,dhubri,1034142.8571428572
DHUBRI,2023_03,7239000.0,Golokganj (Pt),199,18-301-00111,18-301,dhubri,1034142.8571428572
DHUBRI,2023_03,7239000.0,Dhubri (Pt),357,18-301-00112,18-301,dhubri,1034142.8571428572
DHUBRI,2023_03,7239000.0,Bilasipara (Pt),295,18-301-00113,18-301,dhubri,1034142.8571428572
DHUBRI,2023_03,7239000.0,Chapar (Pt),195,18-301-00114,18-301,dhubri,1034142.8571428572
DHUBRI,2023_03,7239000.0,Gossaigaon (Pt),77,18-301-00274,18-301,dhubri,1034142.8571428572
KAMRUP,2023_03,138000.0,Rangia(Pt),186,18-321-00208,18-321,kamrup,10615.384615384615
KAMRUP,2023_03,138000.0,Koya,54,18-321-00209,18-321,kamrup,10615.384615384615
KAMRUP,2023_03,138000.0,Kamalpur,250,18-321-00210,18-321,kamrup,10615.384615384615
KAMRUP,2023_03,138000.0,Hajo,413,18-321-00211,18-321,kamrup,10615.384615384615
KAMRUP,2023_03,138000.0,Chhaygaon,471,18-321-00212,18-321,kamrup,10615.384615384615
KAMRUP,2023_03,138000.0,Goroimari,177,18-321-00213,18-321,kamrup,10615.384615384615
KAMRUP,2023_03,138000.0,Chamaria,140,18-321-00214,18-321,kamrup,10615.384615384615
KAMRUP,2023_03,138000.0,Nagarbera,115,18-321-00215,18-321,kamrup,10615.384615384615
KAMRUP,2023_03,138000.0,Boko,514,18-321-00216,18-321,kamrup,10615.384615384615
KAMRUP,2023_03,138000.0,NorthGuwahati,91,18-321-00217,18-321,kamrup,10615.384615384615
KAMRUP,2023_03,138000.0,Jalah (Pt),56,18-321-00218,18-321,kamrup,10615.384615384615
KAMRUP,2023_03,138000.0,Palasbari,393,18-321-00272,18-321,kamrup,10615.384615384615
KAMRUP,2023_03,138000.0,Azara,423,18-321-00273,18-321,kamrup,10615.384615384615
LAKHIMPUR,2023_03,5916480.0,Narayanpur,380,18-307-00141,18-307,lakhimpur,845211.4285714285
LAKHIMPUR,2023_03,5916480.0,Bihpuria,407,18-307-00142,18-307,lakhimpur,845211.4285714285
LAKHIMPUR,2023_03,5916480.0,Naobaicha,330,18-307-00143,18-307,lakhimpur,845211.4285714285
LAKHIMPUR,2023_03,5916480.0,Kadam,523,18-307-00144,18-307,lakhimpur,845211.4285714285
LAKHIMPUR,2023_03,5916480.0,North Lakhimpur,616,18-307-00145,18-307,lakhimpur,845211.4285714285
LAKHIMPUR,2023_03,5916480.0,Dhakuakhana (Pt-I),462,18-307-00146,18-307,lakhimpur,845211.4285714285
LAKHIMPUR,2023_03,5916480.0,Subansiri (Pt-I),280,18-307-00147,18-307,lakhimpur,845211.4285714285
NALBARI,2023_03,369400.0,Tihu(Pt),95,18-323-00222,18-323,nalbari,46175.0
NALBARI,2023_03,369400.0,PachimNalbari,149,18-323-00223,18-323,nalbari,46175.0
NALBARI,2023_03,369400.0,Barkhetri,371,18-323-00224,18-323,nalbari,46175.0
NALBARI,2023_03,369400.0,Barbhag,82,18-323-00225,18-323,nalbari,46175.0
NALBARI,2023_03,369400.0,Nalbari,128,18-323-00226,18-323,nalbari,46175.0
NALBARI,2023_03,369400.0,Banekuchi,61,18-323-00227,18-323,nalbari,46175.0
NALBARI,2023_03,369400.0,Ghograpar (Pt),131,18-323-00228,18-323,nalbari,46175.0
NALBARI,2023_03,369400.0,Baganpara (Pt),19,18-323-00230,18-323,nalbari,46175.0
KAMRUP,2023_09,212300767.0,Rangia(Pt),186,18-321-00208,18-321,kamrup,16330828.23076923
KAMRUP,2023_09,212300767.0,Koya,54,18-321-00209,18-321,kamrup,16330828.23076923
KAMRUP,2023_09,212300767.0,Kamalpur,250,18-321-00210,18-321,kamrup,16330828.23076923
KAMRUP,2023_09,212300767.0,Hajo,413,18-321-00211,18-321,kamrup,16330828.23076923
KAMRUP,2023_09,212300767.0,Chhaygaon,471,18-321-00212,18-321,kamrup,16330828.23076923
KAMRUP,2023_09,212300767.0,Goroimari,177,18-321-00213,18-321,kamrup,16330828.23076923
KAMRUP,2023_09,212300767.0,Chamaria,140,18-321-00214,18-321,kamrup,16330828.23076923
KAMRUP,2023_09,212300767.0,Nagarbera,115,18-321-00215,18-321,kamrup,16330828.23076923
KAMRUP,2023_09,212300767.0,Boko,514,18-321-00216,18-321,kamrup,16330828.23076923
KAMRUP,2023_09,212300767.0,NorthGuwahati,91,18-321-00217,18-321,kamrup,16330828.23076923
KAMRUP,2023_09,212300767.0,Jalah (Pt),56,18-321-00218,18-321,kamrup,16330828.23076923
KAMRUP,2023_09,212300767.0,Palasbari,393,18-321-00272,18-321,kamrup,16330828.23076923
KAMRUP,2023_09,212300767.0,Azara,423,18-321-00273,18-321,kamrup,16330828.23076923
KARBI ANGLONG,2023_09,120000.0,Diphu,2468,18-314-00178,18-314,karbi anglong,30000.0
KARBI ANGLONG,2023_09,120000.0,Silonijan,1566,18-314-00179,18-314,karbi anglong,30000.0
KARBI ANGLONG,2023_09,120000.0,Donka,3073,18-759-00255,18-759,karbi anglong,30000.0
KARBI ANGLONG,2023_09,120000.0,Phuloni,3303,18-314-00275,18-314,karbi anglong,30000.0
KOKRAJHAR,2023_09,280000.0,Gossaigaon (Pt),1069,18-300-00101,18-300,kokrajhar,35000.0
KOKRAJHAR,2023_09,280000.0,Bhowraguri,159,18-300-00102,18-300,kokrajhar,35000.0
KOKRAJHAR,2023_09,280000.0,Dotoma,304,18-300-00103,18-300,kokrajhar,35000.0
KOKRAJHAR,2023_09,280000.0,Kokrajhar (Pt),990,18-300-00104,18-300,kokrajhar,35000.0
KOKRAJHAR,2023_09,280000.0,Bagribari (Pt),281,18-300-00105,18-300,kokrajhar,35000.0
KOKRAJHAR,2023_09,280000.0,Golokganj (Pt),103,18-300-00106,18-300,kokrajhar,35000.0
KOKRAJHAR,2023_09,280000.0,Dhubri (Pt),124,18-300-00107,18-300,kokrajhar,35000.0
KOKRAJHAR,2023_09,280000.0,Chapar (Pt),101,18-300-00108,18-300,kokrajhar,35000.0
DHEMAJI,2024_10,42673200.0,Dhakuakhana (Pt-II),9,18-308-00148,18-308,dhemaji,7112200.0
DHEMAJI,2024_10,42673200.0,Subansiri (Pt-II),155,18-308-00149,18-308,dhemaji,7112200.0
DHEMAJI,2024_10,42673200.0,Dhemaji,396,18-308-00150,18-308,dhemaji,7112200.0
DHEMAJI,2024_10,42673200.0,Sissibargaon,746,18-308-00151,18-308,dhemaji,7112200.0
DHEMAJI,2024_10,42673200.0,Jonai,853,18-308-00152,18-308,dhemaji,7112200.0
DHEMAJI,2024_10,42673200.0,Gogamukh,324,18-308-00153,18-308,dhemaji,7112200.0
GOLAGHAT,2024_10,199178000.0,Bokakhat,850,18-313-00172,18-313,golaghat,33196333.333333332
GOLAGHAT,2024_10,199178000.0,Khumtai,473,18-313-00173,18-313,golaghat,33196333.333333332
GOLAGHAT,2024_10,199178000.0,Dergaon,323,18-313-00174,18-313,golaghat,33196333.333333332
GOLAGHAT,2024_10,199178000.0,Golaghat,658,18-313-00175,18-313,golaghat,33196333.333333332
GOLAGHAT,2024_10,199178000.0,Morangi,319,18-313-00176,18-313,golaghat,33196333.333333332
GOLAGHAT,2024_10,199178000.0,Sarupathar,900,18-313-00177,18-313,golaghat,33196333.333333332
KAMRUP,2024_10,45450000.0,Rangia(Pt),186,18-321-00208,18-321,kamrup,3496153.846153846
KAMRUP,2024_10,45450000.0,Koya,54,18-321-00209,18-321,kamrup,3496153.846153846
KAMRUP,2024_10,45450000.0,Kamalpur,250,18-321-00210,18-321,kamrup,3496153.846153846
KAMRUP,2024_10,45450000.0,Hajo,413,18-321-00211,18-321,kamrup,3496153.846153846
KAMRUP,2024_10,45450000.0,Chhaygaon,471,18-321-00212,18-321,kamrup,3496153.846153846
KAMRUP,2024_10,45450000.0,Goroimari,177,18-321-00213,18-321,kamrup,3496153.846153846
KAMRUP,2024_10,45450000.0,Chamaria,140,18-321-00214,18-321,kamrup,3496153.846153846
KAMRUP,2024_10,45450000.0,Nagarbera,115,18-321-00215,18-321,kamrup,3496153.846153846
KAMRUP,2024_10,45450000.0,Boko,514,18-321-00216,18-321,kamrup,3496153.846153846
KAMRUP,2024_10,45450000.0,NorthGuwahati,91,18-321-00217,18-321,kamrup,3496153.846153846
KAMRUP,2024_10,45450000.0,Jalah (Pt),56,18-321-00218,18-321,kamrup,3496153.846153846
KAMRUP,2024_10,45450000.0,Palasbari,393,18-321-00272,18-321,kamrup,3496153.846153846
KAMRUP,2024_10,45450000.0,Azara,423,18-321-00273,18-321,kamrup,3496153.846153846
MAJULI,2024_10,2070310.0,Ujani Majuli,322,18-760-00280,18-760,majuli,1035155.0
MAJULI,2024_10,2070310.0,Majuli,648,18-760-00281,18-760,majuli,1035155.0
NALBARI,2024_10,11893220.0,Tihu(Pt),95,18-323-00222,18-323,nalbari,1486652.5
NALBARI,2024_10,11893220.0,PachimNalbari,149,18-323-00223,18-323,nalbari,1486652.5
NALBARI,2024_10,11893220.0,Barkhetri,371,18-323-00224,18-323,nalbari,1486652.5
NALBARI,2024_10,11893220.0,Barbhag,82,18-323-00225,18-323,nalbari,1486652.5
NALBARI,2024_10,11893220.0,Nalbari,128,18-323-00226,18-323,nalbari,1486652.5
NALBARI,2024_10,11893220.0,Banekuchi,61,18-323-00227,18-323,nalbari,1486652.5
NALBARI,2024_10,11893220.0,Ghograpar (Pt),131,18-323-00228,18-323,nalbari,1486652.5
NALBARI,2024_10,11893220.0,Baganpara (Pt),19,18-323-00230,18-323,nalbari,1486652.5
SONITPUR,2024_10,19000000.0,Dhekiajuli (Pt),1231,18-306-00137,18-306,sonitpur,4750000.0
SONITPUR,2024_10,19000000.0,Chariduar,1000,18-306-00138,18-306,sonitpur,4750000.0
SONITPUR,2024_10,19000000.0,Tezpur,546,18-306-00139,18-306,sonitpur,4750000.0
SONITPUR,2024_10,19000000.0,Na-Duar,668,18-306-00140,18-306,sonitpur,4750000.0
TAMULPUR,2024_10,20372000.0,Rangia (Pt),23,18-816-00235,18-816,tamulpur,4074400.0
TAMULPUR,2024_10,20372000.0,Pathorighat (Pt),4,18-816-00236,18-816,tamulpur,4074400.0
TAMULPUR,2024_10,20372000.0,Bajali (Pt),18,18-816-00258,18-816,tamulpur,4074400.0
TAMULPUR,2024_10,20372000.0,Goreswar (Pt),283,18-816-00259,18-816,tamulpur,4074400.0
TAMULPUR,2024_10,20372000.0,Tamulpur,549,18-816-00261,18-816,tamulpur,4074400.0
UDALGURI,2024_10,48074000.0,Dhekiajuli (Pt),41,18-326-00240,18-326,udalguri,5341555.555555556
UDALGURI,2024_10,48074000.0,Khoirabari (Pt),163,18-326-00241,18-326,udalguri,5341555.555555556
UDALGURI,2024_10,48074000.0,Pathorighat (Pt),2,18-326-00242,18-326,udalguri,5341555.555555556
UDALGURI,2024_10,48074000.0,Mangaldoi (Pt),6,18-326-00243,18-326,udalguri,5341555.555555556
UDALGURI,2024_10,48074000.0,Dalgaon (Pt),63,18-326-00244,18-326,udalguri,5341555.555555556
UDALGURI,2024_10,48074000.0,Harisinga,626,18-326-00245,18-326,udalguri,5341555.555555556
UDALGURI,2024_10,48074000.0,Udalguri,569,18-326-00246,18-326,udalguri,5341555.555555556
UDALGURI,2024_10,48074000.0,Mazbat,325,18-326-00247,18-326,udalguri,5341555.555555556
UDALGURI,2024_10,48074000.0,Kalaigaon (Pt),192,18-326-00268,18-326,udalguri,5341555.555555556
CHARAIDEO,2025_02,2509270.0,Mahmora,294,18-755-00248,18-755,charaideo,836423.3333333334
CHARAIDEO,2025_02,2509270.0,Sapekhati,394,18-755-00278,18-755,charaideo,836423.3333333334
CHARAIDEO,2025_02,2509270.0,Sonari,385,18-755-00279,18-755,charaideo,836423.3333333334
DIBRUGARH,2025_02,767800000.0,Dibrugarh West,723,18-310-00158,18-310,dibrugarh,109685714.28571428
DIBRUGARH,2025_02,767800000.0,Dibrugarh East,393,18-310-00159,18-310,dibrugarh,109685714.28571428
DIBRUGARH,2025_02,767800000.0,Chabua,658,18-310-00160,18-310,dibrugarh,109685714.28571428
DIBRUGARH,2025_02,767800000.0,Tengakhat,355,18-310-00161,18-310,dibrugarh,109685714.28571428
DIBRUGARH,2025_02,767800000.0,Moran,395,18-310-00162,18-310,dibrugarh,109685714.28571428
DIBRUGARH,2025_02,767800000.0,Tingkhong,391,18-310-00163,18-310,dibrugarh,109685714.28571428
DIBRUGARH,2025_02,767800000.0,Naharkatiya,464,18-310-00164,18-310,dibrugarh,109685714.28571428
GOLAGHAT,2025_02,1210800000.0,Bokakhat,850,18-313-00172,18-313,golaghat,201800000.0
GOLAGHAT,2025_02,1210800000.0,Khumtai,473,18-313-00173,18-313,golaghat,201800000.0
GOLAGHAT,2025_02,1210800000.0,Dergaon,323,18-313-00174,18-313,golaghat,201800000.0
GOLAGHAT,2025_02,1210800000.0,Golaghat,658,18-313-00175,18-313,golaghat,201800000.0
GOLAGHAT,2025_02,1210800000.0,Morangi,319,18-313-00176,18-313,golaghat,201800000.0
GOLAGHAT,2025_02,1210800000.0,Sarupathar,900,18-313-00177,18-313,golaghat,201800000.0
JORHAT,2025_02,1934100000.0,Teok,450,18-312-00169,18-312,jorhat,386820000.0
JORHAT,2025_02,1934100000.0,Titabor,419,18-312-00170,18-312,jorhat,386820000.0
JORHAT,2025_02,1934100000.0,Mariani,437,18-312-00171,18-312,jorhat,386820000.0
JORHAT,2025_02,1934100000.0,Jorhat West,364,18-312-00276,18-312,jorhat,386820000.0
JORHAT,2025_02,1934100000.0,Jorhat East,195,18-312-00277,18-312,jorhat,386820000.0
MAJULI,2025_02,175700000.0,Ujani Majuli,322,18-760-00280,18-760,majuli,87850000.0
MAJULI,2025_02,175700000.0,Majuli,648,18-760-00281,18-760,majuli,87850000.0
MORIGAON,2025_02,360000000.0,Bhuragaon,219,18-304-00126,18-304,morigaon,72000000.0
MORIGAON,2025_02,360000000.0,Laharighat,233,18-304-00127,18-304,morigaon,72000000.0
MORIGAON,2025_02,360000000.0,Marigaon,390,18-304-00128,18-304,morigaon,72000000.0
MORIGAON,2025_02,360000000.0,Mikirbheta,184,18-304-00129,18-304,morigaon,72000000.0
MORIGAON,2025_02,360000000.0,Mayong,486,18-304-00271,18-304,morigaon,72000000.0
SIVASAGAR,2025_02,325400000.0,Dimow,478,18-311-00165,18-311,sivasagar,81350000.0
SIVASAGAR,2025_02,325400000.0,Sibsagar,388,18-311-00166,18-311,sivasagar,81350000.0
SIVASAGAR,2025_02,325400000.0,Amguri,315,18-311-00167,18-311,sivasagar,81350000.0
SIVASAGAR,2025_02,325400000.0,Nazira,386,18-311-00168,18-311,sivasagar,81350000.0
SONITPUR,2025_02,668300000.0,Dhekiajuli (Pt),1231,18-306-00137,18-306,sonitpur,167075000.0
SONITPUR,2025_02,668300000.0,Chariduar,1000,18-306-00138,18-306,sonitpur,167075000.0
SONITPUR,2025_02,668300000.0,Tezpur,546,18-306-00139,18-306,sonitpur,167075000.0
SONITPUR,2025_02,668300000.0,Na-Duar,668,18-306-00140,18-306,sonitpur,167075000.0
TINSUKIA,2025_02,450200000.0,Sadiya,851,18-309-00154,18-309,tinsukia,112550000.0
TINSUKIA,2025_02,450200000.0,Doom Dooma,937,18-309-00155,18-309,tinsukia,112550000.0
TINSUKIA,2025_02,450200000.0,Tinsukia,890,18-309-00156,18-309,tinsukia,112550000.0
TINSUKIA,2025_02,450200000.0,Margherita,1132,18-309-00157,18-309,tinsukia,112550000.0
DHUBRI,2025_04,7200000.0,Bagribari (Pt),213,18-301-00109,18-301,dhubri,1028571.4285714285
DHUBRI,2025_04,7200000.0,Agamoni,221,18-301-00110,18-301,dhubri,1028571.4285714285
DHUBRI,2025_04,7200000.0,Golokganj (Pt),199,18-301-00111,18-301,dhubri,1028571.4285714285
DHUBRI,2025_04,7200000.0,Dhubri (Pt),357,18-301-00112,18-301,dhubri,1028571.4285714285
DHUBRI,2025_04,7200000.0,Bilasipara (Pt),295,18-301-00113,18-301,dhubri,1028571.4285714285
DHUBRI,2025_04,7200000.0,Chapar (Pt),195,18-301-00114,18-301,dhubri,1028571.4285714285
DHUBRI,2025_04,7200000.0,Gossaigaon (Pt),77,18-301-00274,18-301,dhubri,1028571.4285714285
BARPETA,2025_10,399471.0,Kalgachia,232,18-303-00120,18-303,barpeta,66578.5
BARPETA,2025_10,399471.0,Baghbor,513,18-303-00121,18-303,barpeta,66578.5
BARPETA,2025_10,399471.0,Barpeta,316,18-303-00122,18-303,barpeta,66578.5
BARPETA,2025_10,399471.0,Sarthebari,262,18-303-00123,18-303,barpeta,66578.5
BARPETA,2025_10,399471.0,Barnagar (Pt),207,18-303-00264,18-303,barpeta,66578.5
BARPETA,2025_10,399471.0,Chenga,318,18-303-00266,18-303,barpeta,66578.5
CACHAR,2025_10,1412913.0,Katigora,744,18-316-00184,18-316,cachar,201844.7142857143
CACHAR,2025_10,1412913.0,Silchar,838,18-316-00185,18-316,cachar,201844.7142857143
CACHAR,2025_10,1412913.0,Udarbond,447,18-316-00186,18-316,cachar,201844.7142857143
CACHAR,2025_10,1412913.0,Sonai,1000,18-316-00187,18-316,cachar,201844.7142857143
CACHAR,2025_10,1412913.0,Lakhipur,754,18-316-00188,18-316,cachar,201844.7142857143
CACHAR,2025_10,1412913.0,South Salmara,435,18-758-00256,18-758,cachar,201844.7142857143
CACHAR,2025_10,1412913.0,Mankachar,249,18-758-00257,18-758,cachar,201844.7142857143
DARRANG,2025_10,400000.0,Khoirabari (Pt),53,18-325-00237,18-325,darrang,80000.0
DARRANG,2025_10,400000.0,Pathorighat (Pt),176,18-325-00238,18-325,darrang,80000.0
DARRANG,2025_10,400000.0,Sipajhar,293,18-325-00239,18-325,darrang,80000.0
DARRANG,2025_10,400000.0,Mangaldoi (Pt),440,18-325-00269,18-325,darrang,80000.0
DARRANG,2025_10,400000.0,Dalgaon (Pt),649,18-325-00270,18-325,darrang,80000.0
DHEMAJI,2025_10,1154000.0,Dhakuakhana (Pt-II),9,18-308-00148,18-308,dhemaji,192333.33333333334
DHEMAJI,2025_10,1154000.0,Subansiri (Pt-II),155,18-308-00149,18-308,dhemaji,192333.33333333334
DHEMAJI,2025_10,1154000.0,Dhemaji,396,18-308-00150,18-308,dhemaji,192333.33333333334
DHEMAJI,2025_10,1154000.0,Sissibargaon,746,18-308-00151,18-308,dhemaji,192333.33333333334
DHEMAJI,2025_10,1154000.0,Jonai,853,18-308-00152,18-308,dhemaji,192333.33333333334
DHEMAJI,2025_10,1154000.0,Gogamukh,324,18-308-00153,18-308,dhemaji,192333.33333333334
KARBI ANGLONG,2025_10,1643000.0,Diphu,2468,18-314-00178,18-314,karbi anglong,410750.0
KARBI ANGLONG,2025_10,1643000.0,Silonijan,1566,18-314-00179,18-314,karbi anglong,410750.0
KARBI ANGLONG,2025_10,1643000.0,Donka,3073,18-759-00255,18-759,karbi anglong,410750.0
KARBI ANGLONG,2025_10,1643000.0,Phuloni,3303,18-314-00275,18-314,karbi anglong,410750.0
KAMRUP,2025_10,4278000.0,Rangia(Pt),186,18-321-00208,18-321,kamrup,329076.92307692306
KAMRUP,2025_10,4278000.0,Koya,54,18-321-00209,18-321,kamrup,329076.92307692306
KAMRUP,2025_10,4278000.0,Kamalpur,250,18-321-00210,18-321,kamrup,329076.92307692306
KAMRUP,2025_10,4278000.0,Hajo,413,18-321-00211,18-321,kamrup,329076.92307692306
KAMRUP,2025_10,4278000.0,Chhaygaon,471,18-321-00212,18-321,kamrup,329076.92307692306
KAMRUP,2025_10,4278000.0,Goroimari,177,18-321-00213,18-321,kamrup,329076.92307692306
KAMRUP,2025_10,4278000.0,Chamaria,140,18-321-00214,18-321,kamrup,329076.92307692306
KAMRUP,2025_10,4278000.0,Nagarbera,115,18-321-00215,18-321,kamrup,329076.92307692306
KAMRUP,2025_10,4278000.0,Boko,514,18-321-00216,18-321,kamrup,329076.92307692306
KAMRUP,2025_10,4278000.0,NorthGuwahati,91,18-321-00217,18-321,kamrup,329076.92307692306
KAMRUP,2025_10,4278000.0,Jalah (Pt),56,18-321-00218,18-321,kamrup,329076.92307692306
KAMRUP,2025_10,4278000.0,Palasbari,393,18-321-00272,18-321,kamrup,329076.92307692306
KAMRUP,2025_10,4278000.0,Azara,423,18-321-00273,18-321,kamrup,329076.92307692306
KOKRAJHAR,2025_10,1456600.0,Gossaigaon (Pt),1069,18-300-00101,18-300,kokrajhar,182075.0
KOKRAJHAR,2025_10,1456600.0,Bhowraguri,159,18-300-00102,18-300,kokrajhar,182075.0
KOKRAJHAR,2025_10,1456600.0,Dotoma,304,18-300-00103,18-300,kokrajhar,182075.0
KOKRAJHAR,2025_10,1456600.0,Kokrajhar (Pt),990,18-300-00104,18-300,kokrajhar,182075.0
KOKRAJHAR,2025_10,1456600.0,Bagribari (Pt),281,18-300-00105,18-300,kokrajhar,182075.0
KOKRAJHAR,2025_10,1456600.0,Golokganj (Pt),103,18-300-00106,18-300,kokrajhar,182075.0
KOKRAJHAR,2025_10,1456600.0,Dhubri (Pt),124,18-300-00107,18-300,kokrajhar,182075.0
KOKRAJHAR,2025_10,1456600.0,Chapar (Pt),101,18-300-00108,18-300,kokrajhar,182075.0
LAKHIMPUR,2025_10,1308000.0,Narayanpur,380,18-307-00141,18-307,lakhimpur,186857.14285714287
LAKHIMPUR,2025_10,1308000.0,Bihpuria,407,18-307-00142,18-307,lakhimpur,186857.14285714287
LAKHIMPUR,2025_10,1308000.0,Naobaicha,330,18-307-00143,18-307,lakhimpur,186857.14285714287
LAKHIMPUR,2025_10,1308000.0,Kadam,523,18-307-00144,18-307,lakhimpur,186857.14285714287
LAKHIMPUR,2025_10,1308000.0,North Lakhimpur,616,18-307-00145,18-307,lakhimpur,186857.14285714287
LAKHIMPUR,2025_10,1308000.0,Dhakuakhana (Pt-I),462,18-307-00146,18-307,lakhimpur,186857.14285714287
LAKHIMPUR,2025_10,1308000.0,Subansiri (Pt-I),280,18-307-00147,18-307,lakhimpur,186857.14285714287
MAJULI,2025_10,55335000.0,Ujani Majuli,322,18-760-00280,18-760,majuli,27667500.0
MAJULI,2025_10,55335000.0,Majuli,648,18-760-00281,18-760,majuli,27667500.0
MORIGAON,2025_10,950000.0,Bhuragaon,219,18-304-00126,18-304,morigaon,190000.0
MORIGAON,2025_10,950000.0,Laharighat,233,18-304-00127,18-304,morigaon,190000.0
MORIGAON,2025_10,950000.0,Marigaon,390,18-304-00128,18-304,morigaon,190000.0
MORIGAON,2025_10,950000.0,Mikirbheta,184,18-304-00129,18-304,morigaon,190000.0
MORIGAON,2025_10,950000.0,Mayong,486,18-304-00271,18-304,morigaon,190000.0
UDALGURI,2025_10,1219400.0,Dhekiajuli (Pt),41,18-326-00240,18-326,udalguri,135488.88888888888
UDALGURI,2025_10,1219400.0,Khoirabari (Pt),163,18-326-00241,18-326,udalguri,135488.88888888888
UDALGURI,2025_10,1219400.0,Pathorighat (Pt),2,18-326-00242,18-326,udalguri,135488.88888888888
UDALGURI,2025_10,1219400.0,Mangaldoi (Pt),6,18-326-00243,18-326,udalguri,135488.88888888888
UDALGURI,2025_10,1219400.0,Dalgaon (Pt),63,18-326-00244,18-326,udalguri,135488.88888888888
UDALGURI,2025_10,1219400.0,Harisinga,626,18-326-00245,18-326,udalguri,135488.88888888888
UDALGURI,2025_10,1219400.0,Udalguri,569,18-326-00246,18-326,udalguri,135488.88888888888
UDALGURI,2025_10,1219400.0,Mazbat,325,18-326-00247,18-326,udalguri,135488.88888888888
UDALGURI,2025_10,1219400.0,Kalaigaon (Pt),192,18-326-00268,18-326,udalguri,135488.88888888888
BAJALI,2026_01,204512400.0,Bajali (Pt),167,18-799-00124,18-799,bajali,68170800.0
BAJALI,2026_01,204512400.0,Jalah (Pt),41,18-799-00125,18-799,bajali,68170800.0
BAJALI,2026_01,204512400.0,Sarupeta (Pt),262,18-799-00265,18-799,bajali,68170800.0
BAKSA,2026_01,118590500.0,Baganpara (Pt),212,18-324-00260,18-324,baksa,16941500.0
BAKSA,2026_01,118590500.0,Barnagar (Pt),460,18-324-00231,18-324,baksa,16941500.0
BAKSA,2026_01,118590500.0,Ghograpar (Pt),35,18-324-00232,18-324,baksa,16941500.0
BAKSA,2026_01,118590500.0,Jalah (Pt),292,18-324-00233,18-324,baksa,16941500.0
BAKSA,2026_01,118590500.0,Barama,96,18-324-00234,18-324,baksa,16941500.0
BAKSA,2026_01,118590500.0,Baksa,296,18-324-00262,18-324,baksa,16941500.0
BAKSA,2026_01,118590500.0,Sarupeta (Pt),135,18-324-00263,18-324,baksa,16941500.0
BISWANATH,2026_01,9985000.0,Biswanath,1042,18-756-00249,18-756,biswanath,3328333.3333333335
BISWANATH,2026_01,9985000.0,Helem,427,18-756-00250,18-756,biswanath,3328333.3333333335
BISWANATH,2026_01,9985000.0,Gohpur,314,18-756-00251,18-756,biswanath,3328333.3333333335
BONGAIGAON,2026_01,5813339.999999999,Bongaigaon(Pt),189,18-319-00198,18-319,bongaigaon,1162667.9999999998
BONGAIGAON,2026_01,5813339.999999999,Boitamari,297,18-319-00199,18-319,bongaigaon,1162667.9999999998
BONGAIGAON,2026_01,5813339.999999999,Srijangram,348,18-319-00200,18-319,bongaigaon,1162667.9999999998
BONGAIGAON,2026_01,5813339.999999999,Sidli (Pt-II),85,18-319-00201,18-319,bongaigaon,1162667.9999999998
BONGAIGAON,2026_01,5813339.999999999,Manikpur,169,18-319-00202,18-319,bongaigaon,1162667.9999999998
CACHAR,2026_01,1536513000.0,Katigora,744,18-316-00184,18-316,cachar,219501857.14285713
CACHAR,2026_01,1536513000.0,Silchar,838,18-316-00185,18-316,cachar,219501857.14285713
CACHAR,2026_01,1536513000.0,Udarbond,447,18-316-00186,18-316,cachar,219501857.14285713
CACHAR,2026_01,1536513000.0,Sonai,1000,18-316-00187,18-316,cachar,219501857.14285713
CACHAR,2026_01,1536513000.0,Lakhipur,754,18-316-00188,18-316,cachar,219501857.14285713
CACHAR,2026_01,1536513000.0,South Salmara,435,18-758-00256,18-758,cachar,219501857.14285713
CACHAR,2026_01,1536513000.0,Mankachar,249,18-758-00257,18-758,cachar,219501857.14285713
DARRANG,2026_01,623724170.0,Khoirabari (Pt),53,18-325-00237,18-325,darrang,124744834.0
DARRANG,2026_01,623724170.0,Pathorighat (Pt),176,18-325-00238,18-325,darrang,124744834.0
DARRANG,2026_01,623724170.0,Sipajhar,293,18-325-00239,18-325,darrang,124744834.0
DARRANG,2026_01,623724170.0,Mangaldoi (Pt),440,18-325-00269,18-325,darrang,124744834.0
DARRANG,2026_01,623724170.0,Dalgaon (Pt),649,18-325-00270,18-325,darrang,124744834.0
DHEMAJI,2026_01,21050300.0,Dhakuakhana (Pt-II),9,18-308-00148,18-308,dhemaji,3508383.3333333335
DHEMAJI,2026_01,21050300.0,Subansiri (Pt-II),155,18-308-00149,18-308,dhemaji,3508383.3333333335
DHEMAJI,2026_01,21050300.0,Dhemaji,396,18-308-00150,18-308,dhemaji,3508383.3333333335
DHEMAJI,2026_01,21050300.0,Sissibargaon,746,18-308-00151,18-308,dhemaji,3508383.3333333335
DHEMAJI,2026_01,21050300.0,Jonai,853,18-308-00152,18-308,dhemaji,3508383.3333333335
DHEMAJI,2026_01,21050300.0,Gogamukh,324,18-308-00153,18-308,dhemaji,3508383.3333333335
DHUBRI,2026_01,60578419.99999999,Bagribari (Pt),213,18-301-00109,18-301,dhubri,8654059.999999998
DHUBRI,2026_01,60578419.99999999,Agamoni,221,18-301-00110,18-301,dhubri,8654059.999999998
DHUBRI,2026_01,60578419.99999999,Golokganj (Pt),199,18-301-00111,18-301,dhubri,8654059.999999998
DHUBRI,2026_01,60578419.99999999,Dhubri (Pt),357,18-301-00112,18-301,dhubri,8654059.999999998
DHUBRI,2026_01,60578419.99999999,Bilasipara (Pt),295,18-301-00113,18-301,dhubri,8654059.999999998
DHUBRI,2026_01,60578419.99999999,Chapar (Pt),195,18-301-00114,18-301,dhubri,8654059.999999998
DHUBRI,2026_01,60578419.99999999,Gossaigaon (Pt),77,18-301-00274,18-301,dhubri,8654059.999999998
DIBRUGARH,2026_01,17238570.0,Dibrugarh West,723,18-310-00158,18-310,dibrugarh,2462652.8571428573
DIBRUGARH,2026_01,17238570.0,Dibrugarh East,393,18-310-00159,18-310,dibrugarh,2462652.8571428573
DIBRUGARH,2026_01,17238570.0,Chabua,658,18-310-00160,18-310,dibrugarh,2462652.8571428573
DIBRUGARH,2026_01,17238570.0,Tengakhat,355,18-310-00161,18-310,dibrugarh,2462652.8571428573
DIBRUGARH,2026_01,17238570.0,Moran,395,18-310-00162,18-310,dibrugarh,2462652.8571428573
DIBRUGARH,2026_01,17238570.0,Tingkhong,391,18-310-00163,18-310,dibrugarh,2462652.8571428573
DIBRUGARH,2026_01,17238570.0,Naharkatiya,464,18-310-00164,18-310,dibrugarh,2462652.8571428573
DIMA HASAO,2026_01,337693500.0,Umrangso,1460,18-315-00180,18-315,dima hasao,84423375.0
DIMA HASAO,2026_01,337693500.0,Haflong,1024,18-315-00181,18-315,dima hasao,84423375.0
DIMA HASAO,2026_01,337693500.0,Mahur,568,18-315-00182,18-315,dima hasao,84423375.0
DIMA HASAO,2026_01,337693500.0,Maibong,1832,18-315-00183,18-315,dima hasao,84423375.0
GOLAGHAT,2026_01,209458550.0,Bokakhat,850,18-313-00172,18-313,golaghat,34909758.333333336
GOLAGHAT,2026_01,209458550.0,Khumtai,473,18-313-00173,18-313,golaghat,34909758.333333336
GOLAGHAT,2026_01,209458550.0,Dergaon,323,18-313-00174,18-313,golaghat,34909758.333333336
GOLAGHAT,2026_01,209458550.0,Golaghat,658,18-313-00175,18-313,golaghat,34909758.333333336
GOLAGHAT,2026_01,209458550.0,Morangi,319,18-313-00176,18-313,golaghat,34909758.333333336
GOLAGHAT,2026_01,209458550.0,Sarupathar,900,18-313-00177,18-313,golaghat,34909758.333333336
HAILAKANDI,2026_01,58773100.0,Algapur,156,18-318-00194,18-318,hailakandi,14693275.0
HAILAKANDI,2026_01,58773100.0,Hailakandi,161,18-318-00195,18-318,hailakandi,14693275.0
HAILAKANDI,2026_01,58773100.0,Lala,270,18-318-00196,18-318,hailakandi,14693275.0
HAILAKANDI,2026_01,58773100.0,Katlichara,742,18-318-00197,18-318,hailakandi,14693275.0
HOJAI,2026_01,1190800.0,Hojai,265,18-757-00252,18-757,hojai,396933.3333333333
HOJAI,2026_01,1190800.0,Doboka,318,18-757-00253,18-757,hojai,396933.3333333333
HOJAI,2026_01,1190800.0,Lanka,873,18-757-00254,18-757,hojai,396933.3333333333
KAMRUP,2026_01,341037780.0,Rangia(Pt),186,18-321-00208,18-321,kamrup,26233675.384615384
KAMRUP,2026_01,341037780.0,Koya,54,18-321-00209,18-321,kamrup,26233675.384615384
KAMRUP,2026_01,341037780.0,Kamalpur,250,18-321-00210,18-321,kamrup,26233675.384615384
KAMRUP,2026_01,341037780.0,Hajo,413,18-321-00211,18-321,kamrup,26233675.384615384
KAMRUP,2026_01,341037780.0,Chhaygaon,471,18-321-00212,18-321,kamrup,26233675.384615384
KAMRUP,2026_01,341037780.0,Goroimari,177,18-321-00213,18-321,kamrup,26233675.384615384
KAMRUP,2026_01,341037780.0,Chamaria,140,18-321-00214,18-321,kamrup,26233675.384615384
KAMRUP,2026_01,341037780.0,Nagarbera,115,18-321-00215,18-321,kamrup,26233675.384615384
KAMRUP,2026_01,341037780.0,Boko,514,18-321-00216,18-321,kamrup,26233675.384615384
KAMRUP,2026_01,341037780.0,NorthGuwahati,91,18-321-00217,18-321,kamrup,26233675.384615384
KAMRUP,2026_01,341037780.0,Jalah (Pt),56,18-321-00218,18-321,kamrup,26233675.384615384
KAMRUP,2026_01,341037780.0,Palasbari,393,18-321-00272,18-321,kamrup,26233675.384615384
KAMRUP,2026_01,341037780.0,Azara,423,18-321-00273,18-321,kamrup,26233675.384615384
KAMRUP METRO,2026_01,1642000.0000000002,Guwahati,101,18-322-00219,18-322,kamrup metro,410500.00000000006
KAMRUP METRO,2026_01,1642000.0000000002,Sonapur,493,18-322-00220,18-322,kamrup metro,410500.00000000006
KAMRUP METRO,2026_01,1642000.0000000002,Chandrapur,125,18-322-00221,18-322,kamrup metro,410500.00000000006
KAMRUP METRO,2026_01,1642000.0000000002,North Guwahati (Pt),115,18-322-00267,18-322,kamrup metro,410500.00000000006
KARIMGANJ,2026_01,54000000.0,Karimganj,178,18-317-00189,18-317,karimganj,10800000.0
KARIMGANJ,2026_01,54000000.0,Badarpur,134,18-317-00190,18-317,karimganj,10800000.0
KARIMGANJ,2026_01,54000000.0,Nilambazar,280,18-317-00191,18-317,karimganj,10800000.0
KARIMGANJ,2026_01,54000000.0,Patharkandi,672,18-317-00192,18-317,karimganj,10800000.0
KARIMGANJ,2026_01,54000000.0,RamkrishnaNagar,575,18-317-00193,18-317,karimganj,10800000.0
KOKRAJHAR,2026_01,576000.0,Gossaigaon (Pt),1069,18-300-00101,18-300,kokrajhar,72000.0
KOKRAJHAR,2026_01,576000.0,Bhowraguri,159,18-300-00102,18-300,kokrajhar,72000.0
KOKRAJHAR,2026_01,576000.0,Dotoma,304,18-300-00103,18-300,kokrajhar,72000.0
KOKRAJHAR,2026_01,576000.0,Kokrajhar (Pt),990,18-300-00104,18-300,kokrajhar,72000.0
KOKRAJHAR,2026_01,576000.0,Bagribari (Pt),281,18-300-00105,18-300,kokrajhar,72000.0
KOKRAJHAR,2026_01,576000.0,Golokganj (Pt),103,18-300-00106,18-300,kokrajhar,72000.0
KOKRAJHAR,2026_01,576000.0,Dhubri (Pt),124,18-300-00107,18-300,kokrajhar,72000.0
KOKRAJHAR,2026_01,576000.0,Chapar (Pt),101,18-300-00108,18-300,kokrajhar,72000.0
LAKHIMPUR,2026_01,266161900.0,Narayanpur,380,18-307-00141,18-307,lakhimpur,38023128.571428575
LAKHIMPUR,2026_01,266161900.0,Bihpuria,407,18-307-00142,18-307,lakhimpur,38023128.571428575
LAKHIMPUR,2026_01,266161900.0,Naobaicha,330,18-307-00143,18-307,lakhimpur,38023128.571428575
LAKHIMPUR,2026_01,266161900.0,Kadam,523,18-307-00144,18-307,lakhimpur,38023128.571428575
LAKHIMPUR,2026_01,266161900.0,North Lakhimpur,616,18-307-00145,18-307,lakhimpur,38023128.571428575
LAKHIMPUR,2026_01,266161900.0,Dhakuakhana (Pt-I),462,18-307-00146,18-307,lakhimpur,38023128.571428575
LAKHIMPUR,2026_01,266161900.0,Subansiri (Pt-I),280,18-307-00147,18-307,lakhimpur,38023128.571428575
MAJULI,2026_01,45000000.0,Ujani Majuli,322,18-760-00280,18-760,majuli,22500000.0
MAJULI,2026_01,45000000.0,Majuli,648,18-760-00281,18-760,majuli,22500000.0
MORIGAON,2026_01,2432000.0,Bhuragaon,219,18-304-00126,18-304,morigaon,486400.0
MORIGAON,2026_01,2432000.0,Laharighat,233,18-304-00127,18-304,morigaon,486400.0
MORIGAON,2026_01,2432000.0,Marigaon,390,18-304-00128,18-304,morigaon,486400.0
MORIGAON,2026_01,2432000.0,Mikirbheta,184,18-304-00129,18-304,morigaon,486400.0
MORIGAON,2026_01,2432000.0,Mayong,486,18-304-00271,18-304,morigaon,486400.0
NAGAON,2026_01,130320000.0,Kaliabor,580,18-305-00130,18-305,nagaon,18617142.85714286
NAGAON,2026_01,130320000.0,Samaguri,342,18-305-00131,18-305,nagaon,18617142.85714286
NAGAON,2026_01,130320000.0,Rupahi,306,18-305-00132,18-305,nagaon,18617142.85714286
NAGAON,2026_01,130320000.0,Dhing,248,18-305-00133,18-305,nagaon,18617142.85714286
NAGAON,2026_01,130320000.0,Nagaon,372,18-305-00134,18-305,nagaon,18617142.85714286
NAGAON,2026_01,130320000.0,Raha,341,18-305-00135,18-305,nagaon,18617142.85714286
NAGAON,2026_01,130320000.0,Kampur,375,18-305-00136,18-305,nagaon,18617142.85714286
SONITPUR,2026_01,1748999.9999999998,Dhekiajuli (Pt),1231,18-306-00137,18-306,sonitpur,437249.99999999994
SONITPUR,2026_01,1748999.9999999998,Chariduar,1000,18-306-00138,18-306,sonitpur,437249.99999999994
SONITPUR,2026_01,1748999.9999999998,Tezpur,546,18-306-00139,18-306,sonitpur,437249.99999999994
SONITPUR,2026_01,1748999.9999999998,Na-Duar,668,18-306-00140,18-306,sonitpur,437249.99999999994
TAMULPUR,2026_01,50930000.0,Rangia (Pt),23,18-816-00235,18-816,tamulpur,10186000.0
TAMULPUR,2026_01,50930000.0,Pathorighat (Pt),4,18-816-00236,18-816,tamulpur,10186000.0
TAMULPUR,2026_01,50930000.0,Bajali (Pt),18,18-816-00258,18-816,tamulpur,10186000.0
TAMULPUR,2026_01,50930000.0,Goreswar (Pt),283,18-816-00259,18-816,tamulpur,10186000.0
TAMULPUR,2026_01,50930000.0,Tamulpur,549,18-816-00261,18-816,tamulpur,10186000.0
UDALGURI,2026_01,378427250.0,Dhekiajuli (Pt),41,18-326-00240,18-326,udalguri,42047472.222222224
UDALGURI,2026_01,378427250.0,Khoirabari (Pt),163,18-326-00241,18-326,udalguri,42047472.222222224
UDALGURI,2026_01,378427250.0,Pathorighat (Pt),2,18-326-00242,18-326,udalguri,42047472.222222224
UDALGURI,2026_01,378427250.0,Mangaldoi (Pt),6,18-326-00243,18-326,udalguri,42047472.222222224
UDALGURI,2026_01,378427250.0,Dalgaon (Pt),63,18-326-00244,18-326,udalguri,42047472.222222224
UDALGURI,2026_01,378427250.0,Harisinga,626,18-326-00245,18-326,udalguri,42047472.222222224
UDALGURI,2026_01,378427250.0,Udalguri,569,18-326-00246,18-326,udalguri,42047472.222222224
UDALGURI,2026_01,378427250.0,Mazbat,325,18-326-00247,18-326,udalguri,42047472.222222224
UDALGURI,2026_01,378427250.0,Kalaigaon (Pt),192,18-326-00268,18-326,udalguri,42047472.222222224
DARRANG,2024_03,1864999.9999999998,Khoirabari (Pt),53,18-325-00237,18-325,darrang,372999.99999999994
DARRANG,2024_03,1864999.9999999998,Pathorighat (Pt),176,18-325-00238,18-325,darrang,372999.99999999994
DARRANG,2024_03,1864999.9999999998,Sipajhar,293,18-325-00239,18-325,darrang,372999.99999999994
DARRANG,2024_03,1864999.9999999998,Mangaldoi (Pt),440,18-325-00269,18-325,darrang,372999.99999999994
DARRANG,2024_03,1864999.9999999998,Dalgaon (Pt),649,18-325-00270,18-325,darrang,372999.99999999994
DHEMAJI,2024_03,1643000.0,Dhakuakhana (Pt-II),9,18-308-00148,18-308,dhemaji,273833.3333333333
DHEMAJI,2024_03,1643000.0,Subansiri (Pt-II),155,18-308-00149,18-308,dhemaji,273833.3333333333
DHEMAJI,2024_03,1643000.0,Dhemaji,396,18-308-00150,18-308,dhemaji,273833.3333333333
DHEMAJI,2024_03,1643000.0,Sissibargaon,746,18-308-00151,18-308,dhemaji,273833.3333333333
DHEMAJI,2024_03,1643000.0,Jonai,853,18-308-00152,18-308,dhemaji,273833.3333333333
DHEMAJI,2024_03,1643000.0,Gogamukh,324,18-308-00153,18-308,dhemaji,273833.3333333333
