object_id,mean_sex_ratio
18-300-00101,0.9384340966717976
18-300-00102,0.939700908916365
18-300-00103,0.9396969699454272
18-300-00104,0.9388470961908348
18-300-00105,0.93451806176218
18-300-00106,0.9345159648662238
18-300-00107,0.9345217480812849
18-300-00108,0.9349600155341288
18-301-00109,0.9345173384983666
18-301-00110,0.9361254144998798
18-301-00111,0.9388237854724152
18-301-00112,0.9385908168984568
18-301-00113,0.935016906963763
18-301-00114,0.935797985327049
18-301-00274,0.9379428478957244
18-302-00115,0.944887325357854
18-302-00116,0.9465194945232264
18-302-00117,0.9449737178211016
18-302-00118,0.9456939095822872
18-302-00119,0.9445332784087576
18-303-00120,0.938783920968306
18-303-00121,0.936865121999811
18-303-00122,0.93686526130298
18-303-00123,0.9368654473532876
18-303-00264,0.9426571234923552
18-303-00266,0.9367866059925886
18-304-00126,0.9479707707095544
18-304-00127,0.947960595047166
18-304-00128,0.9479625435996472
18-304-00129,0.9478605420769968
18-304-00271,0.9466702272699794
18-305-00130,0.9398911023436308
18-305-00131,0.9409929040904416
18-305-00132,0.9403005643419536
18-305-00133,0.9420525161263222
18-305-00134,0.9410126546918434
18-305-00135,0.9424625371217225
18-305-00136,0.9405949123824796
18-306-00137,0.9313811729820916
18-306-00138,0.9311001949555632
18-306-00139,0.9312851927206932
18-306-00140,0.9311222159662184
18-307-00141,0.94421262841848
18-307-00142,0.9455154248189716
18-307-00143,0.9456122824259116
18-307-00144,0.9453068919591192
18-307-00145,0.9455887952782313
18-307-00146,0.9437687683839816
18-307-00147,0.9455772298293356
18-308-00148,0.9303976844028978
18-308-00149,0.9307503540085376
18-308-00150,0.931176109071962
18-308-00151,0.9304305409865914
18-308-00152,0.9311910890939809
18-308-00153,0.9319004842649804
18-309-00154,0.9284244871286887
18-309-00155,0.9287309255951932
18-309-00156,0.9304852411320548
18-309-00157,0.9273009808396918
18-310-00158,0.9386949919650104
18-310-00159,0.9391018544892046
18-310-00160,0.9381697628008072
18-310-00161,0.9390691195697112
18-310-00162,0.938827440188639
18-310-00163,0.9388987499116214
18-310-00164,0.9385106158553228
18-311-00165,0.9315357058505862
18-311-00166,0.9320936358895472
18-311-00167,0.9311749905834102
18-311-00168,0.9305517134134476
18-312-00169,0.9410798654330332
18-312-00170,0.9414638997678194
18-312-00171,0.941396199231365
18-312-00276,0.941431723717146
18-312-00277,0.9414300047327538
18-313-00172,0.9390720949234804
18-313-00173,0.9410593323438984
18-313-00174,0.9407332157211415
18-313-00175,0.9408210427930715
18-313-00176,0.9390986842659728
18-313-00177,0.939584455998445
18-314-00178,0.9133606963587526
18-314-00179,0.9285852132239294
18-314-00275,0.9291991634735868
18-315-00180,0.9075047741277004
18-315-00181,0.9097042797922412
18-315-00182,0.9034300463987998
18-315-00183,0.9036612893279952
18-316-00184,0.9421171314238596
18-316-00185,0.9390656964465376
18-316-00186,0.9391215991269476
18-316-00187,0.9392248577030128
18-316-00188,0.941774462155764
18-317-00189,0.9472068588039246
18-317-00190,0.9422755918467248
18-317-00191,0.9422165565602766
18-317-00192,0.9421901110578416
18-317-00193,0.9419205653803068
18-318-00194,0.9288086751873176
18-318-00195,0.9273689231958072
18-318-00196,0.9273505415873596
18-318-00197,0.927737691585812
18-319-00198,0.9487280552105772
18-319-00199,0.9477610738636398
18-319-00200,0.9476405443493622
18-319-00201,0.9475117037284712
18-319-00202,0.9487262041286606
18-320-00203,0.9397674292752176
18-320-00204,0.9514172104860348
18-320-00205,0.9416706784839882
18-320-00206,0.947820016700572
18-320-00207,0.9487185449459764
18-321-00208,0.9300775644651428
18-321-00209,0.930073053967239
18-321-00210,0.9301133803556376
18-321-00211,0.929986134141827
18-321-00212,0.930816646954546
18-321-00213,0.9300824821631128
18-321-00214,0.9304689870550872
18-321-00215,0.9305636831542928
18-321-00216,0.9306198164798424
18-321-00217,0.9300783776865575
18-321-00218,0.9305961744013956
18-321-00272,0.9300781556028068
18-321-00273,0.9218397547174976
18-322-00219,0.9130879795294852
18-322-00220,0.9129375476710624
18-322-00221,0.91272495148817
18-322-00267,0.914259170718748
18-323-00222,0.9301266409901294
18-323-00223,0.9294586421376668
18-323-00224,0.9294266524844108
18-323-00225,0.9293235460370072
18-323-00226,0.9293249585219416
18-323-00227,0.9293288495869324
18-323-00228,0.92996387966094
18-323-00230,0.9299764632427352
18-324-00231,0.9556981730676922
18-324-00232,0.9497170764299482
18-324-00233,0.9555714325534206
18-324-00234,0.9499545250080093
18-324-00260,0.9556854498172698
18-324-00262,0.9554606469510204
18-324-00263,0.9556972787899052
18-325-00237,0.9359048977736616
18-325-00238,0.9365314338978206
18-325-00239,0.9327968853883012
18-325-00269,0.9338368078656806
18-325-00270,0.9343809012225436
18-326-00240,0.9311780004879006
18-326-00241,0.9483884920765072
18-326-00242,0.941826694983555
18-326-00243,0.9352004358392954
18-326-00244,0.9342656764222996
18-326-00245,0.9518912072897084
18-326-00246,0.9516856415574731
18-326-00247,0.9492553320033876
18-326-00268,0.9522780220171247
18-755-00248,0.9315541107744474
18-755-00278,0.9308610584908924
18-755-00279,0.9314376915142208
18-756-00249,0.9314799876549362
18-756-00250,0.9311534001045644
18-756-00251,0.9317861279436312
18-757-00252,0.9404782032476756
18-757-00253,0.94049031202989
18-757-00254,0.9402354977139092
18-758-00256,0.9362696863360174
18-758-00257,0.954309021002149
18-759-00255,0.9288066466831548
18-760-00280,0.94216679775236
18-760-00281,0.9413387691501413
18-799-00124,0.9365834049793956
18-799-00125,0.937600627321583
18-799-00265,0.9405378921444976
18-816-00235,0.9536176713451604
18-816-00236,0.933472700195424
18-816-00258,0.9366487510928876
18-816-00259,0.9553718784797356
18-816-00261,0.9551544287864042
