name,0
"Dr. Ravi Kota, IAS",6
Biswajit Kalita,5
Varshaty Das,4
Dr. Sadique Ali Ahmed,4
Debajit Bhuyan,4
Sudip Kr. Roy,3
Shri Paban Kumar Borthakur,3
Biraj Das,3
Rakesh Das,3
Paban Terang,3
Pranab Borah,3
P. Saikia,3
"Shri Jishnu Barua, IAS",3
Hemanga Talukdar,3
Seema Rabha,3
"Shri Syedain Abbasi, IAS",2
"Dr. Sadnek Singh, IAS",2
Nagendra Karmakar,2
Dipak Kr. Bora,2
Munindra Sharma,2
S.C Das,2
Bhaskar J. Sarmah,2
Bijoy Sarma,2
"Dr. K Kumari, IAS",2
Himangshu Baruah,2
Deep Pegu,2
Dr. Diganta Barman,2
Sandip Das,2
"Shri Shyamal Kshetra Gogoi, ACS",2
Deba Kumar Kalita,2
"Dr. Om Prakash, IAS",2
"D. Mukherjee, IPS",2
Sanjib Kr. Bhattacharya,2
Dr. Om Prakash,2
Sanjiv Shyam,2
"Meenakshi Das Nath, ACS",2
Kavyashree Mahanta,2
Avinash Joshi,2
Gyanendra Dev Tripathi,2
"Gyanendra Dev Tripathi, IAS",2
Hiren Das,2
A. Narzari,2
Vacant,2
"Harmeet Singh, IPS",2
Tridiv Bora,2
R.N. Das,2
Krishna Das,2
Rahul Dev Basumatary,2
"Surendra Kumar, IPS",2
Indrajit Phukan,2
Lakshya Jyoti Hazarika,2
Poorvi Nath,2
Pooravi Nath,2
Sanjoy Dutta,2
Jeeten Das,2
Anasua Dutta Barua,2
Shri Avinash Joshi,2
Gayatri Bhattacharya,2
Arunasis Chakraborty,2
Shri Palashjyoti Goswami,2
FM Siddique,2
Deba Kr. Kalita,2
Jayanta Kr. Das,2
S N Singh,2
Shri B. Rongpi,1
Shri Bhaben Hazarika,1
Shri Bipul Bhattacharyya,1
Shri Bijayanta Goswami,1
Shri Bimal Kalita,1
Shri Dibajyoti Duarah,1
Shri Biren Baishya,1
Shri Gautam Das,1
Shri Hiren Das,1
Shri Hemant Baishya,1
"Shri Harmeet Singh, IPS",1
"Shri Gyanendra Dev Tripathi, IAS",1
Shri Gyanendra Dev Tripathi,1
Shri Ghanshyam Das,1
Shri Gautam Talukdar,1
Shri Gaurav Bothra,1
Shri Borsing Rongpi,1
Shri Gadadhar Kalita,1
Shri Dilip Kr. Talukdar,1
Shri Dhanjit Kr. Das,1
"Shri Debashis Kumar, IAS, JRB",1
Shri Deba Kumar Kalita,1
Shri D. K. Borkakoty,1
Shri Chandana Deka,1
"Shri B. Kalyan Chakravarthy, IAS",1
A K Das,1
Shri B. Kalyan C,1
"Shri Avinash Joshi, IAS",1
S. Baruah,1
"S. Abbasi, IAS",1
"S,K. Gogoi",1
"S N Singh, IPS",1
"S C Das, AHGS, Sr. S.O HG (G)",1
Ruth Lienthang,1
Rouf Ahmed,1
Roopjyoti Saharia,1
"Rita Gogoi, Joint Secretary",1
Ripunjoy Kakati,1
Richand Ahmed,1
Representative of ASDMA,1
Ratan Daimari,1
Ranjit Swargiary,1
Rajib Gogoi,1
Rahul Javir,1
"R.R. Bora, IAS",1
R.K. Gowsami,1
R.D. Choudhury,1
"R. R. Bora, ACS",1
R. R. Bora,1
S. C. Das,1
S.J. Rahman,1
S.M. Zahid Chistie,1
"Shri A.K. Sinha Casshyap, IPS",1
Shri Apurba Kr. Hazarika,1
"Shri Anok Kumar Tiwari, IAS",1
"Shri Anbamuthan M P, IAS",1
Shri Ananta Samanta,1
Shri Ananda Kr. Das,1
Shri Alexander Prasad Sinha,1
"Shri Alakananda Medhi, ACS",1
"Shri Akash Deep, IAS",1
Shri Abhijit Deka,1
"Shri Jadav Saikia, IAS",1
"S.N. Chowdhury, ACS",1
Sanjib Kr. Bhttacharya,1
Sanjib Kr Bhatacharya,1
Sanjib K. Bhattacharya,1
Sanjay Dutta,1
"Sangita Saikia, OSD",1
Sangita Saikia,1
Samiran Das,1
Sachindra Das,1
S.R. Bardhan,1
Santanu Sarmah,1
Shri M. R. Das,1
Shri Jayanta Dutta,1
"Smt. Meenakshi Das Nath, ACS",1
"Smt. L. Sweety Changsang, IAS",1
"Smt. Jolly Das Brahma, ACS",1
Smt. Jayshree Khersa,1
"Smt. Dipshikha Dey, ACS",1
Siddhartha S. Sarmah,1
Siddartha S. Sarmah,1
Sibha Medak,1
Siba Kanta Sarma,1
"Shri. Narsing Pawar, IAS",1
"Shri. Anant Lal Gyani, IAS",1
Shri Y.K. Gautam,1
Shri Tej Prasad Bhusal,1
Shri Tapan Kr. Gogoi,1
Shri Syedain Abbasi,1
Shri Sushil Das,1
"Shri Sudhakar Singh, IAS",1
Shri Subrata Roy Bardhan,1
Shri Siju Das,1
Shri Shantanoo Bhattacharyya,1
Shri Shamim Ahmed Laskar,1
Shri Sanjib Das,1
Smt. Madhumita Nath,1
Smt. Minakshi Das,1
Shri Sachindra Das,1
Smt. Ruby Gogoi,1
"Varshaty Das, ACS",1
Uttam Bhowmik,1
Tripurendra Patar,1
Trailukya Deori,1
"Tej Prasad Bhusal, ACS",1
Tej Prasad Bhusal,1
Tapan Kr. Gogoi,1
Tafikur Rahman,1
Sunil Kr Paul,1
Suleman Ali Ahmed,1
Sudip Mitra,1
Subrata Roy Bardhan,1
Su dip Kr. Roy,1
Sri Hriday Ranjan Das,1
Sri Debajit Bhuyan,1
Smti. Sangita Saikia,1
"Smti. Meenakshi Das Nath, ACS",1
"Smti Meenakshi Das Nath, ACS",1
Smti Indrani Laskar,1
Smt. Varshaty Das,1
Smt. Smita Chetia,1
Shri Samir Kr. Sinha,1
"Shri S. Abbasi, IAS",1
Shri Kausar Jamil Hilaly,1
Shri Paban Terang,1
Shri P.K. Laha Choudhury,1
Shri P.K. Das,1
Shri Niraj Verma,1
Shri Narayan Prasad Das,1
Shri Nandita Regon Borah,1
Shri N.K. Debnath,1
Shri Mukta Ram Deka,1
Shri Mukesh Agarwal,1
"Shri Manish Thakur, IAS",1
"Shri M.S. Manivannan, IAS",1
Shri M.S. Manivannan,1
Shri M.A. Ahmed,1
Pushpanjali Das,1
"Shri M. C. Sahu, IAS",1
Shri Lohit Gogoi,1
Shri Kusumbar Choudhury,1
"Shri Kumar Sanjay Krishna, IAS",1
Shri Kulendra Talukdar,1
Shri Kuladhar Saikia,1
Shri Krishna Das,1
Shri Kaustav Talukdar,1
"Shri Paban Kr. Borthakur, IAS",1
Shri Pabitra Ram Khaund,1
Shri S. Abbasi,1
Shri Partha P. Majumdar,1
Shri Rupamjyoti Bora,1
Shri Ronney P. Rajkumar,1
Shri Ravi Shankar Prasad,1
Shri Ranjit Sharma,1
Shri Ranadhar Ranjan Paul,1
"Shri Rakesh Kumar, IAS",1
Shri Rakesh Kumar,1
"Shri Rajesh Prasad, IAS",1
Shri Rajesh Kemprai,1
Shri Rajesh Kempari,1
Shri Rajesh Dutta,1
Shri Raj Chakravarty,1
Shri Rabindra Ch. Kalita,1
"Shri R.S. Bharti, IFS",1
Shri R. Kemprai,1
Shri R. K. Patowary,1
Shri Preetam Saikia,1
"Shri Prasanta Kumar Bhuyan, IPS",1
Shri Pran Krishna Gogoi,1
Shri Prafulla Mahanta,1
Shri Pradip Kumar Dutta,1
R. C Borthakur,1
P.R Khaund,1
Pulin Bhuyan,1
"Borsingh Rongpi, Chief Engineer",1
Dilip Kr. Borah,1
Diganta Kumar Baruah,1
Dibyajyoti Durrah,1
"Dibyajyoti Daurah, Dy Secy",1
Dhrubajyoti Baishya,1
Dhiraj Saikia,1
Dhaneshwar Boro,1
Deputy Commissioner,1
Deepjyoti Gogoi,1
Deepanjali Brahma,1
Deepak Singh Raghuvansi,1
D.K. Borah,1
D.J. Borgohain,1
"D.I.O, NIC",1
D.F.O,1
D. Roy Chowdhury,1
D. Roy Choudhury,1
D. Daurah,1
Chandana Deka,1
Chandan Deka,1
"CEO, DDMA",1
"Dilip Kr. Bothra, ACS",1
Dilip Kumar Borah,1
"Dilip Kumar Borah, ACS",1
"Dr. OM Prakash, IAS",1
Er. Rajesh Dutta,1
"Dulal Debnath, ACS",1
Dr.Sadique Ali Ahmed,1
"Dr. Y.K. Gautam, IPS",1
Dr. Sanjay O' Neill Shaw,1
"Dr. Sadnek Singh, ACS",1
"Dr. Sadique Ali Ahmed, IPS",1
Dr. S. A. Ahmed,1
Dr. Prabitra Patar,1
Dr. N.S. Borkala,1
Dilip kr Borah,1
Dr. M. K. Choudhury,1
Dr. K Kumari,1
Dr. Chirag Gupta,1
Dr. Cauvery B Sharma,1
"Dr. Binod Kumar, IPS",1
"Dr. Binod Kumar , IPS",1
Dr Karuna Kumari,1
"Dr JB Ekka, IAS",1
Dipima B malakar,1
C. R. Das,1
Borsing Rongpi,1
"Esther Kathar, Addl. Secy.",1
"Biraj Das, APTS",1
"Anasua Dutta Barua, ACS",1
Anant Lal Gyani,1
Anamika Tamuly,1
Anamika Tamuli,1
"Ambunath M.P., IAS",1
Amar Teron,1
"Alakananda Medhi, ACS",1
Alakananda Medhi,1
"Ajay Tewari, IAS",1
"Aditi Barman, ACS",1
Achitra Sonowal,1
Abidur Rahman,1
Abhoy Kr. Deka,1
Abhijit Sinha,1
Abhijit Baruah,1
Abdul Matin,1
A.M Chowdhury,1
A.D. Barua,1
A. Narzary,1
A. K Das,1
A. Baruah,1
Anasur Dutta Barua,1
Anbamuthan MP,1
Anil Ch. Deori,1
Bhaskar J Sarmah,1
Binod Kumar,1
Bikramaditya Choudhury,1
Bijoy Kr. Swarnakar,1
"Bijoy Kr. Sarma, Dy. Secy",1
Bidit Das,1
Bibha Medok,1
Bibha Medak,1
Bhaskar Phukan,1
Bhaskar Jyoti Talukdar,1
Bedanta Bora,1
Anil Kr Das,1
Barnali Sharma,1
Badan Ch. Goswami,1
B. Sharma,1
B. J. Sarmah,1
"Avinash Joshi, IAS",1
"Aswini Neog, SP (CA) Assam",1
Arup Kr. Sarma,1
"Arabinda Kalita, IPS",1
Anurag Dutta,1
Er. Saleh Ahmed Choudhury,1
F. M. Siddique,1
Priskily Lalsim,1
Manash Jyoti Das,1
Nil Ratan Sarkar,1
"Narsing Pawar, IAS",1
"Narayan Konwar, IAS",1
"Nagendra Karmakar, Dep, Secy",1
Nabajit Deori,1
N.K Debnath,1
"N. Anand, IFS",1
Mukul Barman,1
Mrinal Bora,1
"Mridul Shivhare, IAS",1
Moti Lal Sarkar,1
Monjoy Karigassa,1
Monjoy Karigapse,1
"Monita Borgohain, ACS",1
Mohammed Ahmed,1
Modhusmita Kumari,1
Mirza Md. Irshad,1
Mirza Mahammad Irshad,1
"Mayuri Cheita, Joint Secretary",1
Mauchumi Barua,1
"Manish Thakur, IAS",1
Nivedita Laskar,1
Oinam Saran Kumar,1
"Omar Sharif, Joint Secy",1
Partha P Majumdar,1
Prasanta Saikia DP(C),1
Prasanta Goswami,1
Prasanta Baruah,1
Praneshwar Narzary,1
"Pranati Majumdar, ACS",1
Pranati Majumdar,1
Prakash Gharphalia,1
Pradip Upadhyaya,1
Pradip Dutta,1
"Partha P Baruah, State Co-ordinator",1
P K Borthakur,1
Papul Sakia,1
Papul Saikia,1
"Paban Terang, ACS",1
"Paban Kumar Borthakur, IAS",1
A Z Zaman,1
P.K. Khaund,1
"P. R. Khaund, IAS",1
"P,K Khaund",1
P K Tumung,1
Manik Lal Dev,1
Manas Pratim Borgohain,1
F.M. Siddique,1
Malavika Choudhury,1
Jugal Jyoti Das,1
Jogen Baishya,1
Jeherul Islam,1
Jayanta Goswami,1
Jadav Saikia,1
Irfan Khan,1
"Indrani Laskar, Joint Secretary",1
"Indrani Laskar, ACS",1
Indrani Laskar,1
"Hiren Das, Deputy Sey PWB (B&NH)",1
"Himangshu Baruah, APS",1
Himagshu Baruah,1
Hari Charan Dami,1
"H. Talukdar, Jr Staff Officer (CD)",1
Gyanendra Tripathi,1
Gyanendra Pratap Singh,1
Gobinda Sinha,1
Ghanshyam Das,1
"GP Singh, IPS",1
G. Phukan,1
"G D Tripathi, IAS",1
Jyotimoy Kalita,1
Jyotirmay Kalita,1
Jyotirmoy Kalita,1
"L. Sweety Changsang, IAS",1
Madhumita Bhagwati,1
"Madhumita Bhagawad, ACS",1
"Madhu Sudhan Nath, ACS",1
M. Chetia,1
M N Dahal,1
M M Das,1
Leena Das,1
"Lakhimi Dutta, ACS",1
"L.S. Changsang, IAS",1
Kishor Kr. Talukdar,1
K K Kalita,1
Kirti Nath Talukdar,1
Khuman Kalita,1
"Kavyashree Mahanta, IAS",1
"Kavitha Padmanabhan, IAS",1
Karuna Kumari,1
Kapil Bayan S.E(P),1
Kamal Kalita,1
Kajal M. Das,1
K Mahanta,1
"Varshaty Das, IAS",1
